gene,rna_lfc,rna_p,prot_lhr,prot_p,gwas_score,concordant,transcriptomic,proteomic,genomic,score
LPL,0.327651034715541,0.0427254585362818,-0.8365012677171204,8.48526943291218e-168,0.9213077944743958,False,0.327651034715541,0.8365012677171204,0.9213077944743958,0.9267578125
BAIAP2,-0.4130924458884744,0.0012348740676263,0.8318772411916731,1.37561960764288e-194,0.3531730182354376,False,0.4130924458884744,0.8318772411916731,0.3531730182354376,0.92529296875
CRH,-0.876820512986848,0.0149442351679902,-0.5145731728297583,2.20134841580249e-75,0.2985696068495319,True,0.876820512986848,0.5145731728297583,0.2985696068495319,0.9117838541666665
CSF1,0.3389402732023807,0.0136328068276173,0.6599245584023783,1.4822717669285402e-117,0.594804297775683,True,0.3389402732023807,0.6599245584023783,0.594804297775683,0.9000651041666666
IL17RB,-0.4952444273665399,0.0026784354926877,-0.5777669993169522,4.34397768793983e-94,0.1741434832298161,True,0.4952444273665399,0.5777669993169522,0.1741434832298161,0.8990885416666666
IFNLR1,0.3925875435325814,0.0004579621759558,0.5160151470036647,8.35856884563618e-78,0.6202709508785592,True,0.3925875435325814,0.5160151470036647,0.6202709508785592,0.89501953125
ROBO1,-0.3321885289229342,0.0390273778492366,0.6780719051126377,9.528767587915399e-129,0.4177711733907927,False,0.3321885289229342,0.6780719051126377,0.4177711733907927,0.8907877604166666
PCDH17,-0.4170737882030053,0.014979917155449,0.4750848829487826,3.0272503157648e-65,0.511863116904241,False,0.4170737882030053,0.4750848829487826,0.511863116904241,0.8875325520833333
NPY,-0.3961114959260623,0.1799780861793666,0.5558161550616397,1.23022416639525e-85,0.3603591410984851,False,0.3961114959260623,0.5558161550616397,0.3603591410984851,0.8846028645833333
SLIT2,0.4681427727669227,0.0001640895270868,0.4005379295837288,1.9067860470023802e-47,0.65705116026054,True,0.4681427727669227,0.4005379295837288,0.65705116026054,0.88330078125
PAMR1,-0.2461123514204244,0.173797508002391,0.8399595874895318,9.885972992351859e-195,0.4245397110002666,False,0.2461123514204244,0.8399595874895318,0.4245397110002666,0.8759765624999999
MUC13,-0.3385280059260633,0.0307604158155645,0.7398481026993274,9.20158322696027e-144,0.0482412939668021,False,0.3385280059260633,0.7398481026993274,0.0482412939668021,0.8681640625
TNFRSF11A,-0.2101222395827129,0.0545707962850035,0.9107326619029126,3.9335099420193903e-212,0.4782561571961197,False,0.2101222395827129,0.9107326619029126,0.4782561571961197,0.86328125
APBB1IP,0.4047524734417314,0.0632031432542327,0.5160151470036647,4.6097546570779496e-79,0.0828428852881146,True,0.4047524734417314,0.5160151470036647,0.0828428852881146,0.8631184895833333
CTSZ,-0.339126736942978,0.0212386831048218,0.6599245584023783,6.42571417669343e-120,0.0465814221808895,False,0.339126736942978,0.6599245584023783,0.0465814221808895,0.8580729166666666
SCG3,-0.593416057131579,0.0052868943523922,-0.3400754415976217,2.50368325965473e-32,0.1562256357375074,True,0.593416057131579,0.3400754415976217,0.1562256357375074,0.8429361979166666
ST6GAL1,0.2121519548082684,0.1883250577167939,0.5558161550616397,6.373431193644221e-88,0.7545345185072867,True,0.2121519548082684,0.5558161550616397,0.7545345185072867,0.8406575520833333
DLK1,-0.5494653484755645,0.0256865202721345,0.2630344058337938,6.3706482843034005e-21,0.5758908501767842,False,0.5494653484755645,0.2630344058337938,0.5758908501767842,0.83251953125
LIFR,0.3614332105025006,0.0061814907997068,0.4646682670034442,1.27500876730372e-60,0.0471215672164852,True,0.3614332105025006,0.4646682670034442,0.0471215672164852,0.8304036458333333
AMIGO2,0.4352921284743125,3.4758656755399184e-06,0.3334237337251918,1.06691895026409e-34,0.2688891275400755,True,0.4352921284743125,0.3334237337251918,0.2688891275400755,0.8266601562499999
ROBO2,-0.6697659007192946,0.0124099835690861,0.2265085298086797,2.5528722728821502e-15,0.6512262685288069,False,0.6697659007192946,0.2265085298086797,0.6512262685288069,0.8263346354166665
HSPG2,0.3035624223615265,0.0087280937286485,0.4854268271702416,1.3582173455171402e-61,0.0395967862451844,True,0.3035624223615265,0.4854268271702416,0.0395967862451844,0.8147786458333333
LTBP3,-0.1603867578070197,0.1638413532998077,0.5945485495503542,1.11187806262101e-97,0.7377510490634703,False,0.1603867578070197,0.5945485495503542,0.7377510490634703,0.8134765625
ENAH,0.3405906038721813,8.799329672805862e-05,0.3673710656485294,2.62216499859571e-39,0.286285247192548,True,0.3405906038721813,0.3673710656485294,0.286285247192548,0.8124999999999999
LIF,0.4663917347706814,0.0029263508187833,0.3103401206121505,4.32252476668412e-29,0.0664922432687541,True,0.4663917347706814,0.3103401206121505,0.0664922432687541,0.810546875
LRRN1,0.5887009236723051,0.0037130065309424,-0.2344652536370229,5.95246788564443e-17,0.394237557348105,False,0.5887009236723051,0.2344652536370229,0.394237557348105,0.8087565104166666
NRP1,0.2973841763834599,0.0015742414686249,0.3785116232537298,2.37565909862716e-40,0.3507834393629147,True,0.2973841763834599,0.3785116232537298,0.3507834393629147,0.8064778645833333
THY1,-0.1916879412380945,0.414562557836841,0.5849625007211562,5.48774238826144e-94,0.2351258314715401,False,0.1916879412380945,0.5849625007211562,0.2351258314715401,0.8038736979166666
PDGFC,0.3687095536936144,0.0004143580124274,0.2630344058337938,1.06875181078458e-21,0.6372658194862768,True,0.3687095536936144,0.2630344058337938,0.6372658194862768,0.8022460937499999
FABP4,-0.5692309508490014,0.0297239521467858,1.1375035237499351,2.87e-322,0.0,False,0.5692309508490014,1.1375035237499351,0.0,0.7898763020833333
GALNT3,0.2874666701817006,0.0006593350705844,0.2750070474998697,3.50710390588474e-24,0.6716912511535891,True,0.2874666701817006,0.2750070474998697,0.6716912511535891,0.78173828125
CTSH,0.2330140315357152,0.1704260372839892,0.3334237337251918,8.21650444587534e-34,0.5802158223696721,True,0.2330140315357152,0.3334237337251918,0.5802158223696721,0.77783203125
VEGFA,-0.1642005209210584,0.0055957646256564,0.4541758931858021,1.03061058623466e-58,0.5315249621991242,False,0.1642005209210584,0.4541758931858021,0.5315249621991242,0.7762044270833333
CCL7,0.6177206834999991,0.036671744663191,0.7136958148433589,2.16565489615666e-144,0.0,True,0.6177206834999991,0.7136958148433589,0.0,0.7727864583333333
CEBPB,0.3307893720432293,0.0004568298069303,0.2750070474998697,2.83268249002079e-24,0.29098846532505,True,0.3307893720432293,0.2750070474998697,0.29098846532505,0.77099609375
TNFRSF10A,0.4632038753966174,0.0012891272153111,0.933572638261024,7.295483354084849e-229,0.0,True,0.4632038753966174,0.933572638261024,0.0,0.7705078125
NUCB2,-0.2627973278070179,0.005122320384656,0.3673710656485294,1.05480559225936e-38,0.0757824358807608,False,0.2627973278070179,0.3673710656485294,0.0757824358807608,0.7705078125
ERBB3,0.4177253406485004,0.0049873353307853,0.2141248053528473,9.52371670723171e-15,0.3218200062301624,True,0.4177253406485004,0.2141248053528473,0.3218200062301624,0.7698567708333333
AMBP,0.1711083747330803,0.2907687722956183,0.5558161550616397,1.59782456112376e-79,0.0510794983274348,True,0.1711083747330803,0.5558161550616397,0.0510794983274348,0.7693684895833333
EPO,0.1742962964379684,0.2519613062159846,0.4646682670034442,7.27946796588012e-63,0.218511598244764,True,0.1742962964379684,0.4646682670034442,0.218511598244764,0.7682291666666666
GHRL,-0.9065182766641602,0.0043124563226083,-0.5994620704162712,3.80184683315832e-100,0.0,True,0.9065182766641602,0.5994620704162712,0.0,0.76611328125
IL6,0.4545465464392215,0.0600525417398915,0.8318772411916731,5.16903182594302e-194,0.0,True,0.4545465464392215,0.8318772411916731,0.0,0.765625
CPM,0.3923083915488732,0.0369629870585445,1.124328135002202,0.0,0.0,True,0.3923083915488732,1.124328135002202,0.0,0.7599283854166665
NFASC,-0.3807681547099033,0.0320364004739294,1.257010618206024,0.0,0.0,False,0.3807681547099033,1.257010618206024,0.0,0.7586263020833333
IGSF3,0.377782899868416,6.470122783203307e-05,1.232660756790275,0.0,0.0,True,0.377782899868416,1.232660756790275,0.0,0.75732421875
HAVCR2,0.4745379566704244,0.0460322625194823,0.6690267655096307,1.48029414641632e-118,0.0,True,0.4745379566704244,0.6690267655096307,0.0,0.7532552083333333
LBP,0.673301196033206,0.0092171479687538,0.5655971758542251,2.37950382212588e-94,0.0,True,0.673301196033206,0.5655971758542251,0.0,0.7526041666666665
IGFBPL1,-0.4613839402374733,0.0231903286682103,0.6780719051126377,2.84824756571268e-116,0.0,False,0.4613839402374733,0.6780719051126377,0.0,0.7526041666666665
PSRC1,-0.3240182625169163,0.0212357025071255,0.2265085298086797,2.1454375747834002e-16,0.3864766018854553,False,0.3240182625169163,0.2265085298086797,0.3864766018854553,0.7521158854166666
PTPRN2,-0.4433989575733132,0.0117463610418634,-0.2175914350726267,1.43298072001737e-15,0.0380827623437114,True,0.4433989575733132,0.2175914350726267,0.0380827623437114,0.7521158854166665
CHI3L1,0.5187184634498712,0.0706844758294214,0.6040713236688608,1.6837741182517802e-95,0.0,True,0.5187184634498712,0.6040713236688608,0.0,0.7513020833333333
IL1R2,-0.5531008434423592,0.0106151190785371,0.5849625007211562,3.90768184283256e-96,0.0,False,0.5531008434423592,0.5849625007211562,0.0,0.7486979166666665
TFF1,-0.7915048277337062,0.0686010676368876,0.5260688116675876,3.77656981328508e-77,0.0,False,0.7915048277337062,0.5260688116675876,0.0,0.7478841145833333
VSIG4,0.3942431503834607,0.1232688511929792,0.7907720378619999,6.64726782473617e-156,0.0,True,0.3942431503834607,0.7907720378619999,0.0,0.7477213541666665
TGFA,0.4790399322337109,0.0090950746299418,0.6229303509201767,2.85368063334257e-110,0.0,True,0.4790399322337109,0.6229303509201767,0.0,0.7470703125
CALB2,0.5753196109185481,0.0213843516259641,0.5655971758542251,2.63704827040911e-88,0.0,True,0.5753196109185481,0.5655971758542251,0.0,0.7464192708333333
MMP12,0.657588507609022,0.0646962571434267,0.5360529002402097,8.60902014415788e-71,0.0,True,0.657588507609022,0.5360529002402097,0.0,0.7457682291666665
IDUA,-0.1127758915664172,0.2258328987605196,0.5849625007211562,7.28279088825054e-102,0.3611422593109746,False,0.1127758915664172,0.5849625007211562,0.3611422593109746,0.74560546875
SIRPA,0.3121029235764379,0.0002975266345265,0.1890338243900168,3.84585096487547e-12,0.6924963723206584,True,0.3121029235764379,0.1890338243900168,0.6924963723206584,0.7443033854166666
TFF2,-0.8714508084235577,0.0483750441120732,0.4956951626240687,1.1285899062662901e-67,0.0,False,0.8714508084235577,0.4956951626240687,0.0,0.7434895833333333
PON3,-0.3386750293314549,0.0388175364354609,-1.217591435072627,0.0,0.0,True,0.3386750293314549,1.217591435072627,0.0,0.7433268229166665
ERBB2,0.3768352816616538,0.0007790416910854,0.7990873060740036,1.50737376485685e-165,0.0,True,0.3768352816616538,0.7990873060740036,0.0,0.7421875
HSPB6,-0.5516498907412295,0.0076107247930824,0.5360529002402097,1.80403137959793e-65,0.0,False,0.5516498907412295,0.5360529002402097,0.0,0.7395833333333333
FSTL3,0.3904929253558897,0.0043216092441557,0.7136958148433589,1.16377162877434e-123,0.0,True,0.3904929253558897,0.7136958148433589,0.0,0.7392578125
TNF,0.4981418352493731,0.0285840201299332,0.5558161550616397,2.2976851083412002e-86,0.0,True,0.4981418352493731,0.5558161550616397,0.0,0.73828125
EPHB4,0.4689411158847161,1.014473349587305e-06,0.1763227726404628,5.149810555440461e-10,0.0764327524354405,True,0.4689411158847161,0.1763227726404628,0.0764327524354405,0.7376302083333333
GZMA,0.5191678647687983,0.0613133923143747,0.5160151470036647,2.76028017927013e-78,0.0,True,0.5191678647687983,0.5160151470036647,0.0,0.732421875
PRSS8,0.3162897721159172,0.0350055688836927,1.0,2.6948432464331303e-239,0.0,True,0.3162897721159172,1.0,0.0,0.7317708333333333
KLB,-0.2061610995043876,0.276022668606366,-0.2515387669959644,5.91488546355885e-20,0.5936111443155943,True,0.2061610995043876,0.2515387669959644,0.5936111443155943,0.7317708333333333
TGFBR2,0.483180180275065,2.3344435803497465e-05,0.5260688116675876,1.90633974073186e-71,0.0,True,0.483180180275065,0.5260688116675876,0.0,0.7296549479166665
IL18,0.4445815020827055,0.0647095709132524,0.5558161550616397,1.78530378012457e-85,0.0,True,0.4445815020827055,0.5558161550616397,0.0,0.7278645833333333
ANGPTL2,-0.3551224635350891,0.112986349540027,0.7136958148433589,3.79156217483433e-142,0.0,False,0.3551224635350891,0.7136958148433589,0.0,0.7272135416666665
FAS,0.3899065965394754,0.0006309845326729,0.6229303509201767,3.16528445978635e-100,0.0,True,0.3899065965394754,0.6229303509201767,0.0,0.7262369791666665
DDC,-0.6957297626723076,0.0013877836007172,-0.1046973786666932,0.0002294029160116,0.4783773807941072,True,0.6957297626723076,0.1046973786666932,0.4783773807941072,0.7259114583333333
ANPEP,0.2349254225889723,0.1760458623063485,0.2868811477881615,2.75711304703333e-24,0.0738149156986232,True,0.2349254225889723,0.2868811477881615,0.0738149156986232,0.7252604166666666
CDH17,-1.0220807789122803,0.0009874464415049,0.4222330006830478,2.83088917152821e-54,0.0,False,1.0220807789122803,0.4222330006830478,0.0,0.7244466145833333
CRIP2,-0.3800484696409807,0.0004894524271359,0.632268215499513,8.45525517520215e-105,0.0,False,0.3800484696409807,0.632268215499513,0.0,0.7239583333333333
LBR,0.1480964738408499,7.076210278259233e-05,0.4222330006830478,2.41148458954059e-54,0.0768774797764837,True,0.1480964738408499,0.4222330006830478,0.0768774797764837,0.72265625
PLAUR,0.3490089881760632,0.0027473982798691,0.6780719051126377,1.38218330514539e-125,0.0,True,0.3490089881760632,0.6780719051126377,0.0,0.72265625
GDF15,0.2762072995413529,0.0665551438140673,1.3561438102252754,0.0,0.0,True,0.2762072995413529,1.3561438102252754,0.0,0.7224934895833333
CD163,0.3212897903728047,0.1986511115274595,0.7739963251111731,1.55358912624384e-167,0.0,True,0.3212897903728047,0.7739963251111731,0.0,0.7224934895833333
CCL22,0.4358496090870929,0.1186279737795981,0.5360529002402097,1.61214516992161e-84,0.0,True,0.4358496090870929,0.5360529002402097,0.0,0.7223307291666665
DCXR,-0.3412219488477443,0.0001167944899768,0.7048719644563528,3.17319035270691e-127,0.0,False,0.3412219488477443,0.7048719644563528,0.0,0.72216796875
CDHR5,0.1158682004197988,0.0955259478973054,0.4956951626240687,3.94269878402384e-72,0.2198525141887743,True,0.1158682004197988,0.4956951626240687,0.2198525141887743,0.7215169270833333
FBP1,0.096318823865289,0.540155561051345,0.5945485495503542,2.77098473921354e-101,0.2435114688233319,True,0.096318823865289,0.5945485495503542,0.2435114688233319,0.7213541666666666
IL1RAP,0.6153175581403456,0.0001501533441328,-0.4344028241457749,2.14217521891349e-53,0.0,False,0.6153175581403456,0.4344028241457749,0.0,0.72119140625
HNMT,0.3387415940300755,0.0246744613873025,0.6959938131099002,3.14227342137832e-128,0.0,True,0.3387415940300755,0.6959938131099002,0.0,0.72021484375
SCGN,-0.8265259944636583,6.593298477950369e-05,0.0976107966264223,0.0010626917716689,0.4152942596047664,False,0.8265259944636583,0.0976107966264223,0.4152942596047664,0.7184244791666666
IGFBP4,-0.3562713431741819,0.1032031480080733,0.6507645591169023,1.8281242922843399e-99,0.0,False,0.3562713431741819,0.6507645591169023,0.0,0.7184244791666665
SMOC1,-0.3811763807061403,0.0305144836835439,0.5849625007211562,8.64046964138982e-89,0.0,False,0.3811763807061403,0.5849625007211562,0.0,0.7174479166666665
EFNA4,0.3099300501917286,0.0049143683541841,0.765534746362977,1.5890082170482401e-152,0.0,True,0.3099300501917286,0.765534746362977,0.0,0.7171223958333333
EGFL7,-0.1721103885551382,0.0790796497834704,0.3448284969974411,3.20073321911074e-34,0.0669259521242212,False,0.1721103885551382,0.3448284969974411,0.0669259521242212,0.7166341145833333
TLR3,0.4133002927080191,0.0083164485661747,0.5260688116675876,9.21684615000168e-80,0.0,True,0.4133002927080191,0.5260688116675876,0.0,0.71533203125
CXCL10,0.8241675540350881,0.0185516603559668,0.4005379295837288,5.8665379217181e-44,0.0,True,0.8241675540350881,0.4005379295837288,0.0,0.7151692708333333
APLP1,-0.4975688211334574,0.0014259019418301,-0.4540316308947075,4.81871120341453e-57,0.0,True,0.4975688211334574,0.4540316308947075,0.0,0.7151692708333333
GSTA1,0.0771892425313254,0.4435996532228385,0.9927684307689242,1.07625189848578e-268,0.0576494065183891,True,0.0771892425313254,0.9927684307689242,0.0576494065183891,0.7140299479166666
ENPP2,-0.3998345347243131,0.0275441184084032,0.5260688116675876,2.1857167841522302e-54,0.0,False,0.3998345347243131,0.5260688116675876,0.0,0.7117513020833333
CTSO,0.2703689439204204,0.0022930608734914,0.8797057662822882,2.0608419124904e-215,0.0,True,0.2703689439204204,0.8797057662822882,0.0,0.71142578125
PLAT,0.2784667204078968,0.2347115537877334,0.8237493603082727,7.11317855257218e-176,0.0,True,0.2784667204078968,0.8237493603082727,0.0,0.71142578125
HAO1,-0.2811916960689213,0.3909732266165768,0.7990873060740036,5.931376893287981e-173,0.0,False,0.2811916960689213,0.7990873060740036,0.0,0.7102864583333333
CHL1,-1.2887415063408572,3.6697549764957446e-05,-0.3770696490798233,5.6982520293917396e-42,0.0,True,1.2887415063408572,0.3770696490798233,0.0,0.7083333333333333
PSIP1,-0.1484244624404773,0.0825426008158654,0.3673710656485294,9.67511890544431e-42,0.1139902042172372,False,0.1484244624404773,0.3673710656485294,0.1139902042172372,0.7080078125
KYNU,0.2947902193258125,0.2477314790095976,0.7136958148433589,1.33929571651183e-137,0.0,True,0.2947902193258125,0.7136958148433589,0.0,0.7076822916666665
SPINK4,-0.4003933432819533,0.1004633806255093,0.4956951626240687,9.288810496873491e-68,0.0,False,0.4003933432819533,0.4956951626240687,0.0,0.7063802083333333
CNTN4,-0.3184801758208078,0.0799227087058553,0.1505596765753813,1.60282730147989e-07,0.5291175580797977,False,0.3184801758208078,0.1505596765753813,0.5291175580797977,0.7062174479166666
CD74,0.3034934951378449,0.0741652729482697,0.6690267655096307,1.02726420426159e-116,0.0,True,0.3034934951378449,0.6690267655096307,0.0,0.7054036458333333
CFC1,-0.6900337683082753,0.0063097416887452,0.3673710656485294,1.7578058440416099e-40,0.0,False,0.6900337683082753,0.3673710656485294,0.0,0.7010091145833333
MET,0.2912371453884734,0.0089628422682774,-0.6665762662748083,3.1026018578845e-124,0.0,False,0.2912371453884734,0.6665762662748083,0.0,0.6993815104166665
IGF2R,0.3031092623070197,0.0003529465103251,0.6415460290875237,3.52289140273403e-117,0.0,True,0.3031092623070197,0.6415460290875237,0.0,0.6993815104166665
LGALS9,0.24933665672431,0.1027905636428841,0.8073549220576041,4.91079000597758e-166,0.0,True,0.24933665672431,0.8073549220576041,0.0,0.69921875
RGMA,0.3142334731635321,0.0053646938594587,-0.1360615495760283,2.43529786898993e-06,0.6552497110340195,False,0.3142334731635321,0.1360615495760283,0.6552497110340195,0.6990559895833333
CXCL16,0.3775301452055117,0.0026984820574369,0.4956951626240687,4.76955359882737e-69,0.0,True,0.3775301452055117,0.4956951626240687,0.0,0.6985677083333333
SSC5D,-0.2585830657575201,0.1714778765133208,0.7398481026993274,1.5886271496665102e-151,0.0,False,0.2585830657575201,0.7398481026993274,0.0,0.6971028645833333
FCGR2A,0.504079677426688,0.0246811070217049,0.3895668117627256,8.163263619024931e-44,0.0,True,0.504079677426688,0.3895668117627256,0.0,0.6969401041666665
VSTM2L,-0.4153111429091494,0.0058151297983306,0.4436066514756148,1.0582271637929201e-60,0.0,False,0.4153111429091494,0.4436066514756148,0.0,0.69677734375
SPRY2,0.4169836344573934,0.0019138946363881,0.0840642647884745,0.0012186422893008,0.7539003762261122,True,0.4169836344573934,0.0840642647884745,0.7539003762261122,0.69677734375
FGFR2,-0.032976751296994,0.5440599720939587,0.9486008474933556,2.0068834354329899e-224,0.5752750717409456,False,0.032976751296994,0.9486008474933556,0.5752750717409456,0.6959635416666666
LAIR1,0.2823332548270656,0.1129427823774747,0.6599245584023783,2.6529618131067402e-112,0.0,True,0.2823332548270656,0.6599245584023783,0.0,0.69580078125
SEMA7A,0.3155880298527558,0.0157408577040939,0.5849625007211562,7.60941817007486e-97,0.0,True,0.3155880298527558,0.5849625007211562,0.0,0.6953125
EPHA2,0.4581993702299485,0.0021389259303693,0.4114262457264649,3.22592011415622e-43,0.0,True,0.4581993702299485,0.4114262457264649,0.0,0.6949869791666665
SCARB2,-0.0520063958897285,0.0934253289502231,0.6870606883398924,5.5727885384507594e-114,0.5145720000997401,False,0.0520063958897285,0.6870606883398924,0.5145720000997401,0.6943359375
SELE,-0.2298085547813277,0.5137333485486403,0.933572638261024,4.9358232366888295e-231,0.0,False,0.2298085547813277,0.933572638261024,0.0,0.6930338541666665
NCAM1,-0.1391741933464949,0.4198505257912409,-0.2863041851566411,3.11179861714637e-25,0.5636428192590529,True,0.1391741933464949,0.2863041851566411,0.5636428192590529,0.6925455729166666
PLTP,0.2877182080595268,0.1443738198298461,-0.6214883767462701,1.1683560543314601e-104,0.0,False,0.2877182080595268,0.6214883767462701,0.0,0.6925455729166665
FAP,-0.3681782680056358,0.1452010448534815,0.137503523749935,6.7643315261237e-07,0.2008403750648049,False,0.3681782680056358,0.137503523749935,0.2008403750648049,0.6917317708333333
MERTK,0.2530382234611528,0.0566692999349893,0.2016338611696504,1.16406092601886e-11,0.0690460378380265,True,0.2530382234611528,0.2016338611696504,0.0690460378380265,0.6910807291666666
TFF3,-0.4081348915839582,0.0429149650404029,0.4329594072761062,2.6603747349986403e-47,0.0,False,0.4081348915839582,0.4329594072761062,0.0,0.69091796875
TGFBR3,-0.1640898700413497,0.1160255263581115,-0.2515387669959644,1.61239809318482e-18,0.4026678549527098,True,0.1640898700413497,0.2515387669959644,0.4026678549527098,0.6907552083333333
TNFRSF10B,0.2180246197117803,0.0005028733492614,0.9411063109464314,9.465843446045999e-215,0.0,True,0.2180246197117803,0.9411063109464314,0.0,0.68994140625
ITGB7,0.1948366559536314,0.1792750527101636,0.2387868595871164,8.4838265660889405e-19,0.1330887944482362,True,0.1948366559536314,0.2387868595871164,0.1330887944482362,0.6891276041666666
CCL18,0.374927587385967,0.1533297901492941,0.4541758931858021,7.435290282571051e-58,0.0,True,0.374927587385967,0.4541758931858021,0.0,0.6881510416666665
TNFSF13B,-0.1063646190996232,0.5044735915130708,0.4329594072761062,2.30359316899835e-52,0.109280178142944,False,0.1063646190996232,0.4329594072761062,0.109280178142944,0.6871744791666666
RTBDN,-0.2292976133258131,0.0419601542070912,-0.2175914350726267,4.4753046719193903e-14,0.0701727392928586,True,0.2292976133258131,0.2175914350726267,0.0701727392928586,0.6866861979166666
IL1RN,0.1988480634899758,0.3103789636018706,1.1309308698264486,0.0,0.0,True,0.1988480634899758,1.1309308698264486,0.0,0.6857096354166665
PTS,-0.2108234878195478,0.0001742984353628,0.903038270112912,7.190852358669389e-221,0.0,False,0.2108234878195478,0.903038270112912,0.0,0.6853841145833333
AGRN,0.2310562854448647,0.0091835551205936,0.7484612330040356,1.50983953852824e-148,0.0,True,0.2310562854448647,0.7484612330040356,0.0,0.68310546875
CLUL1,-0.3435145577825826,0.0622797066307582,-0.4739311883324124,4.88478694464359e-63,0.0,True,0.3435145577825826,0.4739311883324124,0.0,0.68310546875
IL13RA1,0.056111599893482,0.0958773736832283,0.5260688116675876,4.0077126221187603e-85,0.6577822015627796,True,0.056111599893482,0.5260688116675876,0.6577822015627796,0.6829427083333333
NAAA,-0.2920197239492506,0.0019947534124013,-0.1844245711374274,5.19713681448203e-12,0.0391925016845504,True,0.2920197239492506,0.1844245711374274,0.0391925016845504,0.6827799479166666
OSMR,0.5144242175501237,2.3551262107698645e-07,0.3448284969974411,2.25094151601128e-33,0.0,True,0.5144242175501237,0.3448284969974411,0.0,0.6822916666666665
RARRES2,0.2289338942863406,0.1956487297880615,0.7570232465074596,4.1651511114123e-160,0.0,True,0.2289338942863406,0.7570232465074596,0.0,0.6819661458333333
GALNT10,0.0527903987218021,0.3181188219260932,0.5753123306874368,9.19469974089023e-91,0.6018042232048016,True,0.0527903987218021,0.5753123306874368,0.6018042232048016,0.6818033854166666
SDC1,0.4223044972869623,0.0031476136172815,0.3895668117627256,2.1348612142392697e-42,0.0,True,0.4223044972869623,0.3895668117627256,0.0,0.681640625
EFEMP1,0.3972540758734375,0.0012683835313485,0.4114262457264649,1.12287133156326e-41,0.0,True,0.3972540758734375,0.4114262457264649,0.0,0.681640625
KITLG,0.3396676851472495,6.294099267607246e-05,-0.4739311883324124,8.919582611259311e-68,0.0,False,0.3396676851472495,0.4739311883324124,0.0,0.6814778645833333
CD200,-0.641573777330203,0.0062967720562623,-0.3219280948873623,1.68945724419316e-30,0.0,True,0.641573777330203,0.3219280948873623,0.0,0.6813151041666665
ITGB2,0.3052367231791981,0.1132906498603912,0.5260688116675876,6.92201774780266e-76,0.0,True,0.3052367231791981,0.5260688116675876,0.0,0.68115234375
TFPI,0.2795822496854612,0.0125237119183196,0.1505596765753813,1.97849852973558e-07,0.360770522721353,True,0.2795822496854612,0.1505596765753813,0.360770522721353,0.6795247395833333
DSC2,0.3432201618546369,4.403008629974276e-06,0.4541758931858021,1.88284965362507e-55,0.0,True,0.3432201618546369,0.4541758931858021,0.0,0.677734375
RNASET2,-0.0768591881115305,0.4332865154937484,0.5360529002402097,5.82083453298279e-79,0.1356576331663961,False,0.0768591881115305,0.5360529002402097,0.1356576331663961,0.6775716145833333
TFRC,-0.0949069496616541,0.0926808628710061,0.3219280948873623,5.91512490416405e-31,0.789840843127815,False,0.0949069496616541,0.3219280948873623,0.789840843127815,0.6756184895833333
TIMP1,-0.2296280846553919,0.0620813236349554,0.6780719051126377,7.50098514542509e-122,0.0,False,0.2296280846553919,0.6780719051126377,0.0,0.6754557291666665
TIMP3,-0.1434617377819531,0.5514571181052855,0.2868811477881615,3.80333888177194e-26,0.167986361290596,False,0.1434617377819531,0.2868811477881615,0.167986361290596,0.6744791666666666
TNFRSF1B,0.2308082318220545,0.0535433988302293,0.6690267655096307,8.31350273187569e-119,0.0,True,0.2308082318220545,0.6690267655096307,0.0,0.6741536458333333
NFATC1,0.3432383464937354,0.0044819564391402,0.0976107966264223,0.000194151093727,0.5699031992860646,True,0.3432383464937354,0.0976107966264223,0.5699031992860646,0.6735026041666665
QPCT,-0.4042451907330839,0.0149294965874871,0.3785116232537298,1.08040885542001e-43,0.0,False,0.4042451907330839,0.3785116232537298,0.0,0.6731770833333333
TFPI2,0.3677598112863425,0.0685101800406367,0.4114262457264649,2.59090558353759e-46,0.0,True,0.3677598112863425,0.4114262457264649,0.0,0.6722005208333333
NCK2,0.3215087394492411,4.757294125247092e-05,0.1110313123887439,4.54424074008586e-05,0.4449587409413085,True,0.3215087394492411,0.1110313123887439,0.4449587409413085,0.6710611979166666
MAPT,-0.7222918962299447,0.0006523711862225,0.0565835283663675,0.0571628703726453,0.2370040517339542,False,0.7222918962299447,0.0565835283663675,0.2370040517339542,0.6710611979166666
KIT,0.4177958665958634,0.0572742321840473,-0.3584539709124763,5.62371631848857e-35,0.0,False,0.4177958665958634,0.3584539709124763,0.0,0.67041015625
WFDC2,0.4920634672550097,0.0324385504022552,0.3219280948873623,6.68542991648058e-25,0.0,True,0.4920634672550097,0.3219280948873623,0.0,0.6702473958333333
CHGB,-0.4570360255263157,0.0127579218713863,-0.3400754415976217,2.2228833067555697e-34,0.0,True,0.4570360255263157,0.3400754415976217,0.0,0.6702473958333333
STC1,0.1976403703195508,0.0203728468888182,0.7570232465074596,1.37599111832319e-156,0.0,True,0.1976403703195508,0.7570232465074596,0.0,0.6689453125
GAL,0.3300308309517525,0.0846298307606371,-0.4344028241457749,1.0356580100598899e-55,0.0,False,0.3300308309517525,0.4344028241457749,0.0,0.6681315104166665
CDHR2,-0.1699721388395962,0.1739664356720761,1.0840642647884746,1.2789892807408e-280,0.0,False,0.1699721388395962,1.0840642647884746,0.0,0.6669921875
CDON,-0.3626224844849623,0.0199070555495654,0.4005379295837288,2.0868608268179702e-44,0.0,False,0.3626224844849623,0.4005379295837288,0.0,0.6666666666666665
CST3,-0.2091551809586445,0.0083197963955807,0.6690267655096307,2.12342713246574e-109,0.0,False,0.2091551809586445,0.6690267655096307,0.0,0.666015625
CA12,0.6290296124003767,0.0024702242622239,0.2868811477881615,4.65001166498089e-24,0.0,True,0.6290296124003767,0.2868811477881615,0.0,0.6658528645833333
CNTN1,-0.5248620316842167,0.0225648524004859,-0.0740005814437769,0.0095531361730629,0.0646119065587709,True,0.5248620316842167,0.0740005814437769,0.0646119065587709,0.6656901041666665
GFRA1,-0.1961542438358448,0.2807075878437588,0.722466024471091,9.07992878905968e-131,0.0,False,0.1961542438358448,0.722466024471091,0.0,0.66552734375
IL7R,0.4920847598884723,0.0267277719920725,-0.3040061868900999,7.53093009468127e-27,0.0,False,0.4920847598884723,0.3040061868900999,0.0,0.6652018229166665
CNTN3,-0.1792724815670459,0.3112344010469035,0.8155754288625726,3.2952773925319e-172,0.0,False,0.1792724815670459,0.8155754288625726,0.0,0.6643880208333333
SORD,0.2037014984022587,0.009238065791307,0.6780719051126377,1.60305377736935e-125,0.0,True,0.2037014984022587,0.6780719051126377,0.0,0.6643880208333333
TP53INP1,0.3369183595426097,9.013139175816275e-09,-0.0740005814437769,0.0028245702977231,0.7397047279155605,False,0.3369183595426097,0.0740005814437769,0.7397047279155605,0.6643880208333333
SORCS2,0.1635764479185466,0.0037648770941826,0.2016338611696504,2.6385767713785e-11,0.4471223988364078,True,0.1635764479185466,0.2016338611696504,0.4471223988364078,0.6643880208333333
NRCAM,-0.2136451169962434,0.0035397245267029,0.632268215499513,5.612031969974791e-113,0.0,False,0.2136451169962434,0.632268215499513,0.0,0.662109375
PLA2G2A,0.4267073879360872,0.1676147698035215,0.3334237337251918,5.70233158174526e-32,0.0,True,0.4267073879360872,0.3334237337251918,0.0,0.6617838541666665
LDLR,0.2311386821842109,0.0418410120049877,0.5849625007211562,2.75537805035001e-99,0.0,True,0.2311386821842109,0.5849625007211562,0.0,0.6608072916666665
SEZ6L,-0.5953117048483669,0.0208455540445707,-0.2863041851566411,9.56694282594498e-23,0.0,True,0.5953117048483669,0.2863041851566411,0.0,0.6604817708333333
MVK,-0.0433377111033825,0.453190298145844,0.7907720378619999,4.38136791472013e-170,0.05429716989498,False,0.0433377111033825,0.7907720378619999,0.05429716989498,0.6603190104166666
C1QTNF1,0.171049929343984,0.2048582634306113,0.8237493603082727,2.6111186200756802e-188,0.0,True,0.171049929343984,0.8237493603082727,0.0,0.6590169270833333
QDPR,-0.3591401692004989,0.0057580209078984,0.3785116232537298,8.612545399592499e-43,0.0,False,0.3591401692004989,0.3785116232537298,0.0,0.6585286458333333
CXCL11,0.7140101978233089,0.0223355181237639,0.2630344058337938,1.31041037385944e-20,0.0,True,0.7140101978233089,0.2630344058337938,0.0,0.658203125
NOTCH1,0.1728234773947345,0.0566279960015047,0.2265085298086797,6.39458505925049e-17,0.0478159107205562,True,0.1728234773947345,0.2265085298086797,0.0478159107205562,0.6573893229166666
FURIN,0.1637624882675439,0.2085714389856079,0.9927684307689242,6.379834159527059e-265,0.0,True,0.1637624882675439,0.9927684307689242,0.0,0.6559244791666665
MAD1L1,0.0246652580507502,0.7383678551316115,0.5945485495503542,2.06616635643847e-99,0.6025999389503026,True,0.0246652580507502,0.5945485495503542,0.6025999389503026,0.6552734375
NPDC1,-0.462084720573932,0.0049226452471647,0.2986583155645151,1.84764993080686e-24,0.0,False,0.462084720573932,0.2986583155645151,0.0,0.6551106770833333
SORT1,-0.0725071805075199,0.2132380140915538,0.3673710656485294,3.60727819488823e-40,0.5979566503264113,False,0.0725071805075199,0.3673710656485294,0.5979566503264113,0.6546223958333333
TEK,-0.2567236974580211,0.2656643254935162,0.4750848829487826,1.32372207711587e-66,0.0,False,0.2567236974580211,0.4750848829487826,0.0,0.6546223958333333
BCL2L11,0.129338135380328,0.082647633092692,0.2016338611696504,1.36966095576575e-13,0.8086149679366524,True,0.129338135380328,0.2016338611696504,0.8086149679366524,0.6546223958333333
ESM1,0.0645847126748044,0.7086980415810493,-0.4739311883324124,1.1719781737003501e-63,0.2327983166488789,False,0.0645847126748044,0.4739311883324124,0.2327983166488789,0.6539713541666665
IQGAP2,0.4844311765219284,0.002586837602895,0.2868811477881615,1.27412865214396e-25,0.0,True,0.4844311765219284,0.2868811477881615,0.0,0.65380859375
PQBP1,-0.142555622105263,0.0812154551669454,0.2265085298086797,1.44123623025622e-16,0.3359188748993285,False,0.142555622105263,0.2265085298086797,0.3359188748993285,0.6534830729166666
LPCAT2,0.5430560465357148,0.0013532173277634,0.2750070474998697,1.2250092751498601e-23,0.0,True,0.5430560465357148,0.2750070474998697,0.0,0.6533203125
CCL4,0.3630914107694227,0.0141752953713057,0.3561438102252753,4.85518435450863e-37,0.0,True,0.3630914107694227,0.3561438102252753,0.0,0.6510416666666665
SKAP1,0.2811997597988709,0.1443516639378866,0.4329594072761062,7.19864076005436e-56,0.0,True,0.2811997597988709,0.4329594072761062,0.0,0.6495768229166665
CXCL5,0.466240055773806,0.1268140663702781,0.2868811477881615,3.54308145807835e-25,0.0,True,0.466240055773806,0.2868811477881615,0.0,0.6495768229166665
CXCL6,0.3809043032230566,0.0882970857311359,0.3334237337251918,1.07138014690691e-33,0.0,True,0.3809043032230566,0.3334237337251918,0.0,0.6490885416666665
TPP1,-0.1806266397456148,0.0828138784135639,0.6599245584023783,4.6466160160267796e-125,0.0,False,0.1806266397456148,0.6599245584023783,0.0,0.6482747395833333
CXCL17,0.4172207461015045,0.0252451330453372,0.2986583155645151,1.0407690637727001e-21,0.0,True,0.4172207461015045,0.2986583155645151,0.0,0.6466471354166665
PILRA,0.2125876308941094,0.1450554897247222,0.5459683691052925,4.89828284416642e-82,0.0,True,0.2125876308941094,0.5459683691052925,0.0,0.6463216145833333
S100P,0.3853758345927343,0.3855603839620953,0.3219280948873623,1.5172153980394899e-30,0.0,True,0.3853758345927343,0.3219280948873623,0.0,0.6458333333333333
DAG1,0.2514902599874737,0.0011318870367039,0.4541758931858021,2.8084595748423402e-61,0.0,True,0.2514902599874737,0.4541758931858021,0.0,0.6451822916666665
MMP9,0.25716260070927,0.3649599657803399,0.4436066514756148,7.09272993069878e-58,0.0,True,0.25716260070927,0.4436066514756148,0.0,0.64501953125
C2,0.1583549678527589,0.290155881138352,0.8155754288625726,5.357553661995169e-184,0.0,True,0.1583549678527589,0.8155754288625726,0.0,0.6448567708333333
LGALS4,0.143949830595238,0.378959929496302,1.0496307677246004,7.418210622605379e-288,0.0,True,0.143949830595238,1.0496307677246004,0.0,0.6442057291666665
DSG2,0.280462965513788,0.0001274873285431,-0.4150374992788438,3.63021841096076e-50,0.0,False,0.280462965513788,0.4150374992788438,0.0,0.6437174479166665
REG4,0.2777155445375934,0.367458591224567,0.4222330006830478,1.23280043284853e-47,0.0,True,0.2777155445375934,0.4222330006830478,0.0,0.6433919270833333
TGFB1,-0.0504729624780742,0.6774346986821181,0.5058909297299573,1.03536638261862e-74,0.2263349368196535,False,0.0504729624780742,0.5058909297299573,0.2263349368196535,0.6412760416666666
AGR3,-0.1864220178577689,0.5204287737300414,0.5849625007211562,2.35563770718805e-100,0.0,False,0.1864220178577689,0.5849625007211562,0.0,0.6389973958333333
IL1R1,0.4434815968659187,2.6002922958495025e-08,0.2750070474998697,1.8768278585077599e-22,0.0,True,0.4434815968659187,0.2750070474998697,0.0,0.6389973958333333
RASSF2,0.3645112383978723,0.0064319452944481,0.3103401206121505,2.75181111194168e-30,0.0,True,0.3645112383978723,0.3103401206121505,0.0,0.63623046875
DNER,-0.5743983931372156,0.0023391276954862,-0.2344652536370229,1.27959574504947e-17,0.0,True,0.5743983931372156,0.2344652536370229,0.0,0.6360677083333333
SPINT1,0.2592613194360904,0.0066620633418099,0.4114262457264649,1.33523361138769e-50,0.0,True,0.2592613194360904,0.4114262457264649,0.0,0.6350911458333333
CCL21,0.1718716285325818,0.2818651612820478,0.5945485495503542,1.19632945904668e-100,0.0,True,0.1718716285325818,0.5945485495503542,0.0,0.63330078125
VCAM1,0.3715678530576429,0.0071635280322772,0.2986583155645151,1.3073981633777601e-25,0.0,True,0.3715678530576429,0.2986583155645151,0.0,0.6329752604166665
DPT,-0.179412497802005,0.3767889664011055,0.5753123306874368,4.94684281614504e-81,0.0,False,0.179412497802005,0.5753123306874368,0.0,0.6328125
ITGAM,0.3707286040075219,0.072480773294382,0.2986583155645151,5.51160029066796e-26,0.0,True,0.3707286040075219,0.2986583155645151,0.0,0.6326497395833333
CST6,0.1298330608796991,0.213504349698703,-0.2515387669959644,4.10500451544112e-19,0.0440352583925585,False,0.1298330608796991,0.2515387669959644,0.0440352583925585,0.6318359375
PTPRM,0.0530769222994962,0.3735131299412383,0.4005379295837288,5.868485881489741e-47,0.4524894198062902,True,0.0530769222994962,0.4005379295837288,0.4524894198062902,0.6306966145833333
PAG1,0.1915833910845865,0.0707669504623074,0.5260688116675876,6.816039532319449e-83,0.0,True,0.1915833910845865,0.5260688116675876,0.0,0.6300455729166665
CRELD2,-0.3204699507894695,0.0002534792909945,0.3334237337251918,1.7648466996768701e-32,0.0,False,0.3204699507894695,0.3334237337251918,0.0,0.6295572916666666
COMT,0.1434906669429789,0.0476386870559179,0.1634987322828795,1.8238918847705101e-09,0.5845886137114166,True,0.1434906669429789,0.1634987322828795,0.5845886137114166,0.62939453125
CRTAC1,-0.3924631677468682,0.0107222131387008,-0.2863041851566411,2.23608440819378e-24,0.0,True,0.3924631677468682,0.2863041851566411,0.0,0.6292317708333333
CDCP1,0.1378977044918592,0.1790730138951605,0.8237493603082727,2.82423267199748e-166,0.0,True,0.1378977044918592,0.8237493603082727,0.0,0.6290690104166666
IL22RA1,0.3605616903834585,0.1259390247881871,0.0840642647884745,0.0020422857342169,0.0421757561824598,True,0.3605616903834585,0.0840642647884745,0.0421757561824598,0.6287434895833333
IFNGR2,0.1674013445557616,0.0329533588477109,0.5945485495503542,2.89124031719097e-102,0.0,True,0.1674013445557616,0.5945485495503542,0.0,0.6287434895833333
SMPD1,-0.2964639216140377,0.0002721327451981,0.3561438102252753,2.08942525329906e-37,0.0,False,0.2964639216140377,0.3561438102252753,0.0,0.6282552083333333
MMP7,0.1649634662781931,0.0496327835892475,0.5945485495503542,1.31877115335059e-94,0.0,True,0.1649634662781931,0.5945485495503542,0.0,0.6261393229166666
GCNT1,-0.3547817854279413,0.0213148911578838,0.2986583155645151,8.34385229689534e-27,0.0,False,0.3547817854279413,0.2986583155645151,0.0,0.6258138020833333
ARSB,0.2867559704906028,0.0056886695272495,0.3561438102252753,7.25626891084338e-38,0.0,True,0.2867559704906028,0.3561438102252753,0.0,0.6253255208333333
ANGPTL4,-0.0094422444454913,0.9684658510700916,0.5260688116675876,1.3206869019557898e-77,0.7671524106592552,False,0.0094422444454913,0.5260688116675876,0.7671524106592552,0.6246744791666666
FAM3B,0.1530124625877231,0.1441329581862526,0.1890338243900168,6.9809437867731495e-12,0.0855253996742798,True,0.1530124625877231,0.1890338243900168,0.0855253996742798,0.6241861979166666
ITGA11,-0.0267945261560154,0.5740472772477474,-0.4739311883324124,3.91165622251356e-63,0.4712475956396822,True,0.0267945261560154,0.4739311883324124,0.4712475956396822,0.6233723958333333
OLR1,0.3225519717556393,0.1434157135430482,0.3103401206121505,1.33532999790532e-28,0.0,True,0.3225519717556393,0.3103401206121505,0.0,0.6228841145833333
NCF2,0.4818350550062664,0.0014211593695431,0.2265085298086797,4.43972463043329e-17,0.0,True,0.4818350550062664,0.2265085298086797,0.0,0.6223958333333333
COL18A1,0.2045687443446127,0.1093440666729175,0.4541758931858021,4.20286330465518e-53,0.0,True,0.2045687443446127,0.4541758931858021,0.0,0.6220703125
ULBP2,0.2342943021998742,0.2914367461098171,0.4114262457264649,1.0309836197454001e-48,0.0,True,0.2342943021998742,0.4114262457264649,0.0,0.6217447916666666
DPP6,-0.6119401857562643,0.003440180448934,0.2016338611696504,1.63241412503001e-12,0.0,False,0.6119401857562643,0.2016338611696504,0.0,0.62060546875
ICAM2,-0.2521785576190476,0.1270555022256462,0.1243281350022017,4.71277353832224e-06,0.0316136250761426,False,0.2521785576190476,0.1243281350022017,0.0316136250761426,0.6204427083333333
SERPINE1,0.2131279278508806,0.0705459758789418,0.4329594072761062,2.2811408947619297e-56,0.0,True,0.2131279278508806,0.4329594072761062,0.0,0.6202799479166666
CX3CL1,0.6722920746578964,0.0011345676665759,-0.2009126939259964,8.39159381342833e-13,0.0,False,0.6722920746578964,0.2009126939259964,0.0,0.6193033854166666
CXADR,0.3897054130645419,0.0002447742217024,0.2630344058337938,1.46715640885233e-21,0.0,True,0.3897054130645419,0.2630344058337938,0.0,0.619140625
GPNMB,-0.0631058633609029,0.7322434999274257,0.3334237337251918,3.69843402949696e-32,0.4303416304320233,False,0.0631058633609029,0.3334237337251918,0.4303416304320233,0.6189778645833333
CD99L2,-0.36686047576943,0.0020130443628237,0.2750070474998697,1.55741766642927e-22,0.0,False,0.36686047576943,0.2750070474998697,0.0,0.6181640625
ODAM,0.4380917950031353,0.1526121106524674,-0.2344652536370229,4.2772448792772694e-18,0.0,False,0.4380917950031353,0.2344652536370229,0.0,0.6175130208333333
GGH,0.1329563128439819,0.1747628137789632,0.7484612330040356,4.42389282663907e-163,0.0,True,0.1329563128439819,0.7484612330040356,0.0,0.6170247395833333
CALCA,0.1400663852462393,0.4111290603780316,0.6690267655096307,6.07292324605067e-91,0.0,True,0.1400663852462393,0.6690267655096307,0.0,0.6162109375
FUCA1,-0.2430924109335812,0.0120146653019854,0.3785116232537298,1.72023468130052e-43,0.0,False,0.2430924109335812,0.3785116232537298,0.0,0.6162109375
FABP5,-0.1932128681190459,0.1855132453732029,0.4541758931858021,1.0240460783500401e-61,0.0,False,0.1932128681190459,0.4541758931858021,0.0,0.6155598958333333
CXCL9,0.6734331661842106,0.0684619592192708,0.1890338243900168,1.1700406929901802e-09,0.0,True,0.6734331661842106,0.1890338243900168,0.0,0.6155598958333333
EPHX2,-0.5126916318132828,0.0027892456761399,0.2016338611696504,3.41343133240939e-14,0.0,False,0.5126916318132828,0.2016338611696504,0.0,0.6131184895833333
B4GALT1,0.2372286771303269,0.0004719124476092,0.3785116232537298,6.15827980959507e-42,0.0,True,0.2372286771303269,0.3785116232537298,0.0,0.6129557291666666
LRIG1,0.07630030236216,0.2022740093628713,0.2750070474998697,4.07806952397266e-24,0.446832877197483,True,0.07630030236216,0.2750070474998697,0.446832877197483,0.6121419270833333
PTPRF,0.2463475840100297,9.480981656381436e-05,-0.3584539709124763,9.34662397518372e-35,0.0,False,0.2463475840100297,0.3584539709124763,0.0,0.6121419270833333
PAM,-0.2117345490288187,0.0330609126626882,0.070389327891398,0.0071629349466249,0.8617432093484569,False,0.2117345490288187,0.070389327891398,0.8617432093484569,0.6121419270833333
ITGA5,0.1162615878439812,0.1863632237404526,0.8953026213333067,1.89525658568268e-214,0.0,True,0.1162615878439812,0.8953026213333067,0.0,0.6114908854166666
FGF2,0.3568773671033831,0.0172628698172038,0.070389327891398,0.0084867013774421,0.0339761773618497,True,0.3568773671033831,0.070389327891398,0.0339761773618497,0.6111653645833333
CLSTN2,-0.2689072710438571,0.354021330906812,0.3334237337251918,7.24430999622431e-32,0.0,False,0.2689072710438571,0.3334237337251918,0.0,0.6110026041666666
HSD11B1,0.1186001931710514,0.6213010147449737,-0.8109661756099832,9.82580033335716e-182,0.0,False,0.1186001931710514,0.8109661756099832,0.0,0.6105143229166665
SEMA3F,-0.013828932260651,0.9261756467051672,0.5558161550616397,8.79556628680099e-84,0.315713404000127,False,0.013828932260651,0.5558161550616397,0.315713404000127,0.6101888020833333
TNFAIP8,0.3215403157832099,0.0033222418234671,0.0426443374084937,0.136886591705807,0.4158396038683233,True,0.3215403157832099,0.0426443374084937,0.4158396038683233,0.609375
NBN,0.2844065132330904,0.0002001875544784,0.3103401206121505,1.09692287464065e-28,0.0,True,0.2844065132330904,0.3103401206121505,0.0,0.60888671875
PLXNB2,-0.1076416511660411,0.1346319847729868,1.0840642647884746,6.18969997392734e-297,0.0,False,0.1076416511660411,1.0840642647884746,0.0,0.607421875
CXCL8,0.2462570346177877,0.0228922850757568,0.3448284969974411,6.648600171929779e-36,0.0,True,0.2462570346177877,0.3448284969974411,0.0,0.6070963541666666
ASGR1,-0.1094515359824557,0.1862782084413857,1.0071955014042038,5.81199620874994e-272,0.0,False,0.1094515359824557,1.0071955014042038,0.0,0.60693359375
IL20RA,-0.4550038473790687,0.0014690710927536,0.0,0.938247721651021,0.202792613958275,False,0.4550038473790687,0.0,0.202792613958275,0.6067708333333333
PKLR,-0.2515261601547625,0.0462980552346498,0.0840642647884745,0.0015962788816145,0.1960270790758558,False,0.2515261601547625,0.0840642647884745,0.1960270790758558,0.6066080729166666
ICAM1,0.1189878833283195,0.369572212339019,0.765534746362977,4.78874159160763e-161,0.0,True,0.1189878833283195,0.765534746362977,0.0,0.6064453125
SRP14,-0.057964677556388,0.0051449320580865,0.4114262457264649,1.82409815947336e-50,0.0368672153450925,False,0.057964677556388,0.4114262457264649,0.0368672153450925,0.60595703125
LILRB2,0.2335069403295762,0.0532311280014482,0.3673710656485294,6.4800372164093495e-40,0.0,True,0.2335069403295762,0.3673710656485294,0.0,0.60595703125
ST3GAL1,0.2671151256522552,0.0054475461384585,-0.3219280948873623,3.30792823806807e-30,0.0,False,0.2671151256522552,0.3219280948873623,0.0,0.6057942708333333
ALDH1A1,-0.1223346104511264,0.0129818532363203,0.7136958148433589,2.50553990502762e-138,0.0,False,0.1223346104511264,0.7136958148433589,0.0,0.6044921875
PODXL,0.1942421275250581,0.016710705685713,-0.1046973786666932,0.0003357869158765,0.3985817951164487,False,0.1942421275250581,0.1046973786666932,0.3985817951164487,0.6044921875
IL1B,0.6678709112969976,0.0112725933046925,0.1763227726404628,1.71862442253215e-10,0.0,True,0.6678709112969976,0.1763227726404628,0.0,0.6036783854166666
PROC,-0.4197064416253129,0.0002006132497017,0.2141248053528473,3.3248294373205804e-15,0.0,False,0.4197064416253129,0.2141248053528473,0.0,0.6036783854166665
LRP11,-0.1659642860902206,0.0166579075246141,0.4750848829487826,4.57545151315099e-63,0.0,False,0.1659642860902206,0.4750848829487826,0.0,0.603515625
MEGF9,-0.202155450494363,0.0004946657767057,0.4005379295837288,6.7495641743882806e-46,0.0,False,0.202155450494363,0.4005379295837288,0.0,0.6031901041666666
SKAP2,0.1693480443621542,0.129717114152829,0.1505596765753813,4.42693501128136e-08,0.0598045943655412,True,0.1693480443621542,0.1505596765753813,0.0598045943655412,0.60302734375
CD14,-0.4523557740545154,0.0028008883999035,0.2016338611696504,9.43164944254313e-13,0.0,False,0.4523557740545154,0.2016338611696504,0.0,0.6023763020833333
RBP5,-0.1067197326209283,0.1066239386448456,0.9781956296816516,2.32271071691372e-254,0.0,False,0.1067197326209283,0.9781956296816516,0.0,0.6023763020833333
IL18BP,0.1802342718370901,0.2390399092829628,0.4329594072761062,5.1062950339455895e-49,0.0,True,0.1802342718370901,0.4329594072761062,0.0,0.6017252604166666
PADI2,0.4162033363452373,0.0685868404879478,0.2141248053528473,2.57808302307242e-14,0.0,True,0.4162033363452373,0.2141248053528473,0.0,0.6017252604166665
BST2,-0.1244954980451131,0.3545295338419972,0.6690267655096307,1.3580159576142099e-123,0.0,False,0.1244954980451131,0.6690267655096307,0.0,0.6015625
TSPAN1,-0.5969664387587681,0.0002355160459952,0.1763227726404628,3.02291211616506e-09,0.0,False,0.5969664387587681,0.1763227726404628,0.0,0.6007486979166666
RELT,-0.163984148575814,0.0376883767660783,0.4750848829487826,2.3895313510534702e-54,0.0,False,0.163984148575814,0.4750848829487826,0.0,0.6005859375
IL12RB1,0.1783039290645343,0.4672659842006732,0.4329594072761062,3.4584737518708103e-54,0.0,True,0.1783039290645343,0.4329594072761062,0.0,0.6004231770833333
CLMP,0.1814836820012546,0.3041518417438668,0.4222330006830478,4.98064263002639e-46,0.0,True,0.1814836820012546,0.4222330006830478,0.0,0.60009765625
CTSB,-0.0194387040977463,0.6988094735166999,-0.4739311883324124,1.00407286058988e-64,0.3075028169480839,True,0.0194387040977463,0.4739311883324124,0.3075028169480839,0.599609375
SHMT1,0.2562931744962444,0.02482118701918,0.3103401206121505,3.86558416032821e-30,0.0,True,0.2562931744962444,0.3103401206121505,0.0,0.59814453125
TNFRSF1A,0.1093658343358416,0.0139899461627094,0.8073549220576041,1.04894002441255e-162,0.0,True,0.1093658343358416,0.8073549220576041,0.0,0.5979817708333333
CXCL12,0.649863761611531,0.0300435373006392,-0.1681227588083269,5.02199218214435e-10,0.0,False,0.649863761611531,0.1681227588083269,0.0,0.59716796875
L1CAM,-0.735260244020675,0.0067148414795865,0.1634987322828795,3.0277851824945e-09,0.0,False,0.735260244020675,0.1634987322828795,0.0,0.5970052083333333
MCAM,0.311772294550753,0.0068981813168214,-0.2688167584278,3.09344431249342e-20,0.0,False,0.311772294550753,0.2688167584278,0.0,0.5968424479166666
STK11,0.1075272549561372,0.0637941555094352,0.2016338611696504,6.69299834154537e-13,0.2110873643356958,True,0.1075272549561372,0.2016338611696504,0.2110873643356958,0.5963541666666666
EFNA1,0.190729203200501,0.0704620718628378,0.4005379295837288,2.68037297826082e-44,0.0,True,0.190729203200501,0.4005379295837288,0.0,0.595703125
SIGLEC10,0.1343234733433567,0.2830820184838292,0.5849625007211562,2.1760889502700302e-98,0.0,True,0.1343234733433567,0.5849625007211562,0.0,0.595703125
CAMKK1,-0.5290823086854628,9.29937870720689e-06,0.1763227726404628,3.14810351905218e-10,0.0,False,0.5290823086854628,0.1763227726404628,0.0,0.5955403645833333
DPP7,-0.248178607404764,0.0176275184004373,0.3103401206121505,1.01939588421472e-29,0.0,False,0.248178607404764,0.3103401206121505,0.0,0.5948893229166666
IL16,0.1598126054599005,0.0611946030130237,0.4646682670034442,6.520410049492301e-62,0.0,True,0.1598126054599005,0.4646682670034442,0.0,0.5939127604166665
EGLN1,0.1281435326629054,0.002462878847289,0.5945485495503542,1.9380706744136298e-103,0.0,True,0.1281435326629054,0.5945485495503542,0.0,0.5935872395833333
HYAL1,-0.1698490893446145,0.2968693894391512,0.4329594072761062,1.01773672527631e-53,0.0,False,0.1698490893446145,0.4329594072761062,0.0,0.5935872395833333
AIFM1,-0.1647895919179163,0.0017469470686399,0.4436066514756148,1.00380460606901e-59,0.0,False,0.1647895919179163,0.4436066514756148,0.0,0.59228515625
KRT18,0.0950316387155361,0.3445092874271949,1.0496307677246004,3.33752837158722e-281,0.0,True,0.0950316387155361,1.0496307677246004,0.0,0.5921223958333333
SLAMF8,0.1491312027531321,0.4466907778534885,0.4854268271702416,9.71435141794412e-68,0.0,True,0.1491312027531321,0.4854268271702416,0.0,0.5919596354166666
IFNGR1,0.2565984278132784,0.0008097962942777,0.0565835283663675,0.0550355281184668,0.3173968498091934,True,0.2565984278132784,0.0565835283663675,0.3173968498091934,0.59130859375
GAS6,0.2356278256572697,0.0424863788474149,0.3219280948873623,1.14053659015093e-29,0.0,True,0.2356278256572697,0.3219280948873623,0.0,0.5908203125
DCBLD2,0.3011636027255697,0.0004499412880087,0.2630344058337938,2.71539022016944e-20,0.0,True,0.3011636027255697,0.2630344058337938,0.0,0.5904947916666665
TANK,0.1167394738057616,0.0455944369666384,0.1505596765753813,2.14150120851786e-08,0.5550813400883258,True,0.1167394738057616,0.1505596765753813,0.5550813400883258,0.59033203125
DDX58,0.5766781419649121,0.0274893156976588,0.1634987322828795,5.82716051493512e-09,0.0,True,0.5766781419649121,0.1634987322828795,0.0,0.5895182291666666
CKAP4,0.1657365717167955,1.04306667339463e-06,0.4329594072761062,7.48408441217559e-52,0.0,True,0.1657365717167955,0.4329594072761062,0.0,0.58935546875
TCN2,-0.1616691795382188,0.1899287961428613,0.4436066514756148,2.5003909850778598e-57,0.0,False,0.1616691795382188,0.4436066514756148,0.0,0.58935546875
CCL8,0.8323613403521293,0.0045660069686547,0.1505596765753813,4.82434982653772e-08,0.0,True,0.8323613403521293,0.1505596765753813,0.0,0.5885416666666666
NAMPT,0.2089015105263119,0.0130773999590101,0.3448284969974411,2.67501413905466e-37,0.0,True,0.2089015105263119,0.3448284969974411,0.0,0.5882161458333333
FGFBP1,0.1088013828421079,0.722095842197596,-0.7131188522118385,1.5384393030814e-135,0.0,False,0.1088013828421079,0.7131188522118385,0.0,0.58740234375
VPS53,-0.1062070907030072,0.0962497673081725,0.1634987322828795,6.96192493332259e-09,0.5586485508567657,False,0.1062070907030072,0.1634987322828795,0.5586485508567657,0.58740234375
IL18R1,0.0873191378327078,0.5441697702854966,1.1505596765753814,0.0,0.0,True,0.0873191378327078,1.1505596765753814,0.0,0.5857747395833333
BOC,-0.3135654691303298,0.0272068715516012,0.0,0.815234169355808,0.4609784913906616,False,0.3135654691303298,0.0,0.4609784913906616,0.5836588541666666
CTSD,0.0886022533038826,0.4545138118136577,1.0285691521967708,3.27794691051524e-285,0.0,True,0.0886022533038826,1.0285691521967708,0.0,0.5836588541666665
EGFR,0.4759179893233067,0.000260082654383,-0.1681227588083269,2.9850775528376504e-09,0.0,False,0.4759179893233067,0.1681227588083269,0.0,0.58251953125
LGALS1,-0.1248070127875884,0.5502879828932264,0.5558161550616397,1.80190106688054e-84,0.0,False,0.1248070127875884,0.5558161550616397,0.0,0.58203125
STK24,0.1347821533834654,5.307175066413259e-05,0.1110313123887439,2.26171522640912e-05,0.6260967766809393,True,0.1347821533834654,0.1110313123887439,0.6260967766809393,0.5818684895833333
IL15,0.3525599618796988,0.0054818024618292,0.2141248053528473,1.20379903403031e-15,0.0,True,0.3525599618796988,0.2141248053528473,0.0,0.58154296875
PXN,0.1645539185043851,0.0174903219275659,0.4114262457264649,4.59297774097306e-49,0.0,True,0.1645539185043851,0.4114262457264649,0.0,0.5813802083333333
METAP2,0.090543538962402,0.2275587016870892,0.2016338611696504,6.46693833218624e-14,0.2655474777216943,True,0.090543538962402,0.2016338611696504,0.2655474777216943,0.5804036458333333
CLEC7A,0.2331643020288218,0.3079965809063233,0.2986583155645151,1.9511127080434002e-26,0.0,True,0.2331643020288218,0.2986583155645151,0.0,0.5802408854166666
SIRT2,-0.1342689190939863,0.0098271617929954,0.1505596765753813,6.05899588664462e-08,0.1632138742744884,False,0.1342689190939863,0.1505596765753813,0.1632138742744884,0.5802408854166666
ADA,0.040211434235589,0.7984406344081563,0.2986583155645151,1.9062248683600398e-26,0.5011038143771628,True,0.040211434235589,0.2986583155645151,0.5011038143771628,0.580078125
SMAD1,0.2985653033214301,1.805884439777003e-05,0.2387868595871164,1.09093538141325e-17,0.0,True,0.2985653033214301,0.2387868595871164,0.0,0.5799153645833333
SEZ6L2,-0.4128608691347111,0.0044305870658672,-0.1844245711374274,6.75666918328409e-09,0.0,True,0.4128608691347111,0.1844245711374274,0.0,0.5794270833333333
LAMP3,0.2968172893865919,0.0707442352393809,0.2387868595871164,1.09718530070887e-16,0.0,True,0.2968172893865919,0.2387868595871164,0.0,0.5792643229166665
GPKOW,-0.1518758307136565,0.0463349397474234,0.4329594072761062,2.7367772710093497e-56,0.0,False,0.1518758307136565,0.4329594072761062,0.0,0.57861328125
ENTPD5,0.3035931715676732,0.001914074285945,-0.2344652536370229,1.0449977197082201e-17,0.0,False,0.3035931715676732,0.2344652536370229,0.0,0.578125
PIGR,0.0942524606140349,0.6366056539807324,0.7824085649273732,8.29328302870922e-170,0.0,True,0.0942524606140349,0.7824085649273732,0.0,0.5779622395833333
PPP3R1,0.3578433549379713,3.5543289485233956e-05,0.2016338611696504,1.7297839532942799e-12,0.0,True,0.3578433549379713,0.2016338611696504,0.0,0.5773111979166666
S100A11,0.1640754565162936,0.0037675671609709,0.4005379295837288,4.24464526297169e-46,0.0,True,0.1640754565162936,0.4005379295837288,0.0,0.5768229166666666
DNMBP,0.2789145457781927,0.0071165703766571,0.2509615735332187,2.75717663993968e-20,0.0,True,0.2789145457781927,0.2509615735332187,0.0,0.5758463541666666
SLC39A5,0.0649972345050162,0.5812636828835424,0.2868811477881615,3.53755169913901e-23,0.0577860953142163,True,0.0649972345050162,0.2868811477881615,0.0577860953142163,0.5751953125
CBLN4,0.0203407751860904,0.9178853396455496,0.3334237337251918,2.52963563099452e-34,0.5970960209839702,True,0.0203407751860904,0.3334237337251918,0.5970960209839702,0.5750325520833333
CCL26,-0.5245867654404801,0.0629799990677635,0.1505596765753813,3.8747132765594e-08,0.0,False,0.5245867654404801,0.1505596765753813,0.0,0.5748697916666666
GCG,-0.1180167424749409,0.0838363859363875,0.5558161550616397,1.1326935472664801e-87,0.0,False,0.1180167424749409,0.5558161550616397,0.0,0.5748697916666665
EPHA1,0.1367217901203039,0.0928283745196026,0.4646682670034442,1.8811625435949003e-55,0.0,True,0.1367217901203039,0.4646682670034442,0.0,0.5743815104166665
SUMF2,0.1669735121303226,0.2057212456382348,0.3785116232537298,2.57858626649451e-43,0.0,True,0.1669735121303226,0.3785116232537298,0.0,0.57421875
CPE,-0.2068454053822037,0.0189231342332758,-0.3040061868900999,1.16480218472229e-28,0.0,True,0.2068454053822037,0.3040061868900999,0.0,0.57275390625
ISM1,-0.1626345237963695,0.5009297780104272,0.3895668117627256,1.0988718910642598e-42,0.0,False,0.1626345237963695,0.3895668117627256,0.0,0.5719401041666666
CRIM1,0.2397067378132877,0.0024822507648353,0.2750070474998697,1.27082917912147e-21,0.0,True,0.2397067378132877,0.2750070474998697,0.0,0.5719401041666666
AGR2,-0.2373467690200534,0.4398396910340382,0.2750070474998697,3.3018004176348496e-22,0.0,False,0.2373467690200534,0.2750070474998697,0.0,0.5703125
NOTCH3,0.2515339319110268,0.1924333536848718,-0.2515387669959644,1.96013082043266e-18,0.0,False,0.2515339319110268,0.2515387669959644,0.0,0.5691731770833333
LY96,0.1290369234624115,0.4019209849561969,0.4646682670034442,3.47583644046608e-62,0.0,True,0.1290369234624115,0.4646682670034442,0.0,0.5672200520833333
ACE2,-0.0755811177926046,0.6901719442917628,1.0285691521967708,3.4154018989902404e-259,0.0,False,0.0755811177926046,1.0285691521967708,0.0,0.5670572916666665
APEX1,0.1594092382205474,0.0048399556217714,0.3785116232537298,4.0596102557216895e-42,0.0,True,0.1594092382205474,0.3785116232537298,0.0,0.5654296875
ALCAM,-0.1262140278195449,0.0346251372564608,0.4646682670034442,4.21389256705051e-56,0.0,False,0.1262140278195449,0.4646682670034442,0.0,0.56494140625
PPY,-0.6592662167406029,0.0048999337226673,0.1243281350022017,2.17524103742853e-05,0.0,False,0.6592662167406029,0.1243281350022017,0.0,0.5642903645833333
CD274,0.1664295920964917,0.2950694481163717,0.3561438102252753,4.56100937647329e-36,0.0,True,0.1664295920964917,0.3561438102252753,0.0,0.5641276041666666
FLT3,0.5570991963251863,0.0009288930651702,-0.1360615495760283,3.90579031804415e-07,0.0,False,0.5570991963251863,0.1360615495760283,0.0,0.5638020833333333
F7,-0.1187843639943624,0.0795444953529815,0.4854268271702416,1.80736785557587e-66,0.0,False,0.1187843639943624,0.4854268271702416,0.0,0.5633138020833333
KIRREL2,-0.2640941557587695,0.0041025979496212,-0.2344652536370229,5.0093466208819594e-18,0.0,True,0.2640941557587695,0.2344652536370229,0.0,0.5631510416666666
PCSK9,-0.0986058313690474,0.1744039932049321,0.6040713236688608,2.3384868103579998e-104,0.0,False,0.0986058313690474,0.6040713236688608,0.0,0.5628255208333333
SLAMF7,0.1942940132293227,0.1967821791187663,0.2986583155645151,3.07238461796694e-28,0.0,True,0.1942940132293227,0.2986583155645151,0.0,0.5616861979166666
SCG2,-0.4844868084022593,0.0035939199601352,0.137503523749935,2.71901939838612e-07,0.0,False,0.4844868084022593,0.137503523749935,0.0,0.5613606770833333
SH2B3,0.1592393284035065,0.0500919913120417,0.0565835283663675,0.0556994912645352,0.767031767017982,True,0.1592393284035065,0.0565835283663675,0.767031767017982,0.56005859375
CRLF1,-0.1133570185814543,0.3069536290786744,0.4956951626240687,2.64867433355177e-66,0.0,False,0.1133570185814543,0.4956951626240687,0.0,0.5598958333333333
LAMP2,-0.0980579541729405,0.2144373966724275,0.5945485495503542,1.09111740299115e-101,0.0,False,0.0980579541729405,0.5945485495503542,0.0,0.5597330729166666
CDH2,0.0687784949899743,0.511290038155273,1.0976107966264224,3.0067649337783002e-297,0.0,True,0.0687784949899743,1.0976107966264224,0.0,0.5594075520833333
BACH1,0.4319222332117771,0.0001298227314782,0.1505596765753813,1.71962474674065e-08,0.0,True,0.4319222332117771,0.1505596765753813,0.0,0.55859375
PDGFRA,0.2628443938057625,0.1842192156301631,0.2265085298086797,1.5827279070361902e-15,0.0,True,0.2628443938057625,0.2265085298086797,0.0,0.5582682291666666
ACVRL1,-0.1293898387017558,0.4325557149553286,0.4329594072761062,3.9792013101375104e-47,0.0,False,0.1293898387017558,0.4329594072761062,0.0,0.55810546875
PAPPA,0.1744437317299496,0.3160060484319558,-0.0588936890535685,0.0676114675888207,0.3424241271013205,False,0.1744437317299496,0.0588936890535685,0.3424241271013205,0.5569661458333333
CD109,0.1425921916403529,0.5227173334605678,0.3895668117627256,1.02353851905868e-43,0.0,True,0.1425921916403529,0.3895668117627256,0.0,0.556640625
ADAMTS13,-0.1849255025432352,0.020350777130345,0.2986583155645151,9.06212957812088e-27,0.0,False,0.1849255025432352,0.2986583155645151,0.0,0.5564778645833333
WWP2,0.0831027006547593,0.2465930670691706,0.2141248053528473,1.891278515642e-14,0.0360342518063208,True,0.0831027006547593,0.2141248053528473,0.0360342518063208,0.5556640625
ABL1,0.2065665222725599,9.467428693317516e-05,0.2750070474998697,2.4046750336350702e-23,0.0,True,0.2065665222725599,0.2750070474998697,0.0,0.5556640625
EZR,0.0982626843295779,0.0322756487617655,0.5753123306874368,2.33123101767057e-97,0.0,True,0.0982626843295779,0.5753123306874368,0.0,0.5543619791666666
PDGFB,0.3445789035664202,0.0055183382782226,0.1763227726404628,2.6998717541052098e-11,0.0,True,0.3445789035664202,0.1763227726404628,0.0,0.55419921875
TRIAP1,0.0640957382832105,0.2145353109844535,0.2630344058337938,1.75340138981481e-21,0.0360455414290527,True,0.0640957382832105,0.2630344058337938,0.0360455414290527,0.5538736979166666
MDK,0.0405250766353404,0.7282379977828,0.3219280948873623,2.0645588832643698e-30,0.047096220484767,True,0.0405250766353404,0.3219280948873623,0.047096220484767,0.5538736979166666
SIAE,-0.1327693858220531,0.2496599865013524,0.4114262457264649,3.2326962956486697e-49,0.0,False,0.1327693858220531,0.4114262457264649,0.0,0.5533854166666666
THBD,-0.2860290753258194,0.0871869853295474,0.2016338611696504,6.44882140231489e-12,0.0,False,0.2860290753258194,0.2016338611696504,0.0,0.55322265625
CD5,-0.0945042935513775,0.6174541947736231,0.5849625007211562,2.62578539334882e-101,0.0,False,0.0945042935513775,0.5849625007211562,0.0,0.5530598958333333
EPS8L2,-0.0889235102863388,0.1380062984330215,0.6040713236688608,2.4696353377344398e-99,0.0,False,0.0889235102863388,0.6040713236688608,0.0,0.552734375
STC2,-0.1343012027380954,0.206681296872198,0.4005379295837288,2.45547903656355e-43,0.0,False,0.1343012027380954,0.4005379295837288,0.0,0.5511067708333333
CXCL1,0.3642053383602768,0.0426627571357537,0.1634987322828795,5.54308248015186e-09,0.0,True,0.3642053383602768,0.1634987322828795,0.0,0.5504557291666666
PLAU,0.1200193323233111,0.3244250642558309,0.1243281350022017,1.53780223505931e-05,0.1962707706718491,True,0.1200193323233111,0.1243281350022017,0.1962707706718491,0.5504557291666666
CDH6,0.3636655006284446,0.0315903036753744,0.1634987322828795,2.28072361551837e-09,0.0,True,0.3636655006284446,0.1634987322828795,0.0,0.5501302083333333
NUDT2,-0.1458252559016308,0.1291306787619236,-0.1202942337177117,3.61072111793055e-06,0.0331263416687446,True,0.1458252559016308,0.1202942337177117,0.0331263416687446,0.5499674479166666
PIK3IP1,0.1437487766604039,0.1850892206706547,0.3673710656485294,1.1225554429415e-35,0.0,True,0.1437487766604039,0.3673710656485294,0.0,0.5499674479166666
NME3,-0.1913569590319586,0.0336243831371087,-0.2863041851566411,3.82021482142895e-25,0.0,True,0.1913569590319586,0.2863041851566411,0.0,0.5494791666666666
FHIT,-0.1457367897092734,0.3347698235158596,0.0565835283663675,0.029437476936785,0.6998965467704097,False,0.1457367897092734,0.0565835283663675,0.6998965467704097,0.54931640625
HMBS,-0.1417066276647833,0.0711297328528381,0.070389327891398,0.0163064324726557,0.5395153667959508,False,0.1417066276647833,0.070389327891398,0.5395153667959508,0.5489908854166666
AMN,0.0854672560808254,0.483830866641062,0.1890338243900168,1.3303997268955998e-12,0.0530073537112321,True,0.0854672560808254,0.1890338243900168,0.0530073537112321,0.5486653645833333
TNFSF11,0.369886943620302,0.119315090810328,-0.1520030934450499,1.05081828484452e-07,0.0,False,0.369886943620302,0.1520030934450499,0.0,0.5480143229166666
ADAM8,0.1122648100614043,0.1646658849525829,0.4541758931858021,7.70585931641618e-61,0.0,True,0.1122648100614043,0.4541758931858021,0.0,0.5475260416666666
TNFRSF4,0.1119497124373438,0.2653834374314942,0.4541758931858021,2.9352771120893598e-55,0.0,True,0.1119497124373438,0.4541758931858021,0.0,0.5472005208333333
ACAA1,-0.0815692811585222,0.2012572075328918,0.6415460290875237,6.22017916566938e-116,0.0,False,0.0815692811585222,0.6415460290875237,0.0,0.5470377604166666
CAPG,0.1614828440902265,0.2464567061068175,0.3219280948873623,5.19417035147074e-31,0.0,True,0.1614828440902265,0.3219280948873623,0.0,0.5465494791666666
APOM,-0.0687585304993758,0.3367548881830829,-0.7858751946471527,1.0038554980803001e-172,0.0,True,0.0687585304993758,0.7858751946471527,0.0,0.5457356770833333
CNTN5,-0.1374766954755637,0.5968638120188162,-0.3770696490798233,3.9375255839488704e-37,0.0,True,0.1374766954755637,0.3770696490798233,0.0,0.544921875
NPTXR,-0.1132636840758101,0.2390455360359783,-0.4344028241457749,2.77539424545578e-53,0.0,True,0.1132636840758101,0.4344028241457749,0.0,0.5447591145833333
KRT19,0.1431375076691772,0.1605822210906429,0.3561438102252753,1.4151448672051402e-35,0.0,True,0.1431375076691772,0.3561438102252753,0.0,0.5445963541666666
ANGPT2,-0.0692413667625269,0.6659807528712128,0.7398481026993274,1.02160013822203e-149,0.0,False,0.0692413667625269,0.7398481026993274,0.0,0.54345703125
CASP10,0.4018866054906009,0.0030042171406727,0.137503523749935,1.34951174448134e-07,0.0,True,0.4018866054906009,0.137503523749935,0.0,0.5431315104166666
PDLIM7,0.443326276690474,0.0010550370955004,0.1243281350022017,1.1837214394836e-05,0.0,True,0.443326276690474,0.1243281350022017,0.0,0.5421549479166666
SLC16A1,0.1713256223201753,0.1957990637792566,0.2868811477881615,6.07660376287824e-26,0.0,True,0.1713256223201753,0.2868811477881615,0.0,0.5418294270833333
GP2,0.0836730332612738,0.7324216455454646,-0.1202942337177117,6.32871472075974e-05,0.8312779242480433,False,0.0836730332612738,0.1202942337177117,0.8312779242480433,0.5411783854166666
PTH1R,-0.0210302570025069,0.6997635744400822,0.2868811477881615,7.072653998136041e-25,0.3692871355498653,False,0.0210302570025069,0.2868811477881615,0.3692871355498653,0.5406901041666666
TNFRSF12A,0.0732758788853367,0.3462671321919999,0.6690267655096307,1.1820369589124701e-111,0.0,True,0.0732758788853367,0.6690267655096307,0.0,0.5403645833333333
IL4R,0.2379865979141602,0.0089104932887644,0.2141248053528473,1.04345288394744e-14,0.0,True,0.2379865979141602,0.2141248053528473,0.0,0.5398763020833333
CCDC80,0.1089577008615281,0.3797549424609097,0.4436066514756148,8.043138932468069e-48,0.0,True,0.1089577008615281,0.4436066514756148,0.0,0.5392252604166666
HBEGF,0.2227298472875993,0.1639217882697574,0.2265085298086797,7.26512293320348e-17,0.0,True,0.2227298472875993,0.2265085298086797,0.0,0.5387369791666666
IVD,-0.2438900369467411,0.0017606180573858,0.0285691521967709,0.376405877366324,0.0513471081838247,False,0.2438900369467411,0.0285691521967709,0.0513471081838247,0.5384114583333333
CCL20,0.0672154676873457,0.8492067804226614,0.7136958148433589,1.03111024734118e-148,0.0,True,0.0672154676873457,0.7136958148433589,0.0,0.5380859375
STX4,-0.0139994806854595,0.8513607802097742,0.3334237337251918,1.68475763338436e-33,0.1054171393118078,False,0.0139994806854595,0.3334237337251918,0.1054171393118078,0.53662109375
HSPB1,0.3553971069047659,0.0050476690297043,0.1505596765753813,2.37193712490143e-08,0.0,True,0.3553971069047659,0.1505596765753813,0.0,0.5364583333333333
CSF3,0.1172487667894719,0.5928249586841479,0.4005379295837288,1.79261203303489e-46,0.0,True,0.1172487667894719,0.4005379295837288,0.0,0.5358072916666666
CLEC5A,0.7534505603690471,0.0065624911281063,0.0840642647884745,0.0026162184498203,0.0,True,0.7534505603690471,0.0840642647884745,0.0,0.53515625
COL6A3,-0.0583370744103994,0.7254734219534662,0.8073549220576041,3.31722583060992e-164,0.0,False,0.0583370744103994,0.8073549220576041,0.0,0.5348307291666666
DDAH1,0.0905148455764432,0.0449499972896273,0.5160151470036647,5.09584197507107e-78,0.0,True,0.0905148455764432,0.5160151470036647,0.0,0.5348307291666665
NUDT5,-0.0053053912969929,0.915595672296517,0.2868811477881615,5.57875947501483e-25,0.562968025240537,False,0.0053053912969929,0.2868811477881615,0.562968025240537,0.5338541666666666
LYN,0.2820847095300767,0.0002213345167603,0.1763227726404628,2.1583918000926002e-10,0.0,True,0.2820847095300767,0.1763227726404628,0.0,0.5323893229166666
F3,0.2124976325125267,0.0151247933893277,-0.2175914350726267,5.08941781145201e-14,0.0,False,0.2124976325125267,0.2175914350726267,0.0,0.5315755208333333
ERBB4,0.0994783134298273,0.6163709272273366,0.0976107966264223,0.0004979837151468,0.6089635548463211,True,0.0994783134298273,0.0976107966264223,0.6089635548463211,0.5315755208333333
TNFSF13,-0.1382252562192976,0.4227094780729208,0.3334237337251918,1.00189694698317e-30,0.0,False,0.1382252562192976,0.3334237337251918,0.0,0.53125
TNFRSF11B,-0.0697017638809534,0.6176803828498934,0.6415460290875237,3.1421760839565998e-102,0.0,False,0.0697017638809534,0.6415460290875237,0.0,0.53076171875
ENTPD2,-0.1496737516904751,0.138295268122468,0.2986583155645151,1.02672513565521e-26,0.0,False,0.1496737516904751,0.2986583155645151,0.0,0.52978515625
CD58,0.2389799512249357,0.0132833610862545,-0.2009126939259964,1.52407152124111e-12,0.0,False,0.2389799512249357,0.2009126939259964,0.0,0.5294596354166666
SPOCK1,-0.118150545655391,0.5152893339026863,-0.0740005814437769,0.0086638089042248,0.4718928774101421,True,0.118150545655391,0.0740005814437769,0.4718928774101421,0.529296875
PLXNA4,-0.3336517543452375,0.0481050246324354,0.1505596765753813,1.67276765877859e-08,0.0,False,0.3336517543452375,0.1505596765753813,0.0,0.529296875
PFKFB2,-0.4381396740187941,0.0002900918046803,0.1110313123887439,4.84837750838809e-05,0.0,False,0.4381396740187941,0.1110313123887439,0.0,0.5289713541666666
FEN1,-0.0663025803897241,0.2667727485400619,0.1890338243900168,1.44264574979394e-12,0.0930540413618798,False,0.0663025803897241,0.1890338243900168,0.0930540413618798,0.52880859375
IL15RA,0.274185538728064,0.0110932152337989,0.1763227726404628,8.91111528097502e-11,0.0,True,0.274185538728064,0.1763227726404628,0.0,0.5284830729166666
LAYN,0.2965716538264429,0.0053670493374126,0.1634987322828795,3.59069528927827e-08,0.0,True,0.2965716538264429,0.1634987322828795,0.0,0.52734375
EGF,0.3835096676917278,0.0412924624529007,0.1243281350022017,1.62900111757318e-06,0.0,True,0.3835096676917278,0.1243281350022017,0.0,0.5271809895833333
MFGE8,-0.0658754945012516,0.7128046872228136,0.6507645591169023,1.46791478583155e-117,0.0,False,0.0658754945012516,0.6507645591169023,0.0,0.5263671875
ACTA2,0.2656577802963689,0.3086847424865085,0.1763227726404628,5.01347901616039e-08,0.0,True,0.2656577802963689,0.1763227726404628,0.0,0.52587890625
PVR,0.0964848461842109,0.3548454786022808,0.4436066514756148,3.2158875760674205e-58,0.0,True,0.0964848461842109,0.4436066514756148,0.0,0.5255533854166666
CDH1,0.0610767254260711,0.025961030721834,0.6780719051126377,1.43723529613061e-128,0.0,True,0.0610767254260711,0.6780719051126377,0.0,0.525390625
SCRN1,-0.1597056131829592,0.0028280817961152,0.0426443374084937,0.127595012797985,0.3677145850891438,False,0.1597056131829592,0.0426443374084937,0.3677145850891438,0.5247395833333333
KDR,-0.2193247622963676,0.3554197501256871,0.2016338611696504,6.41115672726966e-13,0.0,False,0.2193247622963676,0.2016338611696504,0.0,0.5242513020833333
NMNAT1,-0.1243602628847124,0.0296522485176481,0.3448284969974411,1.13261397384787e-35,0.0,False,0.1243602628847124,0.3448284969974411,0.0,0.5240885416666666
NRP2,-0.0293981867211794,0.8556299502560504,0.2141248053528473,1.49437864931988e-14,0.4905897065433214,False,0.0293981867211794,0.2141248053528473,0.4905897065433214,0.5240885416666666
DNAJB1,0.2052452646115199,0.0017710636368553,0.2141248053528473,5.09824535542754e-15,0.0,True,0.2052452646115199,0.2141248053528473,0.0,0.52392578125
FGF19,-0.1844699686071429,0.5701356089637427,-0.2344652536370229,1.47258189397108e-17,0.0,True,0.1844699686071429,0.2344652536370229,0.0,0.5237630208333333
CEP85,-0.0891111678026277,0.2004686858347882,0.1634987322828795,1.06068382919413e-09,0.0314558217416726,False,0.0891111678026277,0.1634987322828795,0.0314558217416726,0.5236002604166666
POLR2F,-0.0825157893396006,0.2290411709096585,0.4956951626240687,4.7310660609749296e-70,0.0,False,0.0825157893396006,0.4956951626240687,0.0,0.5224609375
HS6ST1,-0.2034892778941088,0.0034114117524957,0.2141248053528473,5.7955405853587505e-15,0.0,False,0.2034892778941088,0.2141248053528473,0.0,0.5222981770833333
NADK,0.0974929232769437,0.0583771436094155,0.4329594072761062,2.9489985278306398e-56,0.0,True,0.0974929232769437,0.4329594072761062,0.0,0.5222981770833333
TPSAB1,-0.0816173802192947,0.6400575201050587,0.137503523749935,9.21027004788479e-07,0.2382430582351929,False,0.0816173802192947,0.137503523749935,0.2382430582351929,0.5211588541666666
PI3,0.1215407676748139,0.6864269355088524,0.3448284969974411,3.94114615220065e-32,0.0,True,0.1215407676748139,0.3448284969974411,0.0,0.5211588541666666
PDGFA,0.2801265012030125,4.43697579023442e-07,0.1634987322828795,3.09010995375506e-09,0.0,True,0.2801265012030125,0.1634987322828795,0.0,0.5208333333333333
ENPP7,-0.0621928630325836,0.2113366655777698,0.6507645591169023,3.3354468200241905e-117,0.0,False,0.0621928630325836,0.6507645591169023,0.0,0.5208333333333333
IDS,-0.2250424785526306,0.002046365293725,-0.2009126939259964,3.6396239898063403e-14,0.0,True,0.2250424785526306,0.2009126939259964,0.0,0.5206705729166666
LRPAP1,-0.1471639659605266,0.0462964781325554,0.2868811477881615,3.40635102672719e-25,0.0,False,0.1471639659605266,0.2868811477881615,0.0,0.5203450520833333
SRPK2,-0.0255014991980004,0.6543808161296669,0.2265085298086797,7.84844939277831e-17,0.3999028689477282,False,0.0255014991980004,0.2265085298086797,0.3999028689477282,0.5196940104166666
ADM,-0.0497118007205479,0.5935798550766904,0.7824085649273732,5.11514854355648e-145,0.0,False,0.0497118007205479,0.7824085649273732,0.0,0.5193684895833333
FLI1,0.0746842457882204,0.7155521786784109,0.1634987322828795,4.89469534971977e-10,0.0782534680035901,True,0.0746842457882204,0.1634987322828795,0.0782534680035901,0.51904296875
SERPINB8,0.1123148498627815,0.3039912946054915,0.3673710656485294,3.9811176503576e-39,0.0,True,0.1123148498627815,0.3673710656485294,0.0,0.5183919270833333
TNFRSF14,-0.0774929679924829,0.3515198130361134,0.5160151470036647,8.05930912366178e-72,0.0,False,0.0774929679924829,0.5160151470036647,0.0,0.5179036458333333
YES1,0.2460073207518789,1.4508966763532682e-06,0.1763227726404628,5.796039546366e-11,0.0,True,0.2460073207518789,0.1763227726404628,0.0,0.5177408854166666
CD83,0.0744927246014999,0.5853067445457758,0.5260688116675876,3.0004486526823504e-76,0.0,True,0.0744927246014999,0.5260688116675876,0.0,0.51708984375
WNT9A,-0.1851445082988689,0.0580445928441829,-0.2175914350726267,1.13097983944685e-12,0.0,True,0.1851445082988689,0.2175914350726267,0.0,0.5166015625
ANG,0.1037482306077741,0.3646829555147891,0.3895668117627256,5.94219108919835e-42,0.0,True,0.1037482306077741,0.3895668117627256,0.0,0.5166015625
ICAM3,0.1791000215895994,0.1478380460649608,0.2265085298086797,1.42320758340502e-16,0.0,True,0.1791000215895994,0.2265085298086797,0.0,0.5166015625
SCAMP3,-0.0040821252192948,0.9262382663627616,0.2986583155645151,5.43934706107429e-27,0.2272129129750464,False,0.0040821252192948,0.2986583155645151,0.2272129129750464,0.5159505208333333
TRIM5,0.347677148052,0.0087550515488059,0.1243281350022017,7.88037307174512e-06,0.0,True,0.347677148052,0.1243281350022017,0.0,0.5154622395833333
ENO2,-0.4709417514360883,0.0018870090385912,0.0840642647884745,0.0026051735361803,0.0,False,0.4709417514360883,0.0840642647884745,0.0,0.5149739583333333
TNC,0.2500780420971171,0.1885808955839984,-0.1681227588083269,6.427199107982241e-10,0.0,False,0.2500780420971171,0.1681227588083269,0.0,0.5144856770833333
GGT5,-0.1134190506090222,0.3100391769412832,0.3448284969974411,1.8953280605357098e-33,0.0,False,0.1134190506090222,0.3448284969974411,0.0,0.5139973958333333
TXNRD1,0.1043076682832087,0.0769346520165491,0.3785116232537298,3.76694221746111e-43,0.0,True,0.1043076682832087,0.3785116232537298,0.0,0.513671875
SCLY,0.0467417411390993,0.5670856043102867,0.7484612330040356,8.585961898772041e-148,0.0,True,0.0467417411390993,0.7484612330040356,0.0,0.5135091145833333
SUSD1,-0.3779328427562642,0.0001762589288131,0.1110313123887439,9.94121462813824e-05,0.0,False,0.3779328427562642,0.1110313123887439,0.0,0.5133463541666666
PGF,-0.054535732201753,0.2483993423365891,0.6599245584023783,5.284389569689691e-97,0.0,False,0.054535732201753,0.6599245584023783,0.0,0.51318359375
CDH3,0.67304074548308,1.554283819725732e-05,-0.0588936890535685,0.0248683016217206,0.0,False,0.67304074548308,0.0588936890535685,0.0,0.51318359375
LAMA4,-0.1714303633145348,0.3805067173899203,0.2265085298086797,6.70822831806373e-16,0.0,False,0.1714303633145348,0.2265085298086797,0.0,0.51171875
CHRDL1,0.1313153721058899,0.4122393266052822,0.2986583155645151,1.95660013286936e-21,0.0,True,0.1313153721058899,0.2986583155645151,0.0,0.5115559895833333
HEXIM1,-0.1595159731666626,0.0077564955520228,0.2509615735332187,2.70846321299368e-19,0.0,False,0.1595159731666626,0.2509615735332187,0.0,0.5110677083333333
GRN,-0.0727491503840838,0.4474605242027434,0.5058909297299573,5.12824757431207e-75,0.0,False,0.0727491503840838,0.5058909297299573,0.0,0.5096028645833333
SULT1A1,-0.1741243028865913,0.0649423516036973,0.0285691521967709,0.195163032286788,0.0985704035485748,False,0.1741243028865913,0.0285691521967709,0.0985704035485748,0.5094401041666666
IL32,0.3119444946867205,0.0231476105945215,-0.1360615495760283,3.73124682721368e-06,0.0,False,0.3119444946867205,0.1360615495760283,0.0,0.5087890625
PBLD,-0.0631899226823264,0.5800370132267675,0.5655971758542251,7.16335341234093e-92,0.0,False,0.0631899226823264,0.5655971758542251,0.0,0.5087890625
IGFBP2,0.0306402652713,0.7972492748437499,-1.0,5.58117690634943e-249,0.0,False,0.0306402652713,1.0,0.0,0.5087890625
BCAM,-0.1403881811604002,0.3164182336635346,0.2750070474998697,1.6497284751734402e-23,0.0,False,0.1403881811604002,0.2750070474998697,0.0,0.5084635416666666
VTCN1,0.4408428411253169,0.0451427710519224,0.0840642647884745,0.0016989702622697,0.0,True,0.4408428411253169,0.0840642647884745,0.0,0.5084635416666665
TNFSF10,0.3852035247368395,0.0007147307540087,-0.1046973786666932,8.01466110706818e-05,0.0,False,0.3852035247368395,0.1046973786666932,0.0,0.50830078125
YTHDF3,0.0513219417418575,0.4093378299803549,0.2141248053528473,1.63184175705006e-14,0.0314569042772123,True,0.0513219417418575,0.2141248053528473,0.0314569042772123,0.5081380208333333
EDIL3,-0.4986743810588976,0.0129723280788125,0.070389327891398,0.0174037207374869,0.0,False,0.4986743810588976,0.070389327891398,0.0,0.5081380208333333
USO1,-0.0615201016666642,0.0421196334282144,0.1763227726404628,1.1505771174761201e-10,0.0663180702958672,False,0.0615201016666642,0.1763227726404628,0.0663180702958672,0.5065104166666666
F11R,0.1089788575814569,0.1080808421616059,0.3448284969974411,1.39920660896261e-35,0.0,True,0.1089788575814569,0.3448284969974411,0.0,0.5065104166666666
GALNT7,0.2250808820551384,0.0005434368327615,0.1763227726404628,6.878614779691739e-11,0.0,True,0.2250808820551384,0.1763227726404628,0.0,0.5060221354166666
DLL1,-0.0841724632995015,0.2938706694227209,0.4222330006830478,2.5060496577141e-49,0.0,False,0.0841724632995015,0.4222330006830478,0.0,0.5056966145833333
VWA1,-0.0609581322130292,0.4282742687704418,0.5655971758542251,4.98310073434897e-90,0.0,False,0.0609581322130292,0.5655971758542251,0.0,0.5048828125
PREB,-0.1540449475068932,0.0026181260189676,0.2387868595871164,5.104190680737669e-18,0.0,False,0.1540449475068932,0.2387868595871164,0.0,0.5040690104166666
CD59,0.0630155029323287,0.0076695361238156,0.5459683691052925,2.20956645684453e-73,0.0,True,0.0630155029323287,0.5459683691052925,0.0,0.5037434895833333
NFKBIE,0.1481270305689221,0.1090596736142508,0.2509615735332187,1.06921735576388e-20,0.0,True,0.1481270305689221,0.2509615735332187,0.0,0.5032552083333333
LGMN,-0.0738302828151642,0.3701577988522316,0.4646682670034442,2.36327553198415e-63,0.0,False,0.0738302828151642,0.4646682670034442,0.0,0.5030924479166665
CCL2,0.3445321548809534,0.0004126060694654,0.1110313123887439,0.000105072499984,0.0,True,0.3445321548809534,0.1110313123887439,0.0,0.5026041666666666
IGFBP7,0.0480161245488748,0.4505677738875584,0.6507645591169023,2.1629677777693e-107,0.0,True,0.0480161245488748,0.6507645591169023,0.0,0.5026041666666666
CNPY2,-0.1769354997932293,0.0122072317290588,0.01435529297707,0.479001127358609,0.0774394629283477,False,0.1769354997932293,0.01435529297707,0.0774394629283477,0.501953125
CD276,0.1275552531140356,0.030968207573487,0.2868811477881615,6.58594117354756e-24,0.0,True,0.1275552531140356,0.2868811477881615,0.0,0.5017903645833333
GOPC,-0.0727865214053871,0.1644765871240042,0.1110313123887439,9.02456889960573e-05,0.4848576232356513,False,0.0727865214053871,0.1110313123887439,0.4848576232356513,0.50146484375
ZBTB17,-0.093703902881578,0.1017658034653407,0.3785116232537298,3.39052059015877e-41,0.0,False,0.093703902881578,0.3785116232537298,0.0,0.5009765625
MDGA1,0.0782512681209288,0.1826059097002594,0.1505596765753813,1.37398439198652e-07,0.0348195767244025,True,0.0782512681209288,0.1505596765753813,0.0348195767244025,0.50048828125
PEBP1,-0.1480366493859595,0.000275868168757,0.2387868595871164,2.8504811365018098e-18,0.0,False,0.1480366493859595,0.2387868595871164,0.0,0.49853515624999994
ROR1,0.1956774486240622,0.0043693718771945,-0.1844245711374274,4.1409577614017603e-10,0.0,False,0.1956774486240622,0.1844245711374274,0.0,0.4983723958333333
LYPD1,0.4839556758953662,0.0090923021136884,-0.0588936890535685,0.0489225664841767,0.0,False,0.4839556758953662,0.0588936890535685,0.0,0.49820963541666663
EIF4EBP1,0.1231734208928614,0.2048532358380468,0.2868811477881615,1.48036774746915e-25,0.0,True,0.1231734208928614,0.2868811477881615,0.0,0.49820963541666663
THBS4,0.0541716626240562,0.7623067056823524,0.5753123306874368,5.09823690871398e-93,0.0,True,0.0541716626240562,0.5753123306874368,0.0,0.49804687499999994
TSLP,-0.4455772919003768,0.1135910299767227,0.070389327891398,0.0080855857033686,0.0,False,0.4455772919003768,0.070389327891398,0.0,0.49772135416666663
AREG,0.0411316284473688,0.8108656798602153,0.6690267655096307,1.36620148453054e-116,0.0,True,0.0411316284473688,0.6690267655096307,0.0,0.4973958333333333
LCN2,0.1704982843671736,0.2673884408056422,0.2016338611696504,3.06801120697346e-13,0.0,True,0.1704982843671736,0.2016338611696504,0.0,0.49658203124999994
GBP2,0.389788549414785,0.0156593152883028,0.0840642647884745,0.0013366329015989,0.0,True,0.389788549414785,0.0840642647884745,0.0,0.4954427083333333
ADH4,-0.0211750955858427,0.567967504129996,0.963474123974886,1.5009898054041799e-246,0.0,False,0.0211750955858427,0.963474123974886,0.0,0.49300130208333326
CXCL3,0.4916256732775714,0.0084745502190545,0.0565835283663675,0.0275387848877408,0.0,True,0.4916256732775714,0.0565835283663675,0.0,0.49283854166666663
MAVS,0.0912209493402222,0.1147593834107544,0.1110313123887439,0.000127950717985,0.0491713108932092,True,0.0912209493402222,0.1110313123887439,0.0491713108932092,0.49137369791666663
CD46,0.1110443456203,0.0023304730988232,0.2986583155645151,2.9349106240466004e-26,0.0,True,0.1110443456203,0.2986583155645151,0.0,0.4910481770833333
JUN,0.1647988036234373,0.0225756413978654,0.2016338611696504,7.81579918717211e-13,0.0,True,0.1647988036234373,0.2016338611696504,0.0,0.49072265624999994
SESTD1,0.1772655027167946,0.003884799986272,0.01435529297707,0.603917415549026,0.0348388517452793,True,0.1772655027167946,0.01435529297707,0.0348388517452793,0.49055989583333326
IGSF8,-0.0554507560369685,0.3886205493181988,0.5160151470036647,6.247930588107571e-76,0.0,False,0.0554507560369685,0.5160151470036647,0.0,0.49023437499999994
LAP3,-0.0167931021804506,0.8108430553222215,0.2509615735332187,8.79699378314188e-21,0.0397026052265577,False,0.0167931021804506,0.2509615735332187,0.0397026052265577,0.48909505208333326
NT5E,0.0751175237293164,0.6233674096577585,0.4114262457264649,1.03295479852939e-49,0.0,True,0.0751175237293164,0.4114262457264649,0.0,0.4886067708333333
FRZB,-0.5759740680012531,0.0113959342270037,0.0426443374084937,0.159128203564388,0.0,False,0.5759740680012531,0.0426443374084937,0.0,0.48779296874999994
NDUFS6,-0.136251384743101,0.0197487999127882,0.2387868595871164,2.16266979577493e-18,0.0,False,0.136251384743101,0.2387868595871164,0.0,0.48779296874999994
VPS37A,-0.2047988267562637,0.0011376279524365,0.1634987322828795,1.7844324005594e-09,0.0,False,0.2047988267562637,0.1634987322828795,0.0,0.4876302083333333
THBS2,-0.0220504575814484,0.9172705571999142,0.8073549220576041,1.68287805469805e-184,0.0,False,0.0220504575814484,0.8073549220576041,0.0,0.4876302083333333
ADAM22,-0.40263356952694,0.1185866889505878,0.070389327891398,0.0059496142144247,0.0,False,0.40263356952694,0.070389327891398,0.0,0.4876302083333333
CES2,-0.0333792616046348,0.5210505971874143,0.6415460290875237,1.95106475405006e-118,0.0,False,0.0333792616046348,0.6415460290875237,0.0,0.4871419270833333
PRDX6,-0.0006721906265614,0.9838530906562056,-0.2515387669959644,2.05802547795225e-19,0.1966571202959896,True,0.0006721906265614,0.2515387669959644,0.1966571202959896,0.48665364583333326
CALB1,-0.2089089397324537,0.4229694751721345,-0.1520030934450499,1.31804625367212e-08,0.0,True,0.2089089397324537,0.1520030934450499,0.0,0.48583984374999994
IGFBP6,-0.1119043443126557,0.285728243894626,0.2868811477881615,2.8733552300456097e-18,0.0,False,0.1119043443126557,0.2868811477881615,0.0,0.48583984374999994
CES3,-0.0653447100758137,0.4019160131170468,0.4436066514756148,4.67237473670932e-57,0.0,False,0.0653447100758137,0.4436066514756148,0.0,0.48583984374999994
SNAP23,0.2153661551879704,3.689557949757176e-05,0.1505596765753813,1.2458344328599e-08,0.0,True,0.2153661551879704,0.1505596765753813,0.0,0.4837239583333333
IGF1R,-0.0030252092167923,0.9576194275262576,0.1890338243900168,1.66958971972198e-11,0.6867811329841558,False,0.0030252092167923,0.1890338243900168,0.6867811329841558,0.48356119791666663
PODXL2,-0.0829649221754387,0.1167793034614541,-0.3584539709124763,2.32825934849467e-40,0.0,True,0.0829649221754387,0.3584539709124763,0.0,0.48193359374999994
PIK3AP1,0.3169880998496204,0.0021831175720365,0.0976107966264223,0.0003993239740574,0.0,True,0.3169880998496204,0.0976107966264223,0.0,0.48160807291666663
RBP2,0.1127460447669177,0.3846305003612054,0.2750070474998697,7.23225030833791e-22,0.0,True,0.1127460447669177,0.2750070474998697,0.0,0.48144531249999994
PRCP,0.0061665293859594,0.9300230595893428,1.1699250014423124,0.0,0.0,True,0.0061665293859594,1.1699250014423124,0.0,0.47998046875
NFATC3,0.08047949846617,0.1203191012703239,0.3673710656485294,8.276795832870269e-40,0.0,True,0.08047949846617,0.3673710656485294,0.0,0.47998046874999994
CD2AP,0.1276760605764462,0.0099890197224632,0.2387868595871164,1.64379933006693e-17,0.0,True,0.1276760605764462,0.2387868595871164,0.0,0.47998046874999994
IL1A,0.4889526652124072,0.0782380409351911,0.0426443374084937,0.0733467611532713,0.0,True,0.4889526652124072,0.0426443374084937,0.0,0.4793294270833333
CNPY4,-0.2307851376353387,0.0735693206163394,0.137503523749935,1.62000186115665e-06,0.0,False,0.2307851376353387,0.137503523749935,0.0,0.4793294270833333
REG3A,0.246176195194236,0.0722177902878528,0.1243281350022017,4.84934479597481e-06,0.0,True,0.246176195194236,0.1243281350022017,0.0,0.4793294270833333
PCDH1,0.1270562393402299,0.0629103276613745,0.2387868595871164,1.63134335894333e-16,0.0,True,0.1270562393402299,0.2387868595871164,0.0,0.4793294270833333
DBI,-0.1160395614661684,0.0131613445761598,0.2630344058337938,7.93796699643239e-22,0.0,False,0.1160395614661684,0.2630344058337938,0.0,0.47916666666666663
CD300LF,0.2066192595294467,0.376976303297896,0.1505596765753813,2.24914830098394e-08,0.0,True,0.2066192595294467,0.1505596765753813,0.0,0.4788411458333333
MSRA,0.0257706416773206,0.6911594367534256,0.137503523749935,1.92614594784105e-07,0.7434853375919434,True,0.0257706416773206,0.137503523749935,0.7434853375919434,0.478515625
HNRNPK,0.0133897896804526,0.5017520373657866,0.1890338243900168,1.4949780342317697e-11,0.3636599051952243,True,0.0133897896804526,0.1890338243900168,0.3636599051952243,0.47802734375
CASP1,0.1882480361309557,0.3111737457526589,0.1634987322828795,1.0548358092886e-09,0.0,True,0.1882480361309557,0.1634987322828795,0.0,0.4778645833333333
TNR,-0.8760954362575166,0.0046459251340332,0.01435529297707,0.567074842119843,0.0,False,0.8760954362575166,0.01435529297707,0.0,0.47770182291666663
LGALS3,0.1201331081516219,0.3287913124014519,0.2509615735332187,1.23205175370687e-17,0.0,True,0.1201331081516219,0.2509615735332187,0.0,0.47721354166666663
SERPINB9,0.4773919682456107,1.1875753014325887e-05,0.0426443374084937,0.0913859135380203,0.0,True,0.4773919682456107,0.0426443374084937,0.0,0.47705078124999994
CA2,0.2044443390695516,0.1797134563498287,0.1505596765753813,1.30139235856876e-07,0.0,True,0.2044443390695516,0.1505596765753813,0.0,0.4768880208333333
TMSB10,0.0808879001566413,0.0032221749079326,0.3561438102252753,5.29821916766016e-38,0.0,True,0.0808879001566413,0.3561438102252753,0.0,0.47656249999999994
FAM3C,0.0477033036779417,0.2825439772482465,0.5058909297299573,2.41445143300753e-65,0.0,True,0.0477033036779417,0.5058909297299573,0.0,0.4763997395833333
FUT8,0.2406827323101499,0.032499868198302,0.1243281350022017,7.67051222772853e-06,0.0,True,0.2406827323101499,0.1243281350022017,0.0,0.47607421874999994
CD6,-0.0816923803552622,0.3639630161108507,0.3448284969974411,6.54026169766153e-36,0.0,False,0.0816923803552622,0.3448284969974411,0.0,0.4759114583333333
TINAGL1,0.2002483232725573,0.0213181790283038,0.1505596765753813,1.1393940045491e-07,0.0,True,0.2002483232725573,0.1505596765753813,0.0,0.4749348958333333
CTSV,-0.5674887934636557,1.11266283385905e-05,0.0285691521967709,0.26079813660099,0.0,False,0.5674887934636557,0.0285691521967709,0.0,0.47379557291666663
CPVL,0.1111779014116551,0.6024314616594572,0.2630344058337938,1.17792315246501e-22,0.0,True,0.1111779014116551,0.2630344058337938,0.0,0.47363281249999994
NPPB,0.4596142221497477,0.0772807152413225,0.0426443374084937,0.0803271772113393,0.0,True,0.4596142221497477,0.0426443374084937,0.0,0.47314453124999994
TBCC,-0.2933370835645323,9.186931109025892e-05,0.0976107966264223,0.000153522625701,0.0,False,0.2933370835645323,0.0976107966264223,0.0,0.47314453124999994
CREG1,0.0784340379636656,0.1223510699778059,0.3561438102252753,1.58295234821414e-37,0.0,True,0.0784340379636656,0.3561438102252753,0.0,0.4729817708333333
GUSB,0.0023511771679221,0.9651381256941938,1.070389327891398,2.044240505885e-301,0.0,True,0.0023511771679221,1.070389327891398,0.0,0.4715169270833333
PSMG3,-0.0230828005144143,0.7071826044742844,0.2016338611696504,2.11744027400522e-13,0.0377928307907014,False,0.0230828005144143,0.2016338611696504,0.0377928307907014,0.470703125
LAT2,-0.1394013288890985,0.2884891397843369,0.2016338611696504,2.17584431323748e-13,0.0,False,0.1394013288890985,0.2016338611696504,0.0,0.4695638020833333
ATOX1,-0.1393558873496232,0.003968494196367,0.2016338611696504,1.71288922292829e-13,0.0,False,0.1393558873496232,0.2016338611696504,0.0,0.46923828124999994
RRM2B,0.0198158941259372,0.7938227809809829,0.1763227726404628,1.54763426756798e-10,0.2704732784561708,True,0.0198158941259372,0.1763227726404628,0.2704732784561708,0.46907552083333337
IKZF2,0.1159955268684225,0.1150908237331011,0.01435529297707,0.704297668570182,0.4035289231993814,True,0.1159955268684225,0.01435529297707,0.4035289231993814,0.46842447916666663
NCS1,0.1488485309768172,0.1580324291621759,0.1890338243900168,9.6535521183576e-10,0.0,True,0.1488485309768172,0.1890338243900168,0.0,0.46842447916666663
ARSA,-0.0244599192192991,0.7848227618750505,0.5945485495503542,1.50404190572942e-101,0.0,False,0.0244599192192991,0.5945485495503542,0.0,0.46793619791666663
MAGED1,-0.3034260587155408,0.0006043425503947,0.0840642647884745,0.0037029423000673,0.0,False,0.3034260587155408,0.0840642647884745,0.0,0.4674479166666666
ITGA6,0.3184770570363433,0.0016580713306656,-0.0740005814437769,0.0102675687850746,0.0,False,0.3184770570363433,0.0740005814437769,0.0,0.46728515624999994
RAB6A,0.0690298430256888,0.5649729354674546,-0.3770696490798233,1.1285621059662299e-40,0.0,False,0.0690298430256888,0.3770696490798233,0.0,0.4671223958333333
TBC1D5,-0.0298092311027584,0.4730744551603429,0.137503523749935,7.66763682163956e-07,0.4436729984203266,False,0.0298092311027584,0.137503523749935,0.4436729984203266,0.4658203125
GBP4,0.2730085852781965,0.1181648395935351,0.0976107966264223,0.0002017628619619,0.0,True,0.2730085852781965,0.0976107966264223,0.0,0.46500651041666663
VASN,0.0782033577794507,0.244542372191675,0.0840642647884745,0.0015311965683003,0.1479046294942265,True,0.0782033577794507,0.0840642647884745,0.1479046294942265,0.46500651041666663
FLT4,0.0568129403345851,0.1606313451612985,0.4114262457264649,3.1812290476230397e-49,0.0,True,0.0568129403345851,0.4114262457264649,0.0,0.4641927083333333
AK1,-0.2423872112850915,0.0010742065775727,0.1110313123887439,9.27131372175389e-05,0.0,False,0.2423872112850915,0.1110313123887439,0.0,0.4641927083333333
SPON1,0.046402265911027,0.8354600034272549,0.4541758931858021,2.67821128740904e-54,0.0,True,0.046402265911027,0.4541758931858021,0.0,0.46386718749999994
C19orf12,0.004946534981828,0.918705665538179,0.7824085649273732,1.8849182607248602e-169,0.0,True,0.004946534981828,0.7824085649273732,0.0,0.4627278645833333
MB,0.0729012676359657,0.5929329129057245,0.3448284969974411,6.775678034635159e-28,0.0,True,0.0729012676359657,0.3448284969974411,0.0,0.46256510416666663
NELL2,-0.4108352950833325,0.107430429351664,0.0426443374084937,0.0771669145849146,0.0,False,0.4108352950833325,0.0426443374084937,0.0,0.46240234374999994
MMP3,0.1699439523276869,0.5489544691566641,-0.1520030934450499,9.26011826463089e-06,0.0,False,0.1699439523276869,0.1520030934450499,0.0,0.46207682291666663
CLEC14A,0.0239654625526322,0.8606250349869644,0.1243281350022017,3.08922286655532e-05,0.6486639938100421,True,0.0239654625526322,0.1243281350022017,0.6486639938100421,0.46158854166666663
DGKZ,-0.1049850789461146,0.1684317691809467,0.0565835283663675,0.028863506553576,0.0503592317207359,False,0.1049850789461146,0.0565835283663675,0.0503592317207359,0.46142578125
ACP5,-0.022600978949872,0.9165381619151224,0.5849625007211562,5.97949564578212e-94,0.0,False,0.022600978949872,0.5849625007211562,0.0,0.46126302083333326
COX5B,-0.1101155675375942,0.0345228496097038,0.2387868595871164,8.25650969083399e-18,0.0,False,0.1101155675375942,0.2387868595871164,0.0,0.4607747395833333
RBKS,-0.0528080852525061,0.4554917709600989,0.4222330006830478,1.66905265260291e-50,0.0,False,0.0528080852525061,0.4222330006830478,0.0,0.4607747395833333
METAP1D,-0.1511009352681718,0.1235536497849848,0.1763227726404628,1.20628271357235e-10,0.0,False,0.1511009352681718,0.1763227726404628,0.0,0.46044921874999994
PTPRS,-0.077745817537588,0.4486587266783819,-0.3219280948873623,1.9119367092401999e-31,0.0,True,0.077745817537588,0.3219280948873623,0.0,0.45963541666666663
IL33,0.5396713435845868,0.0339525654255222,0.0,0.889164044384537,0.0,False,0.5396713435845868,0.0,0.0,0.45947265624999994
PDP1,0.3570212598370919,6.212803135814917e-06,0.0565835283663675,0.0270778693466357,0.0,True,0.3570212598370919,0.0565835283663675,0.0,0.4593098958333333
MMP10,0.3964483185400986,0.0977432968081061,0.0426443374084937,0.194874100594142,0.0,True,0.3964483185400986,0.0426443374084937,0.0,0.45914713541666663
CASP8,0.473615566790726,0.0007190999858597,-0.014499569695115,0.568657587037823,0.0,False,0.473615566790726,0.014499569695115,0.0,0.45898437499999994
GNE,0.2326978080275719,0.0227302788020764,0.1110313123887439,2.14299019257634e-05,0.0,True,0.2326978080275719,0.1110313123887439,0.0,0.4583333333333333
CA9,0.1062681191328298,0.6636055113635015,0.0426443374084937,0.112714891653436,0.112430111974098,True,0.1062681191328298,0.0426443374084937,0.112430111974098,0.4583333333333333
CASP2,0.1850951006829593,3.666272415986283e-05,0.137503523749935,1.32090444904821e-06,0.0,True,0.1850951006829593,0.137503523749935,0.0,0.4578450520833333
PRKAB1,-0.032625435798872,0.5906244882586525,0.1505596765753813,4.96301758061913e-08,0.0876213992868692,False,0.032625435798872,0.1505596765753813,0.0876213992868692,0.4578450520833333
CCL28,0.3905288777525051,0.0853464572218645,0.0426443374084937,0.0795667140969977,0.0,True,0.3905288777525051,0.0426443374084937,0.0,0.45719401041666663
WARS,-0.086036875006263,0.3420769729081009,0.2868811477881615,1.0021567702289e-24,0.0,False,0.086036875006263,0.2868811477881615,0.0,0.4568684895833333
TPPP3,-0.4415952138646588,0.0040414262592085,0.0285691521967709,0.268548031284694,0.0,False,0.4415952138646588,0.0285691521967709,0.0,0.4568684895833333
SRC,0.3096780097011296,0.0015486640263262,0.070389327891398,0.0193497262774272,0.0,True,0.3096780097011296,0.070389327891398,0.0,0.4563802083333333
IL10RB,0.0126749774028862,0.8251677004091097,0.6415460290875237,9.86460300395129e-112,0.0,True,0.0126749774028862,0.6415460290875237,0.0,0.45621744791666663
HPCAL1,0.2283317427518802,0.0118407757421727,0.1110313123887439,5.67227625527773e-05,0.0,True,0.2283317427518802,0.1110313123887439,0.0,0.4554036458333333
SMAD5,0.0955512213095222,0.0717865105739168,0.2630344058337938,3.03627905760368e-20,0.0,True,0.0955512213095222,0.2630344058337938,0.0,0.45507812499999994
C4BPB,0.3625764384743117,0.1030389322678229,-0.043943347587597,0.109015212765183,0.0,False,0.3625764384743117,0.043943347587597,0.0,0.45458984374999994
TIA1,0.1963206409899704,0.0006945215951028,0.1243281350022017,1.90124833258005e-06,0.0,True,0.1963206409899704,0.1243281350022017,0.0,0.45458984374999994
BAMBI,-0.0434452281271937,0.5802683072722347,0.1243281350022017,7.31284957001033e-06,0.1767502247834514,False,0.0434452281271937,0.1243281350022017,0.1767502247834514,0.4544270833333333
CANT1,0.0699009131917343,0.27185067589759,0.3334237337251918,2.77867362222228e-33,0.0,True,0.0699009131917343,0.3334237337251918,0.0,0.4544270833333333
DPY30,0.012911600258155,0.8102165478557536,0.6040713236688608,2.7319433314826e-103,0.0,True,0.012911600258155,0.6040713236688608,0.0,0.45410156249999994
PLA2G15,-0.0020890901798251,0.9778958897044646,0.7311832415721999,4.1200485628479104e-151,0.0,False,0.0020890901798251,0.7311832415721999,0.0,0.45361328124999994
STK4,0.2440224623139109,0.0008154592812447,0.0976107966264223,0.0004140952886353,0.0,True,0.2440224623139109,0.0976107966264223,0.0,0.45328776041666663
DUOX2,0.3976866829736902,0.0148635889848919,-0.0291463456595165,0.199730459458787,0.0,False,0.3976866829736902,0.0291463456595165,0.0,0.45231119791666663
MPI,-0.1744461069874683,0.0781317816030636,0.137503523749935,1.56964374625064e-06,0.0,False,0.1744461069874683,0.137503523749935,0.0,0.4519856770833333
CPA1,0.0741699757268214,0.6076718982677568,-0.0291463456595165,0.257551565293379,0.7728820286947998,False,0.0741699757268214,0.0291463456595165,0.7728820286947998,0.45149739583333326
PLA2G7,-0.0346032400275682,0.8912716690272626,-0.4540316308947075,1.57535865149445e-57,0.0,True,0.0346032400275682,0.4540316308947075,0.0,0.45117187499999994
NTRK2,0.0546585935000027,0.7836245267197213,0.3785116232537298,3.9262917167310795e-40,0.0,True,0.0546585935000027,0.3785116232537298,0.0,0.45084635416666663
SAMD9L,0.1725894283364679,0.2050545629874566,0.137503523749935,3.50845956053313e-07,0.0,True,0.1725894283364679,0.137503523749935,0.0,0.45035807291666663
BAG3,-0.149172919983707,0.0684280929359339,0.1634987322828795,5.4227488151871305e-09,0.0,False,0.149172919983707,0.1634987322828795,0.0,0.4495442708333333
HMOX1,-0.2454416418571394,0.0858809997289674,-0.0892673380970874,0.0008828821836989,0.0,True,0.2454416418571394,0.0892673380970874,0.0,0.4495442708333333
CD8A,0.0430785195764409,0.8223283553536476,0.4222330006830478,7.097914896423469e-55,0.0,True,0.0430785195764409,0.4222330006830478,0.0,0.4490559895833333
PLA2G1B,0.0205200238847176,0.8064487987868604,-0.5353317329965558,1.27206812700518e-79,0.0,False,0.0205200238847176,0.5353317329965558,0.0,0.44775390624999994
ACP6,-0.3185611053759363,0.0014268192708559,0.0565835283663675,0.05318739302511,0.0,False,0.3185611053759363,0.0565835283663675,0.0,0.4475911458333333
SLC27A4,0.0875670145626568,0.2227013417661207,0.2630344058337938,1.99257908430827e-21,0.0,True,0.0875670145626568,0.2630344058337938,0.0,0.4466145833333333
AKT1S1,0.1352798140927316,0.0754143420530054,0.1763227726404628,3.07195967401029e-10,0.0,True,0.1352798140927316,0.1763227726404628,0.0,0.44547526041666663
PSMA1,-0.0792102320927305,0.0355098533406384,-0.043943347587597,0.134736741891924,0.331254760618021,True,0.0792102320927305,0.043943347587597,0.331254760618021,0.4453125
VIM,0.2456810009837067,0.004604279833677,0.0840642647884745,0.004090666759438,0.0,True,0.2456810009837067,0.0840642647884745,0.0,0.44531249999999994
ERP44,-0.0857382653571381,0.0373643288267147,0.2630344058337938,7.822012730258969e-22,0.0,False,0.0857382653571381,0.2630344058337938,0.0,0.4446614583333333
HYOU1,-0.1047676757493771,0.1236175964826798,-0.014499569695115,0.469905656150296,0.2025229110231327,True,0.1047676757493771,0.014499569695115,0.2025229110231327,0.44449869791666663
SPP1,0.2917344278822114,0.0789554904086832,-0.0588936890535685,0.0321607730329628,0.0,False,0.2917344278822114,0.0588936890535685,0.0,0.44417317708333326
CA11,-0.3510061978270693,0.0143192929484296,0.0426443374084937,0.0706187136115034,0.0,False,0.3510061978270693,0.0426443374084937,0.0,0.44384765624999994
CEACAM1,0.1013211798602817,0.3764685911413462,0.2265085298086797,1.35851087261007e-16,0.0,True,0.1013211798602817,0.2265085298086797,0.0,0.4436848958333333
FMR1,0.0813990045864621,0.071324843244018,0.0285691521967709,0.253589759793843,0.5486444025912688,True,0.0813990045864621,0.0285691521967709,0.5486444025912688,0.4436848958333333
GLT8D2,-0.413259178189854,0.0647333829618657,0.01435529297707,0.54099101001207,0.0,False,0.413259178189854,0.01435529297707,0.0,0.44319661458333326
RAB6B,-0.4333515537124048,0.002695219126495,0.0,0.920496505794643,0.0,False,0.4333515537124048,0.0,0.0,0.44254557291666663
TGFBI,-0.0706536908370889,0.6848855775980146,0.2986583155645151,2.31685391560681e-27,0.0,False,0.0706536908370889,0.2986583155645151,0.0,0.44189453124999994
RHOC,0.237685484261279,0.0625983005290191,0.0840642647884745,0.0020899397273586,0.0,True,0.237685484261279,0.0840642647884745,0.0,0.44140624999999994
DPP4,-0.2171548573427308,0.1826786095695252,0.0976107966264223,0.0011011957048611,0.0,False,0.2171548573427308,0.0976107966264223,0.0,0.44091796874999994
PMVK,-0.301614994403506,0.0015387224979811,0.0565835283663675,0.047642037777315,0.0,False,0.301614994403506,0.0565835283663675,0.0,0.4407552083333333
IL10RA,-0.1942685252738067,0.2761532578125832,0.1110313123887439,2.28146836937039e-05,0.0,False,0.1942685252738067,0.1110313123887439,0.0,0.44010416666666663
SETMAR,0.0419605403897289,0.4832625571687422,0.4005379295837288,1.36405786753377e-45,0.0,True,0.0419605403897289,0.4005379295837288,0.0,0.44010416666666663
GFER,0.0467926772556399,0.5065193808750797,0.3785116232537298,6.4349393716632096e-43,0.0,True,0.0467926772556399,0.3785116232537298,0.0,0.44010416666666663
SPINK1,0.0592636709586429,0.0737098157759056,0.3334237337251918,3.7595282992155704e-31,0.0,True,0.0592636709586429,0.3334237337251918,0.0,0.43912760416666663
MTPN,0.2441570828345902,0.0603521187671572,-0.0740005814437769,0.0041293661487796,0.0,False,0.2441570828345902,0.0740005814437769,0.0,0.43896484374999994
VCAN,-0.083436691180454,0.719524865175041,-0.2515387669959644,3.11267144037756e-20,0.0,True,0.083436691180454,0.2515387669959644,0.0,0.43863932291666663
STX8,-0.1036531738032611,0.0393927347420696,0.2141248053528473,1.79426120943902e-15,0.0,False,0.1036531738032611,0.2141248053528473,0.0,0.43863932291666663
SF3B4,0.0762424635883469,0.0905452048524323,-0.0291463456595165,0.28480357346439,0.4830897191461957,False,0.0762424635883469,0.0291463456595165,0.4830897191461957,0.43847656249999994
SDC4,0.3340763352318259,0.0019172808956326,0.0426443374084937,0.0745433600538943,0.0,True,0.3340763352318259,0.0426443374084937,0.0,0.4383138020833333
PTK7,0.1159635436240602,0.2266894532275359,0.1890338243900168,7.42429159018723e-12,0.0,True,0.1159635436240602,0.1890338243900168,0.0,0.4368489583333333
CARHSP1,0.2893463809254388,0.0140955503557094,0.0565835283663675,0.0428724103936419,0.0,True,0.2893463809254388,0.0565835283663675,0.0,0.4368489583333333
PNLIPRP2,0.2524203699329561,0.3634910346540524,0.070389327891398,0.0187539920205481,0.0,True,0.2524203699329561,0.070389327891398,0.0,0.4368489583333333
SERPINB1,0.1890281738471202,0.0026862321227623,0.1110313123887439,6.10172317932811e-05,0.0,True,0.1890281738471202,0.1110313123887439,0.0,0.4368489583333333
C2CD2L,-0.1697770135401004,0.0038050821763911,0.1243281350022017,2.04255385084586e-06,0.0,False,0.1697770135401004,0.1243281350022017,0.0,0.43668619791666663
CD164,0.0567344150438593,0.1187543487599843,0.3334237337251918,1.39885485040097e-32,0.0,True,0.0567344150438593,0.3334237337251918,0.0,0.43652343749999994
TACC3,-0.1059376945758128,0.0520660771353707,0.0285691521967709,0.351786574489919,0.0492791375477123,False,0.1059376945758128,0.0285691521967709,0.0492791375477123,0.43554687499999994
VASH1,-0.1682948653709282,0.2269638023785797,0.1243281350022017,1.04213663397239e-05,0.0,False,0.1682948653709282,0.1243281350022017,0.0,0.4353841145833333
HCLS1,-0.1241510946641604,0.5507406663711818,0.1763227726404628,1.42876264978349e-10,0.0,False,0.1241510946641604,0.1763227726404628,0.0,0.4353841145833333
VNN2,0.0408612876340823,0.8789760900637574,0.3895668117627256,5.66077914190844e-45,0.0,True,0.0408612876340823,0.3895668117627256,0.0,0.43522135416666663
MSMB,-0.2657721694730552,0.4642424309733897,-0.0588936890535685,0.0327824069339551,0.0,True,0.2657721694730552,0.0588936890535685,0.0,0.43473307291666663
IL6ST,0.0618019808145344,0.1280101452185614,0.3103401206121505,6.955014171973269e-29,0.0,True,0.0618019808145344,0.3103401206121505,0.0,0.4344075520833333
TDRKH,-0.0829613557719293,0.2951015135139939,0.2509615735332187,6.078875929563821e-20,0.0,False,0.0829613557719293,0.2509615735332187,0.0,0.43424479166666663
FXYD5,-0.1812063943690418,0.1485772623324888,0.1110313123887439,0.0001111443488865,0.0,False,0.1812063943690418,0.1110313123887439,0.0,0.43424479166666663
SLC39A14,0.0805340123433584,0.0374234467103463,-0.2515387669959644,3.1913753728626003e-20,0.0,False,0.0805340123433584,0.2515387669959644,0.0,0.43310546874999994
ANXA3,0.1534812734022548,0.1716726898230606,0.137503523749935,1.71191364287175e-07,0.0,True,0.1534812734022548,0.137503523749935,0.0,0.43277994791666663
VWF,-0.0568257277669168,0.8036006340676968,0.3219280948873623,7.40743658412747e-31,0.0,False,0.0568257277669168,0.3219280948873623,0.0,0.43261718749999994
PPP1R12A,0.1209218873182962,0.0079134576221819,0.1763227726404628,2.61851003000431e-10,0.0,True,0.1209218873182962,0.1763227726404628,0.0,0.4324544270833333
ALPP,0.0642481427161643,0.280110917550078,0.2986583155645151,6.822724420677101e-26,0.0,True,0.0642481427161643,0.2986583155645151,0.0,0.43212890624999994
CTSL,0.0324603800056344,0.6986469017163861,0.4005379295837288,8.36327535268151e-46,0.0,True,0.0324603800056344,0.4005379295837288,0.0,0.4309895833333333
GRPEL1,0.0049798575375934,0.9406987101286098,0.5459683691052925,7.26082874312866e-84,0.0,True,0.0049798575375934,0.5459683691052925,0.0,0.43017578124999994
PRTFDC1,-0.2679975489304489,0.039709024008328,0.0565835283663675,0.0638770768343944,0.0,False,0.2679975489304489,0.0565835283663675,0.0,0.4290364583333333
SNX9,0.1387550561528794,0.0146620678301159,0.1505596765753813,6.52256004277079e-08,0.0,True,0.1387550561528794,0.1505596765753813,0.0,0.42871093749999994
CNST,-0.1386057836090231,0.0173089024101163,0.1505596765753813,2.08174939436192e-08,0.0,False,0.1386057836090231,0.1505596765753813,0.0,0.4280598958333333
AHCY,0.0999918471453646,0.2509280614601663,0.2016338611696504,3.14793730670645e-13,0.0,True,0.0999918471453646,0.2016338611696504,0.0,0.42789713541666663
SPARC,-0.1167360594436086,0.5765631243359416,0.1763227726404628,2.2215115493994e-11,0.0,False,0.1167360594436086,0.1763227726404628,0.0,0.42789713541666663
LRP1,0.0924214196854649,0.6281968116029428,-0.2175914350726267,4.5586201688698505e-14,0.0,False,0.0924214196854649,0.2175914350726267,0.0,0.42773437499999994
ICA1,-0.1917288843208044,0.0001315062363612,0.0976107966264223,0.0007063084886035,0.0,False,0.1917288843208044,0.0976107966264223,0.0,0.42724609374999994
PRKRA,-0.0499095195946157,0.1653596129752728,0.3334237337251918,8.703233715000269e-33,0.0,False,0.0499095195946157,0.3334237337251918,0.0,0.42675781249999994
MAP4K5,0.1909874832794535,0.0088134089083202,0.0976107966264223,0.0002335372564446,0.0,True,0.1909874832794535,0.0976107966264223,0.0,0.42594401041666663
ITGAV,0.0099794324373405,0.7810521774179862,-0.4941090702700427,4.07020882829923e-67,0.0,False,0.0099794324373405,0.4941090702700427,0.0,0.42561848958333326
BTN3A2,-0.0544451118157942,0.7481446377912235,0.3103401206121505,1.93144447505191e-29,0.0,False,0.0544451118157942,0.3103401206121505,0.0,0.42529296874999994
PLIN3,0.0797662251466224,0.2722799458350157,0.2387868595871164,8.238676177193009e-18,0.0,True,0.0797662251466224,0.2387868595871164,0.0,0.42496744791666663
TNFRSF13B,0.0226384604085216,0.5790578956799431,0.4222330006830478,1.17893348643709e-52,0.0,True,0.0226384604085216,0.4222330006830478,0.0,0.42431640625
IL6R,-0.2561478711478688,0.0181906967287209,0.0565835283663675,0.0482063162574163,0.0,False,0.2561478711478688,0.0565835283663675,0.0,0.4241536458333333
CLIP2,0.1332023733753153,0.1267599548599148,0.1505596765753813,4.95378506419956e-08,0.0,True,0.1332023733753153,0.1505596765753813,0.0,0.4231770833333333
ITM2A,-0.237997769072054,0.2583150433907935,-0.0588936890535685,0.0415248116749029,0.0,True,0.237997769072054,0.0588936890535685,0.0,0.4226888020833333
SEMA4D,0.141349611392231,0.0304530560606561,0.137503523749935,8.55394955984274e-07,0.0,True,0.141349611392231,0.137503523749935,0.0,0.4226888020833333
LGALS8,0.1030410825187964,0.0040841929527706,0.1890338243900168,3.80229270655483e-12,0.0,True,0.1030410825187964,0.1890338243900168,0.0,0.4222005208333333
PAK4,-0.132697722785088,0.0820285847840105,0.1505596765753813,7.64474886827977e-08,0.0,False,0.132697722785088,0.1505596765753813,0.0,0.4222005208333333
MAP2K6,-0.2840992949523802,0.0404524699357731,0.0426443374084937,0.152023800284892,0.0,False,0.2840992949523802,0.0426443374084937,0.0,0.4217122395833333
AGER,-0.0264341498690434,0.6702379318519583,-0.3959286763311392,1.32415466980214e-43,0.0,True,0.0264341498690434,0.3959286763311392,0.0,0.42138671874999994
PTN,-0.0493201737305755,0.7613089613787729,0.3219280948873623,1.22347171742413e-28,0.0,False,0.0493201737305755,0.3219280948873623,0.0,0.4212239583333333
PON2,0.0205208995801893,0.7279904962028219,0.4222330006830478,5.04266593610634e-53,0.0,True,0.0205208995801893,0.4222330006830478,0.0,0.42041015625
P4HB,0.0081786329636646,0.7642850136736873,0.4750848829487826,1.51455530752018e-66,0.0,True,0.0081786329636646,0.4750848829487826,0.0,0.4202473958333333
RRM2,-0.0326082651829588,0.9115015521568256,0.3673710656485294,9.021025184980059e-40,0.0,False,0.0326082651829588,0.3673710656485294,0.0,0.42008463541666663
DNAJA2,0.0875421921246886,0.0870735999230346,0.2141248053528473,2.0442496738922202e-14,0.0,True,0.0875421921246886,0.2141248053528473,0.0,0.42008463541666663
DTX3,-0.281138190823313,0.0253719700022647,0.0426443374084937,0.112372610406622,0.0,False,0.281138190823313,0.0426443374084937,0.0,0.42008463541666663
F2R,-0.0935501821748117,0.5680894293251929,0.2016338611696504,6.84277196454312e-14,0.0,False,0.0935501821748117,0.2016338611696504,0.0,0.4197591145833333
BIN2,0.1772600305708032,0.0511852235409602,0.0976107966264223,0.0005512047586417,0.0,True,0.1772600305708032,0.0976107966264223,0.0,0.41910807291666663
FST,0.0615245525983683,0.6749025902672569,0.0285691521967709,0.308455438314334,0.5832280114799039,True,0.0615245525983683,0.0285691521967709,0.5832280114799039,0.4189453125
TBCB,-0.1755024963809575,0.0078957785289777,0.0976107966264223,0.000705172692668,0.0,False,0.1755024963809575,0.0976107966264223,0.0,0.41813151041666663
TIE1,0.0280916552205514,0.8976547323020975,0.3785116232537298,2.5547724652296196e-42,0.0,True,0.0280916552205514,0.3785116232537298,0.0,0.41796874999999994
ARNT,0.2005430062374706,0.0096640152476508,-0.0740005814437769,0.0090684096633738,0.0,False,0.2005430062374706,0.0740005814437769,0.0,0.41748046874999994
STIP1,-0.0993242490964902,0.2786597054690093,0.1890338243900168,1.11598601673388e-12,0.0,False,0.0993242490964902,0.1890338243900168,0.0,0.4173177083333333
MFAP3,0.0708952018671684,0.0289269189071633,0.0426443374084937,0.190748597899701,0.1388690701363527,True,0.0708952018671684,0.0426443374084937,0.1388690701363527,0.41666666666666663
SOD1,-0.0895329960212993,0.0190779896272933,0.2016338611696504,1.37727762273952e-13,0.0,False,0.0895329960212993,0.2016338611696504,0.0,0.41617838541666663
CD209,0.2263196804786984,0.3487968757991038,-0.0588936890535685,0.0175260817725935,0.0,False,0.2263196804786984,0.0588936890535685,0.0,0.4148763020833333
SFTPD,-0.2079471472192997,0.1818882383258995,0.070389327891398,0.0172536302894078,0.0,False,0.2079471472192997,0.070389327891398,0.0,0.41471354166666663
SCARB1,-0.2635190192192933,0.0054516668430732,0.0426443374084937,0.17184061256145,0.0,False,0.2635190192192933,0.0426443374084937,0.0,0.4138997395833333
CSTB,0.0026881132268155,0.969435081933703,0.4750848829487826,1.26843538695579e-63,0.0,True,0.0026881132268155,0.4750848829487826,0.0,0.41373697916666663
PARP1,-0.0078575195332071,0.8856759779125628,0.4541758931858021,1.74955351649576e-61,0.0,False,0.0078575195332071,0.4541758931858021,0.0,0.4134114583333333
PPP1R2,0.1219113873057633,0.0439585366398422,0.1505596765753813,2.96576646586382e-08,0.0,True,0.1219113873057633,0.1505596765753813,0.0,0.41308593749999994
PTX3,0.3167959414981203,0.1723795109688291,0.01435529297707,0.543328459812943,0.0,True,0.3167959414981203,0.01435529297707,0.0,0.41292317708333326
RP2,0.1544152746353386,0.0633688991836874,0.1110313123887439,0.0001007640408683,0.0,True,0.1544152746353386,0.1110313123887439,0.0,0.4114583333333333
CLEC4A,0.0244222529254409,0.8052482427762252,-0.3770696490798233,7.20399714132724e-41,0.0,False,0.0244222529254409,0.3770696490798233,0.0,0.41080729166666663
EPHB6,0.2781684483702999,0.017902036019627,-0.0291463456595165,0.280506062889932,0.0,False,0.2781684483702999,0.0291463456595165,0.0,0.41064453124999994
PPP1R9B,0.09348769799875,0.1090980981690469,0.1890338243900168,3.44999204849821e-12,0.0,True,0.09348769799875,0.1890338243900168,0.0,0.41015624999999994
HMOX2,-0.0683570293627813,0.3990438235259371,0.2387868595871164,1.70331456082235e-18,0.0,False,0.0683570293627813,0.2387868595871164,0.0,0.40966796874999994
FIS1,-0.1515513603759402,0.1109465689568137,0.1110313123887439,2.79098639925358e-05,0.0,False,0.1515513603759402,0.1110313123887439,0.0,0.4095052083333333
ATP6AP2,-0.0930587419611459,0.073934158760035,0.1890338243900168,3.6244384512571697e-12,0.0,False,0.0930587419611459,0.1890338243900168,0.0,0.4095052083333333
NSFL1C,0.1001983401215564,0.1491992108290496,0.1763227726404628,9.1124014312279e-11,0.0,True,0.1001983401215564,0.1763227726404628,0.0,0.40869140624999994
PTEN,-0.0347347409147857,0.4214059127582876,0.0426443374084937,0.144953491291423,0.69226910328684,False,0.0347347409147857,0.0426443374084937,0.69226910328684,0.4085286458333333
DCTN1,-0.1249480989686731,0.0539283873357793,0.137503523749935,1.06072152899848e-06,0.0,False,0.1249480989686731,0.137503523749935,0.0,0.4080403645833333
PLA2G4A,-0.1954342410344631,0.2080212039047216,0.070389327891398,0.0045944676325468,0.0,False,0.1954342410344631,0.070389327891398,0.0,0.40787760416666663
GALNT2,0.2366144357982449,0.0553179834858026,-0.043943347587597,0.0862402684313853,0.0,False,0.2366144357982449,0.043943347587597,0.0,0.40771484374999994
CD63,-0.0191297179009986,0.289261481776253,0.3895668117627256,2.59264471233666e-45,0.0,False,0.0191297179009986,0.3895668117627256,0.0,0.4075520833333333
LXN,-0.2353049806748135,0.0051724783235268,-0.043943347587597,0.116369760029381,0.0,True,0.2353049806748135,0.043943347587597,0.0,0.4070638020833333
IL1RL1,0.031468324589599,0.9073331982106247,0.3334237337251918,1.40619482335737e-29,0.0,True,0.031468324589599,0.3334237337251918,0.0,0.40592447916666663
ICOSLG,-0.0742870398677952,0.3530362143696744,-0.2175914350726267,3.37519352269747e-15,0.0,True,0.0742870398677952,0.2175914350726267,0.0,0.40592447916666663
BID,-0.0653024457456137,0.2357542158801882,0.2387868595871164,2.0280553772056297e-18,0.0,False,0.0653024457456137,0.2387868595871164,0.0,0.40576171874999994
GRK5,0.0367104321090234,0.7921697486626081,0.0565835283663675,0.0445709897618194,0.4208107203029506,True,0.0367104321090234,0.0565835283663675,0.4208107203029506,0.40543619791666663
PSG1,0.3100111648959913,0.2376119164564426,0.0,0.942939711563546,0.0,False,0.3100111648959913,0.0,0.0,0.40543619791666663
NBL1,0.0252436446434831,0.8305923016043072,0.3561438102252753,5.09063704216503e-35,0.0,True,0.0252436446434831,0.3561438102252753,0.0,0.4052734375
VAMP5,0.0648382999943564,0.4254175162897842,0.2387868595871164,7.15045550910236e-18,0.0,True,0.0648382999943564,0.2387868595871164,0.0,0.40478515624999994
PARK7,-0.1059845247932322,0.0038415676599432,0.1634987322828795,2.8708187008009104e-09,0.0,False,0.1059845247932322,0.1634987322828795,0.0,0.4046223958333333
APOH,-0.112717376649126,0.6433721553752263,0.1505596765753813,7.26406074761024e-08,0.0,False,0.112717376649126,0.1505596765753813,0.0,0.40397135416666663
PPCDC,-0.0804696596823308,0.3595697943980236,0.2016338611696504,5.69375819876899e-13,0.0,False,0.0804696596823308,0.2016338611696504,0.0,0.40380859374999994
PM20D1,0.0172302262713035,0.9547004081947952,0.0976107966264223,0.0004176214385691,0.2743183105089035,True,0.0172302262713035,0.0976107966264223,0.2743183105089035,0.40299479166666663
SCARF1,0.060727017326438,0.6427434971272221,0.2509615735332187,4.486784552666721e-19,0.0,True,0.060727017326438,0.2509615735332187,0.0,0.4026692708333333
DCN,-0.0570122827832069,0.8094998927661283,0.0285691521967709,0.26392436950933,0.4001680765666633,False,0.0570122827832069,0.0285691521967709,0.4001680765666633,0.40234375
GLO1,0.0453128408834562,0.1621531595236672,0.2868811477881615,1.39113520041572e-25,0.0,True,0.0453128408834562,0.2868811477881615,0.0,0.40185546874999994
HAGH,-0.2373427664454848,0.0012371403096621,0.0426443374084937,0.12364949553126,0.0,False,0.2373427664454848,0.0426443374084937,0.0,0.40152994791666663
FCER2,-0.0113827420344625,0.7922747836537202,0.4005379295837288,1.3514878640038e-47,0.0,False,0.0113827420344625,0.4005379295837288,0.0,0.40104166666666663
LAT,-0.0675264714599013,0.2744275412922571,0.2265085298086797,1.52322634222797e-16,0.0,False,0.0675264714599013,0.2265085298086797,0.0,0.4007161458333333
ESAM,-0.1104141443847117,0.4325908382416099,0.1505596765753813,3.25678252962607e-07,0.0,False,0.1104141443847117,0.1505596765753813,0.0,0.3997395833333333
ANXA5,0.0829042631077712,0.0572001873913705,0.1890338243900168,3.16896927409327e-11,0.0,True,0.0829042631077712,0.1890338243900168,0.0,0.39843749999999994
XRCC4,0.0920035100150382,0.1180313913344088,0.1763227726404628,2.25777820902292e-10,0.0,True,0.0920035100150382,0.1763227726404628,0.0,0.39794921874999994
PECAM1,0.0420026844931058,0.8573211155961243,0.2868811477881615,1.0150083724789501e-25,0.0,True,0.0420026844931058,0.2868811477881615,0.0,0.39697265624999994
MIF,-0.09915987320176,0.2238559673929221,0.1634987322828795,1.1706335552034301e-09,0.0,False,0.09915987320176,0.1634987322828795,0.0,0.3968098958333333
CC2D1A,-0.0649092523057666,0.2288553690421801,0.2265085298086797,3.9043069098912104e-17,0.0,False,0.0649092523057666,0.2265085298086797,0.0,0.3968098958333333
LHPP,-0.1223527955012535,0.4154914798128417,0.1243281350022017,1.6065545823276e-05,0.0,False,0.1223527955012535,0.1243281350022017,0.0,0.39469401041666663
ILKAP,-0.0967717767330835,0.126023287112317,0.1634987322828795,7.16718050980228e-10,0.0,False,0.0967717767330835,0.1634987322828795,0.0,0.39453124999999994
ANKRD54,-0.1353082065313291,0.0080066504772842,0.1110313123887439,8.35738720647276e-05,0.0,False,0.1353082065313291,0.1110313123887439,0.0,0.39453124999999994
CLEC11A,-0.0732704469191736,0.2667142722465543,0.2016338611696504,4.0750947766809797e-13,0.0,False,0.0732704469191736,0.2016338611696504,0.0,0.39404296874999994
FKBP4,-0.043967895678568,0.5676744294880606,0.2750070474998697,6.29575461719699e-24,0.0,False,0.043967895678568,0.2750070474998697,0.0,0.39322916666666663
LYPD3,-0.1207420937719314,0.3462803655850802,0.1243281350022017,7.6825131054487e-06,0.0,False,0.1207420937719314,0.1243281350022017,0.0,0.39306640624999994
EBAG9,-0.0857080005952362,0.0789523311632259,0.1763227726404628,1.07159818103592e-10,0.0,False,0.0857080005952362,0.1763227726404628,0.0,0.3924153645833333
BCR,-0.1027709798621554,0.1824378261351308,0.1505596765753813,2.14542070546765e-08,0.0,False,0.1027709798621554,0.1505596765753813,0.0,0.39127604166666663
CCS,-0.2018647417744361,0.0001315203318443,-0.043943347587597,0.0965259650873293,0.0,True,0.2018647417744361,0.043943347587597,0.0,0.39111328124999994
LYAR,0.1563701978314551,0.1659205134457925,0.0840642647884745,0.0020407397296605,0.0,True,0.1563701978314551,0.0840642647884745,0.0,0.3909505208333333
UXS1,0.1183673723997493,0.0644298813056969,0.1243281350022017,4.46730731717839e-06,0.0,True,0.1183673723997493,0.1243281350022017,0.0,0.39078776041666663
PRDX3,0.0422682665037577,0.3739565150673647,0.2750070474998697,2.63702049566734e-23,0.0,True,0.0422682665037577,0.2750070474998697,0.0,0.390625
CDKN1A,-0.0457098005075202,0.3264536014872412,0.2630344058337938,2.11682904595108e-22,0.0,False,0.0457098005075202,0.2630344058337938,0.0,0.39062499999999994
METAP1,0.2659745384730563,0.0006816496346789,0.0,0.936872516718651,0.0,False,0.2659745384730563,0.0,0.0,0.39013671874999994
CD40,-0.0232218183891017,0.811327214028135,0.3219280948873623,1.685230195827e-30,0.0,False,0.0232218183891017,0.3219280948873623,0.0,0.3899739583333333
CETN2,-0.1012943089335784,0.0536145689895277,0.1505596765753813,1.41450943387104e-08,0.0,False,0.1012943089335784,0.1505596765753813,0.0,0.3899739583333333
TNFRSF19,0.1537128341165399,0.0395510018614023,0.0840642647884745,0.0037756767015428,0.0,True,0.1537128341165399,0.0840642647884745,0.0,0.3899739583333333
CPPED1,0.0444578559385941,0.6896994798371169,0.2630344058337938,4.02178913118285e-21,0.0,True,0.0444578559385941,0.2630344058337938,0.0,0.38932291666666663
MANF,-0.1283997259586442,0.0146932670576373,0.1110313123887439,2.57776394779921e-05,0.0,False,0.1283997259586442,0.1110313123887439,0.0,0.3880208333333333
CNTNAP2,0.1660253156428561,0.4582718048997753,0.070389327891398,0.0092162504691358,0.0,True,0.1660253156428561,0.070389327891398,0.0,0.3876953125
CD99,-0.1071046071491217,0.1781251126071378,0.137503523749935,4.11184976113513e-05,0.0,False,0.1071046071491217,0.137503523749935,0.0,0.3875325520833333
PTGDS,0.0038177865031308,0.9849194757895978,0.3895668117627256,1.69994737112178e-39,0.0,True,0.0038177865031308,0.3895668117627256,0.0,0.38736979166666663
NID1,0.031734418587721,0.9001899516776303,0.2868811477881615,1.63114398490397e-24,0.0,True,0.031734418587721,0.2868811477881615,0.0,0.38688151041666663
CIAPIN1,-0.089253555709897,0.1275501637924654,0.1634987322828795,1.2529553225313801e-09,0.0,False,0.089253555709897,0.1634987322828795,0.0,0.38639322916666663
VAT1,-0.0531556711403506,0.2499778254386594,-0.2344652536370229,3.66358494695662e-18,0.0,True,0.0531556711403506,0.2344652536370229,0.0,0.384765625
NT5C3A,0.2140244157894759,0.0022348341532307,-0.0291463456595165,0.335418079180939,0.0,False,0.2140244157894759,0.0291463456595165,0.0,0.3846028645833333
MIA,0.0830719654724312,0.1398214990269839,-0.1681227588083269,1.80176240140957e-09,0.0,False,0.0830719654724312,0.1681227588083269,0.0,0.38362630208333326
MRPL46,-0.1233897432637824,0.0210449395674887,0.1110313123887439,9.76982209943305e-05,0.0,False,0.1233897432637824,0.1110313123887439,0.0,0.38346354166666663
GPC1,0.16110484691416,0.1088110428639335,0.070389327891398,0.0069602089939216,0.0,True,0.16110484691416,0.070389327891398,0.0,0.38248697916666663
BTN2A1,0.0050530535300747,0.9307674488706852,0.3673710656485294,1.23768736602887e-37,0.0,True,0.0050530535300747,0.3673710656485294,0.0,0.38199869791666663
DPP10,-0.0390896585212994,0.7759377462611978,0.2630344058337938,9.2292382973005e-22,0.0,False,0.0390896585212994,0.2630344058337938,0.0,0.3818359375
RASA1,0.0431839212406011,0.154618700890269,0.0285691521967709,0.323490332530279,0.381924884932809,True,0.0431839212406011,0.0285691521967709,0.381924884932809,0.38183593749999994
TNFRSF10C,-0.0285078069536357,0.8532681002539876,0.2868811477881615,1.22205299943448e-24,0.0,False,0.0285078069536357,0.2868811477881615,0.0,0.38167317708333326
EIF4G1,0.0379528865733043,0.4846382236008993,0.2630344058337938,9.40162833273463e-23,0.0,True,0.0379528865733043,0.2630344058337938,0.0,0.38151041666666663
IGFBP3,-0.1489441658546422,0.2656701620730893,-0.0740005814437769,0.0054516694396615,0.0,True,0.1489441658546422,0.0740005814437769,0.0,0.38102213541666663
MAP3K5,0.1596974551892227,0.017924864378751,0.070389327891398,0.0136264758924587,0.0,True,0.1596974551892227,0.070389327891398,0.0,0.380859375
ACTN4,0.1944048950112815,0.0503371364616184,0.0426443374084937,0.0843779475646151,0.0,True,0.1944048950112815,0.0426443374084937,0.0,0.3806966145833333
RGMB,-0.1488598472612796,0.1499192890496623,-0.0740005814437769,0.0084901162321696,0.0,True,0.1488598472612796,0.0740005814437769,0.0,0.3806966145833333
PDCD5,0.0322282220858429,0.6332405341300685,0.2750070474998697,6.43214501708395e-24,0.0,True,0.0322282220858429,0.2750070474998697,0.0,0.38053385416666663
CHEK2,0.1805170004649099,0.0565445943866596,-0.043943347587597,0.148106625166297,0.0,False,0.1805170004649099,0.043943347587597,0.0,0.38037109375
SOD2,0.0630445541666695,0.0389757684704968,0.2016338611696504,4.03959077499706e-12,0.0,True,0.0630445541666695,0.2016338611696504,0.0,0.3797200520833333
BSG,-0.0225894799467454,0.7723537020965447,0.2986583155645151,9.438346018599149e-26,0.0,False,0.0225894799467454,0.2986583155645151,0.0,0.37939453125
ATP6V1D,-0.13657667892857,0.0052397017531822,-0.0892673380970874,0.0015406034681881,0.0,True,0.13657667892857,0.0892673380970874,0.0,0.37890624999999994
NINJ1,0.1909669125570161,0.0691796555262364,0.0426443374084937,0.123733758051853,0.0,True,0.1909669125570161,0.0426443374084937,0.0,0.37744140625
ANXA4,0.1690241470238085,0.0515114520971129,0.0565835283663675,0.0489940439176347,0.0,True,0.1690241470238085,0.0565835283663675,0.0,0.37662760416666663
ING1,0.0814462806203,0.1990203860908524,0.1634987322828795,6.360857136802871e-09,0.0,True,0.0814462806203,0.1634987322828795,0.0,0.37630208333333326
CTSC,0.0145412108508775,0.9166927867654808,0.3103401206121505,3.4467763435827e-28,0.0,True,0.0145412108508775,0.3103401206121505,0.0,0.37516276041666663
AXL,0.0491517725946106,0.7648555876223498,0.2265085298086797,5.14117379974865e-16,0.0,True,0.0491517725946106,0.2265085298086797,0.0,0.375
CELA3A,0.0775102862907317,0.6666844457515585,-0.1681227588083269,7.57332106292426e-10,0.0,False,0.0775102862907317,0.1681227588083269,0.0,0.37483723958333326
ENPP5,-0.0444379344429854,0.6613581972587348,-0.2344652536370229,2.5844356028805e-16,0.0,True,0.0444379344429854,0.2344652536370229,0.0,0.37467447916666663
MITD1,0.1146216524949892,0.0565778473268552,0.1110313123887439,2.29007872446625e-05,0.0,True,0.1146216524949892,0.1110313123887439,0.0,0.37467447916666663
COPE,-0.1803259034542605,0.0084546633709286,0.0426443374084937,0.171256315941672,0.0,False,0.1803259034542605,0.0426443374084937,0.0,0.37320963541666663
ENTPD6,-0.0404890253308263,0.589287836955299,0.2387868595871164,7.40873188780157e-19,0.0,False,0.0404890253308263,0.2387868595871164,0.0,0.37255859375
MMP1,0.0714692743421103,0.418217076088257,0.1763227726404628,8.24200980304344e-11,0.0,True,0.0714692743421103,0.1763227726404628,0.0,0.37255859375
MYO9B,0.112628108190476,0.0832030810208061,0.1110313123887439,2.3080333793203e-05,0.0,True,0.112628108190476,0.1110313123887439,0.0,0.3723958333333333
FXN,0.0788435005075118,0.2919387306030787,0.1634987322828795,5.000616132741051e-09,0.0,True,0.0788435005075118,0.1634987322828795,0.0,0.37207031249999994
DUSP3,0.157804759786968,0.0177730672446292,-0.0588936890535685,0.0551764181191101,0.0,False,0.157804759786968,0.0588936890535685,0.0,0.3719075520833333
DPEP1,0.0813476023082726,0.4360065204544827,-0.1520030934450499,1.49040593856288e-08,0.0,False,0.0813476023082726,0.1520030934450499,0.0,0.37125651041666663
FLT1,-0.1452948198421051,0.5117816521892588,0.070389327891398,0.0058747413812022,0.0,False,0.1452948198421051,0.070389327891398,0.0,0.37076822916666663
ANGPTL1,-0.1995010237130312,0.2731049412176205,0.0285691521967709,0.370356625644773,0.0,False,0.1995010237130312,0.0285691521967709,0.0,0.37060546875
AIF1,0.1004463510708042,0.6130259058095824,0.1243281350022017,4.2714536768913e-06,0.0,True,0.1004463510708042,0.1243281350022017,0.0,0.3699544270833333
PSME1,-0.0345858766040123,0.4792033927552896,0.2387868595871164,1.01612323381917e-17,0.0,False,0.0345858766040123,0.2387868595871164,0.0,0.36962890625
GSAP,-0.0276308747186728,0.6273144284329325,-0.014499569695115,0.651573672227548,0.5165900904322482,True,0.0276308747186728,0.014499569695115,0.5165900904322482,0.36930338541666663
ARHGAP25,0.1106031259191739,0.3587764535285959,0.1110313123887439,4.15228175219446e-05,0.0,True,0.1106031259191739,0.1110313123887439,0.0,0.36881510416666663
HK2,0.2210518297299479,0.0991432001548005,0.0,0.900348877957734,0.0,False,0.2210518297299479,0.0,0.0,0.36865234375
TBC1D17,-0.0535722995112815,0.406738518798015,0.2016338611696504,5.486379899793429e-13,0.0,False,0.0535722995112815,0.2016338611696504,0.0,0.3680013020833333
TXNDC15,-0.0681308352631582,0.2022579690417837,0.1763227726404628,4.52580900723674e-10,0.0,False,0.0681308352631582,0.1763227726404628,0.0,0.36767578125
ADAMTS16,0.043006807694863,0.7080215933823192,0.2265085298086797,4.1048219927423804e-14,0.0,True,0.043006807694863,0.2265085298086797,0.0,0.3675130208333333
STX6,0.0600799447531361,0.3458064272124712,0.1890338243900168,5.2505148492369e-12,0.0,True,0.0600799447531361,0.1890338243900168,0.0,0.3665364583333333
EIF4B,0.0815330769298281,0.0033503002873363,0.1505596765753813,1.06966404523865e-07,0.0,True,0.0815330769298281,0.1505596765753813,0.0,0.3665364583333333
FLT3LG,-0.0126837354028834,0.9089864095152642,0.2986583155645151,5.20477185700328e-26,0.0,False,0.0126837354028834,0.2986583155645151,0.0,0.36637369791666663
COL4A1,0.1019812040601522,0.2681864045553347,-0.1202942337177117,1.8593738710247e-05,0.0,False,0.1019812040601522,0.1202942337177117,0.0,0.3662109375
RABEPK,-0.1584107904461209,0.0080388887284116,0.0565835283663675,0.0534040616954408,0.0,False,0.1584107904461209,0.0565835283663675,0.0,0.3662109375
PSMD9,0.157884667658525,0.0064954637437104,0.0565835283663675,0.041488578858108,0.0,True,0.157884667658525,0.0565835283663675,0.0,0.3655598958333333
BIRC2,0.1399902262907275,0.0173813280843027,0.070389327891398,0.0089556405164978,0.0,True,0.1399902262907275,0.070389327891398,0.0,0.36555989583333326
SPINT2,0.0021682209210514,0.9591489109886118,0.3334237337251918,6.88211421671646e-32,0.0,True,0.0021682209210514,0.3334237337251918,0.0,0.36490885416666663
ARHGEF12,0.0855031214411052,0.000314612580563,0.137503523749935,3.97839800646732e-07,0.0,True,0.0855031214411052,0.137503523749935,0.0,0.3631184895833333
ANXA10,-0.0106082859755645,0.932861762288806,0.2986583155645151,1.0456672877088501e-25,0.0,False,0.0106082859755645,0.2986583155645151,0.0,0.36279296875
KCNIP4,-0.1764865652042608,0.2699512179736583,-0.0291463456595165,0.338746047694693,0.0,True,0.1764865652042608,0.0291463456595165,0.0,0.36279296875
PPIB,-0.0948910724937306,0.0281699304265258,0.1243281350022017,1.36483540703948e-05,0.0,False,0.0948910724937306,0.1243281350022017,0.0,0.36279296875
DRG2,-0.0097861948201796,0.8801586128228135,0.0840642647884745,0.0026308860108161,0.0456213054443874,False,0.0097861948201796,0.0840642647884745,0.0456213054443874,0.3621419270833333
BST1,-0.0346212631096474,0.7246494246084904,0.2265085298086797,7.81888714432087e-16,0.0,False,0.0346212631096474,0.2265085298086797,0.0,0.36197916666666663
KLK11,0.1502772934887222,0.4965436709284584,0.0565835283663675,0.036058495293949,0.0,True,0.1502772934887222,0.0565835283663675,0.0,0.36197916666666663
PRDX5,-0.1664887135150312,0.0089267680662077,0.0426443374084937,0.091289065991921,0.0,False,0.1664887135150312,0.0426443374084937,0.0,0.36181640625
FOXO3,0.1346894501002502,0.0087013394891757,0.070389327891398,0.0173325044199304,0.0,True,0.1346894501002502,0.070389327891398,0.0,0.36002604166666663
IRAK4,-0.1008106652512506,0.2324357931671303,0.1110313123887439,2.14363950878384e-05,0.0,False,0.1008106652512506,0.1110313123887439,0.0,0.35807291666666663
HS3ST3B1,-0.0752243939949899,0.6258189360273925,0.1505596765753813,4.09449886104932e-08,0.0,False,0.0752243939949899,0.1505596765753813,0.0,0.35807291666666663
KLK1,0.0949174924855924,0.7047422896068973,-0.1202942337177117,3.12083250279687e-05,0.0,False,0.0949174924855924,0.1202942337177117,0.0,0.35774739583333326
BGN,-0.1235696302167905,0.5852030633391492,-0.0740005814437769,0.0087093863638575,0.0,True,0.1235696302167905,0.0740005814437769,0.0,0.3572591145833333
AKR1B1,-0.0997043735964915,0.174007350375376,0.1110313123887439,2.41144239407554e-05,0.0,False,0.0997043735964915,0.1110313123887439,0.0,0.3564453125
CTRC,-0.0024453221040054,0.9906684632953112,-0.3040061868900999,2.49717831636747e-27,0.0,True,0.0024453221040054,0.3040061868900999,0.0,0.35563151041666663
RARRES1,-0.0580701168107768,0.8219083806005368,0.1763227726404628,1.42804730659905e-10,0.0,False,0.0580701168107768,0.1763227726404628,0.0,0.35498046875
CDC27,0.0504521761591476,0.162575843913313,0.1890338243900168,1.71530259824216e-11,0.0,True,0.0504521761591476,0.1890338243900168,0.0,0.3538411458333333
FUS,0.0037260316290659,0.9445763699099096,0.2986583155645151,7.27702257844143e-27,0.0,True,0.0037260316290659,0.2986583155645151,0.0,0.3533528645833333
DKK3,0.0532180447268135,0.795437464104016,-0.1844245711374274,1.21658778829727e-10,0.0,False,0.0532180447268135,0.1844245711374274,0.0,0.3528645833333333
HDGF,0.140213566140348,0.0318173609856237,0.0565835283663675,0.0229614450861856,0.0,True,0.140213566140348,0.0565835283663675,0.0,0.3528645833333333
RCOR1,0.0075617268007519,0.8479352656707166,0.2868811477881615,1.13033045751932e-25,0.0,True,0.0075617268007519,0.2868811477881615,0.0,0.35205078125
NDRG1,-0.1249454609649127,0.2689296138739155,0.070389327891398,0.0065171493829134,0.0,False,0.1249454609649127,0.070389327891398,0.0,0.35188802083333326
TRIM21,0.0941833174780697,0.3176034792418457,0.1110313123887439,4.66857586214142e-05,0.0,True,0.0941833174780697,0.1110313123887439,0.0,0.349609375
REG1A,0.0262631422368393,0.2182050404909204,0.2265085298086797,3.74235006341822e-15,0.0,True,0.0262631422368393,0.2265085298086797,0.0,0.34928385416666663
TARBP2,-0.0456668263201711,0.4025949795759072,0.1890338243900168,1.2977621068500799e-12,0.0,False,0.0456668263201711,0.1890338243900168,0.0,0.3486328125
IL17D,-0.160245898172934,0.1169502815594255,-0.0291463456595165,0.264979883915852,0.0,True,0.160245898172934,0.0291463456595165,0.0,0.34781901041666663
RANGAP1,-0.0988697149335813,0.1481380388870265,-0.1046973786666932,0.0001657894323968,0.0,True,0.0988697149335813,0.1046973786666932,0.0,0.34781901041666663
ATXN10,-0.11040078015664,0.0010358220426884,0.0840642647884745,0.002183804533765,0.0,False,0.11040078015664,0.0840642647884745,0.0,0.34733072916666663
PLXDC1,-0.1278659667656647,0.6767747159083591,-0.0588936890535685,0.0161405731548914,0.0,True,0.1278659667656647,0.0588936890535685,0.0,0.34716796874999994
LACTB2,0.0740488638627834,0.3782796083685127,0.137503523749935,1.45566409487787e-07,0.0,True,0.0740488638627834,0.137503523749935,0.0,0.34684244791666663
SNAP29,-0.0327518788840812,0.6702612940245676,0.2016338611696504,7.01233915477811e-14,0.0,False,0.0327518788840812,0.2016338611696504,0.0,0.34521484375
TXLNA,0.0139871161340838,0.7431323203485621,0.2509615735332187,1.7882959990784802e-20,0.0,True,0.0139871161340838,0.2509615735332187,0.0,0.3447265625
FOLR1,0.1036484681121532,0.7105669525028648,-0.0892673380970874,0.0010471610140516,0.0,False,0.1036484681121532,0.0892673380970874,0.0,0.34472656249999994
REG1B,0.0289874958145315,0.7106992928993983,0.2141248053528473,5.2677498786744e-14,0.0,True,0.0289874958145315,0.2141248053528473,0.0,0.34423828125
FKBP1B,-0.1318052233972491,0.1213815089504422,0.0565835283663675,0.0644533563831994,0.0,False,0.1318052233972491,0.0565835283663675,0.0,0.34375
ATG4A,-0.0990018969931103,0.0780928417435457,0.0976107966264223,0.0001756530030781,0.0,False,0.0990018969931103,0.0976107966264223,0.0,0.34326171874999994
LY75,-0.0008193297443614,0.9967779673226594,0.0565835283663675,0.0607812431587738,0.2248510631610446,False,0.0008193297443614,0.0565835283663675,0.2248510631610446,0.34293619791666663
TBC1D23,0.0871353433521342,0.0334215012520926,0.1110313123887439,3.33033583280387e-05,0.0,True,0.0871353433521342,0.1110313123887439,0.0,0.3421223958333333
ITGB5,0.1008757826253141,0.0961002929160666,-0.0892673380970874,0.0025294602868679,0.0,False,0.1008757826253141,0.0892673380970874,0.0,0.3421223958333333
PTPN1,-0.0301100078984983,0.4110493184969908,0.2016338611696504,5.954238432509461e-14,0.0,False,0.0301100078984983,0.2016338611696504,0.0,0.3396809895833333
S100A16,0.1694886836904778,0.1336744996724846,0.0,0.975015203790425,0.0,False,0.1694886836904778,0.0,0.0,0.33902994791666663
ENO1,-0.0832157339035042,0.2726158960560174,0.1110313123887439,4.01930760962177e-05,0.0,False,0.0832157339035042,0.1110313123887439,0.0,0.3388671875
DIABLO,-0.112554273972437,0.0035366461495798,0.070389327891398,0.0099519714382996,0.0,False,0.112554273972437,0.070389327891398,0.0,0.33854166666666663
SMPDL3A,-0.0788737304191755,0.3840182111956844,-0.1202942337177117,3.02993587415981e-05,0.0,True,0.0788737304191755,0.1202942337177117,0.0,0.33756510416666663
SPARCL1,-0.0889047829943585,0.6826129078641918,-0.1046973786666932,0.0003936731791496,0.0,True,0.0889047829943585,0.1046973786666932,0.0,0.33707682291666663
IL11,0.1668851709649121,0.5147906189765084,0.0,0.851620017954899,0.0,False,0.1668851709649121,0.0,0.0,0.33707682291666663
MPHOSPH8,-0.0665780499185508,0.3553329276872444,0.137503523749935,1.23732078975411e-07,0.0,False,0.0665780499185508,0.137503523749935,0.0,0.3367513020833333
PRKAR1A,-0.0734138664786954,0.0993614305887324,0.1243281350022017,1.42885843939786e-05,0.0,False,0.0734138664786954,0.1243281350022017,0.0,0.33610026041666663
USP8,0.0325396933239332,0.4145982853231008,0.1890338243900168,1.7924986134849498e-11,0.0,True,0.0325396933239332,0.1890338243900168,0.0,0.33463541666666663
JAM2,0.0098799130106508,0.93838055285735,0.2387868595871164,3.48737076019272e-17,0.0,True,0.0098799130106508,0.2387868595871164,0.0,0.33349609375
HGS,-0.0703235874298258,0.5591863054782262,0.1243281350022017,6.24471490491019e-06,0.0,False,0.0703235874298258,0.1243281350022017,0.0,0.33219401041666663
PPME1,-0.1070807335733121,0.0444032352030913,0.070389327891398,0.0202416575283827,0.0,False,0.1070807335733121,0.070389327891398,0.0,0.33138020833333326
AKT3,-0.1434792940037628,0.0691214149330172,0.0285691521967709,0.203558870203369,0.0,False,0.1434792940037628,0.0285691521967709,0.0,0.3299153645833333
TST,0.1310118176177948,0.3115665854032492,0.0426443374084937,0.11102671420123,0.0,True,0.1310118176177948,0.0426443374084937,0.0,0.3299153645833333
CEACAM5,0.0001221384154153,0.9998165883229624,0.2630344058337938,3.6091269666941005e-21,0.0,True,0.0001221384154153,0.2630344058337938,0.0,0.32975260416666663
EPHA10,0.1106059972625317,0.1413354345906139,-0.0588936890535685,0.0573080278134981,0.0,False,0.1106059972625317,0.0588936890535685,0.0,0.3289388020833333
APP,-0.0289973967167878,0.333552727587059,0.1890338243900168,2.30701171605328e-12,0.0,False,0.0289973967167878,0.1890338243900168,0.0,0.32877604166666663
ENG,-0.1290826941253122,0.4081175533997603,0.0426443374084937,0.111016161151776,0.0,False,0.1290826941253122,0.0426443374084937,0.0,0.32861328125
CD55,-0.1414031905513724,0.0790444018249199,0.0285691521967709,0.304587745302191,0.0,False,0.1414031905513724,0.0285691521967709,0.0,0.3279622395833333
COL1A1,-0.0491753067794515,0.7110195331206374,-0.1520030934450499,1.403278256727e-08,0.0,True,0.0491753067794515,0.1520030934450499,0.0,0.32763671874999994
VEGFC,0.0327536828289485,0.8543590816915247,0.1763227726404628,2.8750509082426196e-11,0.0,True,0.0327536828289485,0.1763227726404628,0.0,0.3260091145833333
IPCEF1,-0.010301151977444,0.949027561658249,0.2265085298086797,2.92312164880658e-17,0.0,False,0.010301151977444,0.2265085298086797,0.0,0.32584635416666663
LTBR,-0.0038566113652915,0.9606501556538564,0.2387868595871164,5.16355689419718e-17,0.0,False,0.0038566113652915,0.2387868595871164,0.0,0.32568359375
PPM1A,0.1175368849060198,0.0178895986594417,-0.043943347587597,0.143436568525428,0.0,False,0.1175368849060198,0.043943347587597,0.0,0.32438151041666663
TBL1X,-0.1225456323370917,0.0639964449747082,0.0426443374084937,0.130572032002106,0.0,False,0.1225456323370917,0.0426443374084937,0.0,0.32275390625
MCFD2,0.0634255915413568,0.2270604489263579,0.1243281350022017,2.57244032469819e-06,0.0,True,0.0634255915413568,0.1243281350022017,0.0,0.32242838541666663
NGF,0.1389802790563932,0.2054517250719096,-0.014499569695115,0.440102467712694,0.0,False,0.1389802790563932,0.014499569695115,0.0,0.3206380208333333
CHAC2,-0.0703956139047594,0.5737529115235805,0.1110313123887439,0.0001176059773814,0.0,False,0.0703956139047594,0.1110313123887439,0.0,0.3203125
MAX,0.0535680570426126,0.2869774541353245,0.137503523749935,1.81527335155706e-07,0.0,True,0.0535680570426126,0.137503523749935,0.0,0.3191731770833333
GMPR,-0.1450693601259409,0.0757299545854222,0.0,0.944403274700758,0.0,False,0.1450693601259409,0.0,0.0,0.31884765625
NID2,-0.0214476080676675,0.9062292405698472,0.1890338243900168,8.21223504095009e-13,0.0,False,0.0214476080676675,0.1890338243900168,0.0,0.3177083333333333
SIRT5,-0.1386176845056397,0.0270500246670559,0.01435529297707,0.623573196971128,0.0,False,0.1386176845056397,0.01435529297707,0.0,0.31689453125
CLPP,-0.0093424474824566,0.8863424810102546,0.2141248053528473,2.76259382486106e-15,0.0,False,0.0093424474824566,0.2141248053528473,0.0,0.3162434895833333
DECR1,-0.0259005709962369,0.5600475173846615,0.1763227726404628,2.48180997677972e-11,0.0,False,0.0259005709962369,0.1763227726404628,0.0,0.3152669270833333
CALCOCO1,0.0927646731040106,0.2182692627826449,0.070389327891398,0.0112473934707762,0.0,True,0.0927646731040106,0.070389327891398,0.0,0.31412760416666663
RNF41,-0.0188941394216772,0.7579054951542941,0.1890338243900168,1.6103277698417199e-12,0.0,False,0.0188941394216772,0.1890338243900168,0.0,0.3134765625
IL17RA,0.0187189852180367,0.8027756779900488,0.1890338243900168,2.45892316375065e-12,0.0,True,0.0187189852180367,0.1890338243900168,0.0,0.31315104166666663
KLK10,-0.1343439775751891,0.6320453364498212,0.01435529297707,0.682181546873228,0.0,False,0.1343439775751891,0.01435529297707,0.0,0.31298828125
FOSB,0.1015426562374655,0.4272747185990909,0.0565835283663675,0.0615586855778631,0.0,True,0.1015426562374655,0.0565835283663675,0.0,0.3125
NUDC,-0.0313006040664163,0.5912337434032431,0.1634987322828795,5.30338054030701e-10,0.0,False,0.0313006040664163,0.1634987322828795,0.0,0.31217447916666663
BAX,0.0479708587149083,0.5412386344841641,0.137503523749935,6.9213893676615e-07,0.0,True,0.0479708587149083,0.137503523749935,0.0,0.31168619791666663
CPA2,0.0147413731390955,0.8911722503121741,0.1890338243900168,1.89960426776154e-11,0.0,True,0.0147413731390955,0.1890338243900168,0.0,0.310546875
PDCD6,-0.0542922480664209,0.4442055542383302,0.1243281350022017,4.79763949312677e-06,0.0,False,0.0542922480664209,0.1243281350022017,0.0,0.3103841145833333
SMARCA2,-0.0999124390037593,0.1867409540196609,0.0565835283663675,0.0626403226122296,0.0,False,0.0999124390037593,0.0565835283663675,0.0,0.3098958333333333
GYS1,0.1201332367988747,0.1736246748152246,0.0285691521967709,0.314485854638353,0.0,True,0.1201332367988747,0.0285691521967709,0.0,0.30777994791666663
RWDD1,-0.033709984154143,0.376238447913457,0.1505596765753813,6.52329923715679e-08,0.0,False,0.033709984154143,0.1505596765753813,0.0,0.30729166666666663
ADAM15,0.069230434744357,0.1771044200841118,0.0976107966264223,0.0005465847642166,0.0,True,0.069230434744357,0.0976107966264223,0.0,0.30680338541666663
CLPS,0.047135711122177,0.8206121157275864,-0.1360615495760283,2.83737595393193e-06,0.0,False,0.047135711122177,0.1360615495760283,0.0,0.30631510416666663
CDH5,0.0840501584016273,0.66474476837644,0.070389327891398,0.0061822378584303,0.0,True,0.0840501584016273,0.070389327891398,0.0,0.30631510416666663
TYMP,-0.0004563385075195,0.9958493577584132,0.2141248053528473,2.2817837540952602e-14,0.0,False,0.0004563385075195,0.2141248053528473,0.0,0.30517578125
GSTP1,0.0616134381453647,0.442720306292642,-0.1046973786666932,0.000129644820682,0.0,False,0.0616134381453647,0.1046973786666932,0.0,0.30029296875
BAG6,-0.0551666122681719,0.3213978360715609,0.1110313123887439,3.11647644228408e-05,0.0,False,0.0551666122681719,0.1110313123887439,0.0,0.2998046875
INPPL1,0.0339016514379721,0.5044151465797927,0.137503523749935,1.79768590441838e-07,0.0,True,0.0339016514379721,0.137503523749935,0.0,0.2986653645833333
DFFA,0.0139702978439846,0.7916114286327794,0.1763227726404628,6.32546868876206e-11,0.0,True,0.0139702978439846,0.1763227726404628,0.0,0.2986653645833333
CCT5,0.0443907932330791,0.3330287693488093,0.1243281350022017,2.6831565411403e-06,0.0,True,0.0443907932330791,0.1243281350022017,0.0,0.2976888020833333
PRKCQ,0.1107451310889722,0.3638764167582844,0.0285691521967709,0.262593166428063,0.0,True,0.1107451310889722,0.0285691521967709,0.0,0.2967122395833333
FKBP5,-0.0622323322681701,0.4920845957257519,0.0976107966264223,0.0008636210439593,0.0,False,0.0622323322681701,0.0976107966264223,0.0,0.29638671875
AMFR,0.004838328363407,0.9453837927490892,0.1890338243900168,3.0520476005114698e-12,0.0,True,0.004838328363407,0.1890338243900168,0.0,0.2958984375
TP53,0.0048195674367192,0.9801281864896,0.1890338243900168,2.4698918977079697e-12,0.0,True,0.0048195674367192,0.1890338243900168,0.0,0.29557291666666663
DCTPP1,0.060652765545111,0.3380170653740834,0.0976107966264223,0.0009564137448438,0.0,True,0.060652765545111,0.0976107966264223,0.0,0.29345703125
STX16,-0.0418479745720521,0.3888007579161976,0.1243281350022017,2.85837899944667e-06,0.0,False,0.0418479745720521,0.1243281350022017,0.0,0.29345703125
RILP,0.0107434203151637,0.8515808974548611,0.1763227726404628,4.13848741329153e-10,0.0,True,0.0107434203151637,0.1763227726404628,0.0,0.29313151041666663
GLOD4,0.0311928895764417,0.6934221468631396,0.137503523749935,4.55339709382683e-07,0.0,True,0.0311928895764417,0.137503523749935,0.0,0.2928059895833333
TGM2,0.0830910478590247,0.5450204737072768,0.0565835283663675,0.0233782495851132,0.0,True,0.0830910478590247,0.0565835283663675,0.0,0.2913411458333333
OGFR,0.0646446947268195,0.3860156640487138,0.0840642647884745,0.0026426958422156,0.0,True,0.0646446947268195,0.0840642647884745,0.0,0.29069010416666663
ACOX1,0.0151203286779466,0.8111380629260638,0.1634987322828795,4.6121382587271505e-09,0.0,True,0.0151203286779466,0.1634987322828795,0.0,0.29069010416666663
CLTA,0.0294585941353382,0.5491896332884205,0.137503523749935,1.34297320286981e-06,0.0,True,0.0294585941353382,0.137503523749935,0.0,0.29020182291666663
IDI2,4.621330200293983e-06,0.99995216762744,0.1890338243900168,8.64677486779045e-12,0.0,True,4.621330200293983e-06,0.1890338243900168,0.0,0.28776041666666663
WAS,0.1030224729931053,0.3319813569960576,0.0285691521967709,0.214791325449814,0.0,True,0.1030224729931053,0.0285691521967709,0.0,0.28759765625
GZMB,0.1111497968978714,0.6737223814935288,0.0,0.82933257736514,0.0,False,0.1111497968978714,0.0,0.0,0.2849934895833333
DNPH1,0.0043206233026289,0.9567052654882636,0.1763227726404628,5.572015376995441e-10,0.0,True,0.0043206233026289,0.1763227726404628,0.0,0.2849934895833333
MGMT,-0.0690140824429832,0.5295398753967278,0.070389327891398,0.0146144534708411,0.0,False,0.0690140824429832,0.070389327891398,0.0,0.2841796875
IL34,0.0598230547286968,0.2002881994526731,0.0840642647884745,0.001414695605488,0.0,True,0.0598230547286968,0.0840642647884745,0.0,0.28385416666666663
DCTN6,-0.0317048725626563,0.4725400297625948,0.1243281350022017,1.41965487198355e-05,0.0,False,0.0317048725626563,0.1243281350022017,0.0,0.28369140625
BLVRB,-0.0306519182506281,0.7435013352408048,0.1243281350022017,6.73803103444234e-06,0.0,False,0.0306519182506281,0.1243281350022017,0.0,0.28238932291666663
ABHD14B,-0.0572455382330812,0.3888238383917125,0.0840642647884745,0.0017272843869184,0.0,False,0.0572455382330812,0.0840642647884745,0.0,0.2822265625
IRAK1,0.0177163526879695,0.7786320717213492,0.1505596765753813,2.2111763002353e-08,0.0,True,0.0177163526879695,0.1505596765753813,0.0,0.2822265625
CPB1,0.0932807871240601,0.4749754514105143,-0.0291463456595165,0.244794444548052,0.0,False,0.0932807871240601,0.0291463456595165,0.0,0.28076171875
CLSTN1,-0.0552347269611495,0.4036563252571231,0.0840642647884745,0.0027459788991922,0.0,False,0.0552347269611495,0.0840642647884745,0.0,0.279296875
IL7,0.0750545028872187,0.5079380878457554,0.0565835283663675,0.0581544336342814,0.0,True,0.0750545028872187,0.0565835283663675,0.0,0.279296875
GLRX,0.000409838515031,0.9950775441453172,0.1763227726404628,3.07347695686333e-10,0.0,True,0.000409838515031,0.1763227726404628,0.0,0.27880859375
STAMBP,0.0271619501271942,0.4697980448682501,0.1243281350022017,3.22331507212367e-06,0.0,True,0.0271619501271942,0.1243281350022017,0.0,0.27783203125
CA4,-0.0963994364711791,0.3210167683425259,-0.014499569695115,0.654769108729433,0.0,True,0.0963994364711791,0.014499569695115,0.0,0.275390625
CTSF,-0.0498634148677972,0.624910170301241,-0.0892673380970874,0.003910943026297,0.0,True,0.0498634148677972,0.0892673380970874,0.0,0.275390625
TPMT,0.0667313709586459,0.3209705627256414,-0.0588936890535685,0.0337614783168369,0.0,False,0.0667313709586459,0.0588936890535685,0.0,0.27457682291666663
PRDX1,0.055331600307019,0.3231937346127116,-0.0740005814437769,0.0080937965335767,0.0,False,0.055331600307019,0.0740005814437769,0.0,0.2742513020833333
RABGAP1L,-0.0119538723057619,0.821817763391208,0.1505596765753813,1.89429078504759e-08,0.0,False,0.0119538723057619,0.1505596765753813,0.0,0.27408854166666663
PTPN6,-0.0798063724317028,0.2573214779364271,0.0426443374084937,0.134812718111246,0.0,False,0.0798063724317028,0.0426443374084937,0.0,0.2722981770833333
CPXM1,0.0017497984342123,0.9927745702634708,0.1634987322828795,5.67622578996537e-10,0.0,True,0.0017497984342123,0.1634987322828795,0.0,0.27083333333333326
LTBP2,-0.0442807632581452,0.8370291037836728,-0.0892673380970874,0.0129473083425464,0.0,True,0.0442807632581452,0.0892673380970874,0.0,0.2688802083333333
CRADD,0.0669826110269395,0.3442896844755533,0.0565835283663675,0.0650671975904897,0.0,True,0.0669826110269395,0.0565835283663675,0.0,0.2685546875
EPCAM,-0.0332978981203009,0.1581627264607536,-0.1046973786666932,0.0001996104114487,0.0,True,0.0332978981203009,0.1046973786666932,0.0,0.2683919270833333
AXIN1,-0.0120689026936062,0.8690850986405846,0.137503523749935,7.00500319192905e-07,0.0,False,0.0120689026936062,0.137503523749935,0.0,0.26578776041666663
SERPINB6,-0.0446356023308283,0.4872106777572213,0.0840642647884745,0.0047640534320797,0.0,False,0.0446356023308283,0.0840642647884745,0.0,0.265625
LSM1,0.0794968289223092,0.2267301286489909,-0.0291463456595165,0.26870699666302,0.0,False,0.0794968289223092,0.0291463456595165,0.0,0.26416015625
S100A4,0.0180225887875966,0.889895966522409,0.1243281350022017,9.98935394570586e-06,0.0,True,0.0180225887875966,0.1243281350022017,0.0,0.2635091145833333
VTA1,-0.0534067534899787,0.2976864244392002,0.070389327891398,0.0108524561514659,0.0,False,0.0534067534899787,0.070389327891398,0.0,0.2630208333333333
PEAR1,-0.0924266609548869,0.3829905715757619,0.0,0.944870376237766,0.0,False,0.0924266609548869,0.0,0.0,0.26220703125
CHMP1A,-0.05252801106454,0.2857905469988548,0.070389327891398,0.0095423542271058,0.0,False,0.05252801106454,0.070389327891398,0.0,0.2610677083333333
TJAP1,0.0239461993671703,0.4705878356840609,0.1110313123887439,5.02462019436152e-05,0.0,True,0.0239461993671703,0.1110313123887439,0.0,0.26041666666666663
MAPK9,-0.0132996779323306,0.7731320550684854,0.1243281350022017,2.37732038515158e-06,0.0,False,0.0132996779323306,0.1243281350022017,0.0,0.2586263020833333
WASF3,-0.0875580391284422,0.3659548864529495,0.0,0.845777800136856,0.0,False,0.0875580391284422,0.0,0.0,0.25797526041666663
MANSC1,0.0430201571491224,0.4932340128413532,-0.0740005814437769,0.0046607000395956,0.0,False,0.0430201571491224,0.0740005814437769,0.0,0.2566731770833333
TNFRSF21,0.021474690670427,0.5328733611037624,0.1110313123887439,0.0001174683683663,0.0,True,0.021474690670427,0.1110313123887439,0.0,0.25651041666666663
IKBKG,-0.0041635214041342,0.9399112476675292,0.137503523749935,1.11120064546078e-06,0.0,False,0.0041635214041342,0.137503523749935,0.0,0.2556966145833333
MGLL,0.0552946327788248,0.7112836477152467,0.0565835283663675,0.0350705850762812,0.0,True,0.0552946327788248,0.0565835283663675,0.0,0.25358072916666663
NUB1,0.0197295033709288,0.6386379645993306,0.1110313123887439,3.81069825431135e-05,0.0,True,0.0197295033709288,0.1110313123887439,0.0,0.2532552083333333
HTRA2,0.0012756237142834,0.9780858571247388,0.137503523749935,1.19061168256868e-06,0.0,True,0.0012756237142834,0.137503523749935,0.0,0.25146484375
CDC37,0.024159820051377,0.809763992820433,0.0976107966264223,0.0005551841536442,0.0,True,0.024159820051377,0.0976107966264223,0.0,0.24918619791666663
ANXA11,-0.0428491832268189,0.5008684188054068,0.070389327891398,0.0141138237124157,0.0,False,0.0428491832268189,0.070389327891398,0.0,0.24902343749999997
HEBP1,0.0801610850733087,0.3185025222451098,0.0,0.958307145618897,0.0,False,0.0801610850733087,0.0,0.0,0.24755859374999997
SSB,-0.0522752463784517,0.0683545138871826,0.0565835283663675,0.0383118467298778,0.0,False,0.0522752463784517,0.0565835283663675,0.0,0.24739583333333331
APRT,0.041243125349629,0.561682427072127,0.070389327891398,0.0090904902525072,0.0,True,0.041243125349629,0.070389327891398,0.0,0.24739583333333331
WASF1,-0.0131178980338333,0.881678978269113,0.1110313123887439,4.90006253582711e-05,0.0,False,0.0131178980338333,0.1110313123887439,0.0,0.24609374999999997
PDGFRB,0.0125872745463588,0.9455211434976626,0.1110313123887439,6.07127810584224e-05,0.0,True,0.0125872745463588,0.1110313123887439,0.0,0.24446614583333331
PNPT1,0.0536623832675466,0.434056729182011,-0.043943347587597,0.065783197802571,0.0,False,0.0536623832675466,0.043943347587597,0.0,0.24430338541666663
CD93,-0.0153634884830822,0.9367563252614044,-0.1046973786666932,0.0002486507603136,0.0,True,0.0153634884830822,0.1046973786666932,0.0,0.24267578124999997
SCP2,-0.0108440103508762,0.8240760758449529,0.1110313123887439,8.83951432797693e-05,0.0,False,0.0108440103508762,0.1110313123887439,0.0,0.24218749999999997
GGA1,-0.0631075781253169,0.2380001918292457,-0.0291463456595165,0.289143172714574,0.0,True,0.0631075781253169,0.0291463456595165,0.0,0.24202473958333331
ITGB1,0.07272129991855,0.003497626098242,0.01435529297707,0.790902368981497,0.0,True,0.07272129991855,0.01435529297707,0.0,0.24169921874999997
GUCA2A,-0.0146482018546354,0.910136988118544,-0.1046973786666932,0.0001939163736345,0.0,True,0.0146482018546354,0.1046973786666932,0.0,0.24169921874999997
ARID4B,-0.0242853044611521,0.4096663356842995,0.0840642647884745,0.0014481097545069,0.0,False,0.0242853044611521,0.0840642647884745,0.0,0.24055989583333331
ITGB1BP1,-0.0550567319461148,0.3287902457392724,0.0426443374084937,0.147346772093559,0.0,False,0.0550567319461148,0.0426443374084937,0.0,0.23942057291666663
GFOD2,-0.0668902228696737,0.3090626057679487,-0.014499569695115,0.750035922136209,0.0,True,0.0668902228696737,0.014499569695115,0.0,0.23795572916666663
ARHGAP1,0.000329945075185,0.996765379848557,-0.1202942337177117,1.67903263726389e-05,0.0,False,0.000329945075185,0.1202942337177117,0.0,0.23339843749999997
RAB37,-0.0690442943690481,0.5121677414135755,0.0,0.922619574491845,0.0,False,0.0690442943690481,0.0,0.0,0.23323567708333331
BTC,-0.0225882554442353,0.8307896723912424,-0.0740005814437769,0.0074827366296656,0.0,True,0.0225882554442353,0.0740005814437769,0.0,0.23128255208333331
NPTN,-0.022549039968668,0.6405104884917118,-0.0740005814437769,0.0062687124569927,0.0,True,0.022549039968668,0.0740005814437769,0.0,0.23095703124999997
PRELP,0.017700949447998,0.9407944556430844,0.0840642647884745,0.0027671773298067,0.0,True,0.017700949447998,0.0840642647884745,0.0,0.22981770833333331
BLMH,-0.0659658662631574,0.3029729458344006,0.0,0.828910685817497,0.0,False,0.0659658662631574,0.0,0.0,0.22867838541666663
FKBP7,-0.0095400837167929,0.9354401713077476,0.0976107966264223,0.000391178759791,0.0,False,0.0095400837167929,0.0976107966264223,0.0,0.22770182291666663
STXBP3,0.0324638411923565,0.5431693760667684,0.0565835283663675,0.0231549557635188,0.0,True,0.0324638411923565,0.0565835283663675,0.0,0.22591145833333331
CRKL,-0.0075205827506241,0.8726172132590134,0.0976107966264223,0.0001882599168733,0.0,False,0.0075205827506241,0.0976107966264223,0.0,0.22477213541666663
FOXO1,-0.019093632800752,0.6280935425192458,0.070389327891398,0.006000904630068,0.0,False,0.019093632800752,0.070389327891398,0.0,0.21874999999999997
MZT1,0.026062594110277,0.5795013683038365,0.0565835283663675,0.0566514724421714,0.0,True,0.026062594110277,0.0565835283663675,0.0,0.21744791666666663
SEMA4C,0.048972194721804,0.4969956816429166,0.0285691521967709,0.415011892554908,0.0,True,0.048972194721804,0.0285691521967709,0.0,0.21728515624999997
STAT5B,0.000564970142852,0.9921748095199056,0.0976107966264223,0.0005551018586851,0.0,True,0.000564970142852,0.0976107966264223,0.0,0.21630859374999997
EIF5A,-0.0515000435645358,0.6951317098033825,-0.014499569695115,0.47313746584183,0.0,True,0.0515000435645358,0.014499569695115,0.0,0.21614583333333331
KAZALD1,-0.0125446290620292,0.8124900766470818,0.070389327891398,0.015190962545414,0.0,False,0.0125446290620292,0.070389327891398,0.0,0.21061197916666663
FADD,0.0125058746284469,0.8314083356107574,0.070389327891398,0.0139474064546249,0.0,True,0.0125058746284469,0.070389327891398,0.0,0.21028645833333331
SUGT1,0.030623142982451,0.5150321560791338,0.0426443374084937,0.129675138740007,0.0,True,0.030623142982451,0.0426443374084937,0.0,0.20947265624999997
HSP90B1,-0.0518238095244303,0.219585925240257,0.0,0.833848821917499,0.0,False,0.0518238095244303,0.0,0.0,0.20849609374999997
ATF2,0.0255095512280725,0.5988580976043034,0.0426443374084937,0.0805770349625434,0.0,True,0.0255095512280725,0.0426443374084937,0.0,0.20328776041666663
TNXB,-0.0327116029880976,0.396232753350667,-0.014499569695115,0.783307744562752,0.0,True,0.0327116029880976,0.014499569695115,0.0,0.19694010416666663
INPP1,-0.0303611325513735,0.4895135712846343,0.0285691521967709,0.345002642029296,0.0,False,0.0303611325513735,0.0285691521967709,0.0,0.19645182291666663
CASP3,0.012011933840851,0.8162899498800077,0.0565835283663675,0.0213602880417655,0.0,True,0.012011933840851,0.0565835283663675,0.0,0.19628906249999997
IL24,0.040065567202383,0.8511418256475962,0.0,0.9136848309058,0.0,False,0.040065567202383,0.0,0.0,0.19384765624999997
BRK1,0.0003437602631581,0.9884921416717828,0.070389327891398,0.0088749158670146,0.0,True,0.0003437602631581,0.070389327891398,0.0,0.19368489583333331
RUVBL1,-0.0224709928038837,0.7453672161573511,-0.0291463456595165,0.405072993614421,0.0,True,0.0224709928038837,0.0291463456595165,0.0,0.18961588541666663
COMP,-0.0232212100883479,0.9006099786350606,0.0285691521967709,0.243651560527445,0.0,False,0.0232212100883479,0.0285691521967709,0.0,0.18668619791666663
DCTN2,-0.0201374028947398,0.6854791707599819,-0.0291463456595165,0.377630210629748,0.0,True,0.0201374028947398,0.0291463456595165,0.0,0.18636067708333331
CEP164,0.0126899203634085,0.8943309337153789,0.0426443374084937,0.11025229294861,0.0,True,0.0126899203634085,0.0426443374084937,0.0,0.18538411458333331
ECE1,-0.0084210381102796,0.8527596809995825,-0.043943347587597,0.124358657355761,0.0,True,0.0084210381102796,0.043943347587597,0.0,0.18473307291666663
IMPA1,-0.0300961009273201,0.5923318492169568,0.0,0.882690447298966,0.0,False,0.0300961009273201,0.0,0.0,0.18343098958333331
PRSS2,0.0212496772619044,0.4801617414447922,0.0285691521967709,0.20108798706134,0.0,True,0.0212496772619044,0.0285691521967709,0.0,0.18310546874999997
RAD23B,-0.0098073623997496,0.7494924138893985,0.0426443374084937,0.135273139529263,0.0,False,0.0098073623997496,0.0426443374084937,0.0,0.18017578124999997
PFDN2,0.0235730963721803,0.6233304969765218,0.01435529297707,0.677129932517672,0.0,True,0.0235730963721803,0.01435529297707,0.0,0.17985026041666663
UBAC1,-0.0086579365664132,0.8455932540867434,0.0426443374084937,0.168261924693233,0.0,False,0.0086579365664132,0.0426443374084937,0.0,0.17822265624999997
TRAF2,-0.0036868590357155,0.949240942877236,0.0426443374084937,0.0735954956187711,0.0,False,0.0036868590357155,0.0426443374084937,0.0,0.17171223958333331
NCLN,0.009012753270678,0.9346662002896012,-0.0291463456595165,0.223972763278191,0.0,False,0.009012753270678,0.0291463456595165,0.0,0.17106119791666663
DAPP1,0.00526257582018,0.9246654055322988,0.01435529297707,0.543926583400388,0.0,True,0.00526257582018,0.01435529297707,0.0,0.15543619791666666
