gene	log2fc	pval
ABCB6	-0.5896964409273204	9.901424913375143e-11
RNF38	0.3493079856829553	2.9198476588817607e-10
PTPN9	0.36110176850751863	3.3888233874121433e-10
INSR	0.23524258530075315	1.4583782956190465e-09
PRRG1	0.45508032126691944	5.9918168934446825e-09
FOSL2	0.5599065487449906	7.86212556927513e-09
TP53INP1	0.33691835954260974	9.013139175816275e-09
MLH1	-0.24674534173119866	1.0189122361419855e-08
IL1R1	0.4434815968659187	2.6002922958495025e-08
SOX4	0.37237781983082563	2.775133757254443e-08
ARNTL2	0.5508529209743109	2.9591184802840174e-08
TANC1	0.4386368139705521	4.380996724947948e-08
NRIP1	0.33394200517293626	4.430523962570021e-08
ZC3H13	0.3670779202587706	4.769147511382511e-08
ARHGAP18	0.31285914201754217	6.131283080724426e-08
MARCKS	0.12543373013785164	6.172358567400247e-08
GJA1	0.4572835033646623	6.508860317248174e-08
HHATL	-1.4015057709761924	7.202888384087347e-08
ARG2	-0.7500844717719257	7.777253382009197e-08
VEZF1	0.17386081570802503	7.925046583168939e-08
WHSC1	0.35898851372118123	8.509163111725407e-08
FNIP2	0.3137070737969889	8.643746778822993e-08
EIF2B3	-0.2632693990626578	9.742768187691091e-08
ATP11C	0.5261781281134077	1.0046240359895287e-07
ZFP36L1	0.2512042847681695	1.0707881802127881e-07
RTF1	0.26908374894047427	1.1670824803578276e-07
FOXK1	0.32491210100251067	1.2379544889933193e-07
RSU1	0.35880923897055084	1.2642891935649605e-07
SOX9	0.668182270464289	1.331676920219384e-07
RAPGEF2	0.25459527488095013	1.3966161817653357e-07
TPBG	0.45289657820363516	1.8715483704653417e-07
SMARCC1	0.3268538214536356	1.9128743360293647e-07
OSMR	0.5144242175501237	2.3551262107698645e-07
C8orf4	0.5298633054880977	2.3606308721389248e-07
PRIM2	0.34768278880137693	2.461286994805434e-07
DBN1	0.3968609097568887	2.782401200409937e-07
REST	0.5033835213433555	2.8591870574645157e-07
VANGL1	0.49840431579322875	2.9731782985478947e-07
ZBTB39	0.32484803600564405	3.159497540879878e-07
RYK	0.27701991038220974	3.193760354055986e-07
CCDC104	-0.3280585089348378	3.300301829939642e-07
ZNF609	0.33736792890914913	3.545116058885553e-07
JADE3	0.4795727676766859	3.631280584403419e-07
TLE4	0.3189449128928583	3.896496009757951e-07
SLC25A4	-0.2777155492230605	3.9733889796056877e-07
TAF4	0.26448545030639004	4.1919514246157213e-07
BAZ1A	0.3640089046616506	4.203301082717427e-07
ZNF217	0.4620104543345871	4.3023301775487666e-07
PDGFA	0.2801265012030125	4.43697579023442e-07
THBS1	0.7708213324573947	4.6828001524551066e-07
WEE1	0.41485833664160054	4.991264879194906e-07
IL17RD	0.6581680230858371	5.147462667852188e-07
PCGF3	0.2826507611842093	5.212473307792498e-07
ROCK2	0.2606394185269423	5.275238879376998e-07
ZNF222	-0.3750404764367179	5.335557213484422e-07
PPIC	0.43435674302004834	5.415871885279351e-07
GRHL2	0.5254696004924817	5.485967245877006e-07
KLF3	0.2927345313721812	5.489396000197062e-07
TEAD2	0.5393372911585192	6.346341329184289e-07
HRK	-1.0714888374887224	6.725889622151959e-07
SH3BP2	0.7916772870068947	7.345987015381313e-07
SATB2	0.47250339942857345	7.428844746556132e-07
CLIC4	0.2907405024248142	8.003912765874429e-07
SEC23B	-0.25663819753133055	8.656719343110284e-07
FMNL2	0.4210798401002531	8.900634049958124e-07
RLTPR	-0.3897605414962406	8.968054555349141e-07
YAP1	0.5133935394780682	9.309457993990652e-07
STK38L	0.4567836427487393	9.649720908002592e-07
EPHB4	0.4689411158847161	1.014473349587305e-06
DDX24	-0.2858480532456191	1.0302744398642942e-06
CKAP4	0.16573657171679557	1.04306667339463e-06
TMTC4	0.307700970444861	1.0452953055128725e-06
ACTR3B	-0.36182319012092456	1.0639851663201868e-06
SNTB2	0.5210219950144079	1.0789843824672128e-06
PMEPA1	0.2783507537781986	1.0958052362610184e-06
TTLL5	0.24843430593421267	1.1394390221852647e-06
PSEN2	-0.23502861501254024	1.1821658245225577e-06
KIRREL	0.6712536724630294	1.184152510727647e-06
ZNF441	-0.6168342630933585	1.290643953075487e-06
TET3	0.5972329209598968	1.3446999519855332e-06
BEX5	-0.5013319918383541	1.3467364241834556e-06
SLFN5	0.5193955006278177	1.3853779409898058e-06
SGPL1	0.3797364842756856	1.3967165203494332e-06
MORC4	0.4429741755526351	1.4152217476148399e-06
YES1	0.24600732075187892	1.4508966763532682e-06
MUTYH	-0.3077976400839608	1.4630157381590998e-06
RB1CC1	0.29106830708207987	1.5675006343749476e-06
TRIB2	0.4797622399248098	1.658240597350573e-06
CDKN2B	0.4138419822869679	1.6584858274554706e-06
RHOQ	0.2071415422243117	1.6705600375247635e-06
FOXC1	0.6927610786741845	1.7269280236155116e-06
ITPKB	0.49012427081892085	1.735190661053901e-06
LPP	0.2766445290977444	1.7782464183044823e-06
ITGB8	0.3965565477142867	1.836005660500702e-06
ARL6IP6	0.22382844142857117	1.8458464973216605e-06
ATL3	0.1545212380701777	1.854491305016118e-06
FCHO2	0.4317248964761937	1.9184471680431704e-06
ASCL2	-1.0734968279862178	1.935161713152943e-06
KANSL1	0.12044156335213074	1.9493711973141763e-06
MARCKSL1	0.4638684850939878	1.952591650231821e-06
NGRN	-0.22538111117794735	1.9846863753283448e-06
TPM1	0.21158588223057428	1.9993964801138952e-06
MAP3K1	0.38873885882832226	2.229405308899066e-06
RCC2	0.407161707500002	2.240636795321633e-06
ELAVL1	0.4768416611052615	2.4116333266973536e-06
FAM102B	0.6243728026654072	2.4678344444706233e-06
ZNF280C	0.4142403049868415	2.5482997219574098e-06
TGIF1	0.68391339266228	2.716446725796618e-06
ARPIN	0.3996972145620248	2.725257828547852e-06
DGKE	-0.4480866407205486	2.738140181914006e-06
RNF24	0.5153595607938595	2.7389684092738826e-06
HMBOX1	0.3915782446378415	2.801122481343451e-06
NFYA	0.3816482437700479	2.944885633713768e-06
UBTD2	0.1969370858521362	3.0271700806006475e-06
SERINC5	0.35087321499373125	3.0742290856749155e-06
SNN	0.413650961079572	3.0833202917331276e-06
ARRDC3	0.5284377316936073	3.1027386161198415e-06
KDM5B	0.30932129541791653	3.106707957268862e-06
SYT5	-0.42017687031579065	3.1277868921168933e-06
MDH1	-0.23776079206766987	3.1467742762956733e-06
KLHL24	0.38592558002004473	3.1745716062583546e-06
SLC25A30	0.21838998436904866	3.2828356958096175e-06
FARP1	0.36257372674749	3.294769867833402e-06
DUSP10	0.5905426279454904	3.3816656675625216e-06
GGA2	-0.3330041740977485	3.399865987451862e-06
AMIGO2	0.43529212847431253	3.4758656755399184e-06
RP1-212P9.2	-1.015066072501881	3.5495561469895325e-06
SAMD11	-0.5345684085820777	3.6533117283317138e-06
FAM78B	-0.45055447168484	3.72763041737579e-06
CYP27B1	0.9414548331102734	3.760592307458404e-06
C15orf59	-0.6623661800601504	3.8092729152925197e-06
TMEM2	0.3502157287111558	3.850536813533149e-06
CHCHD7	-0.28184380291854794	3.910041873841268e-06
MBTD1	0.30787627288847297	4.030156766857184e-06
GPBP1L1	0.15425318778195773	4.400175636259891e-06
DSC2	0.3432201618546369	4.403008629974276e-06
OPN3	0.362072204317041	4.535953848649643e-06
AMZ2P1	-0.38277978040162886	4.603958279283956e-06
WWTR1	0.4251004118358406	4.697345224650183e-06
RXRB	-0.20688149010338286	4.887610315993055e-06
EVI5L	-0.2563708978972459	4.9461319602827615e-06
ITPRIPL2	0.20146092075814792	5.0555252255509615e-06
PTPN12	0.4471651094498803	5.06997868168314e-06
GLP1R	-0.7493082205664159	5.074277280614807e-06
ELMSAN1	0.26837395350125526	5.1161479103199535e-06
BEND7	0.37852822419736754	5.157765992634385e-06
ANKMY2	-0.3017845448258125	5.328367319625973e-06
GOLGA2	-0.23189554921115452	5.413439647765307e-06
ZSWIM6	0.30491533101190527	5.498117108966949e-06
TRIO	0.35141342399373166	5.514359802144649e-06
CDK20	-0.3364552334273192	5.525805601563984e-06
ZNF132	-0.5918139548828325	5.593210259162206e-06
BCL11A	0.684064488180451	5.723482020273116e-06
RIMKLA	-0.6045810300682959	5.754548082719608e-06
SMAD9	-0.8521999347951095	5.803364469300525e-06
SPECC1	0.5211377336077696	5.907703171700924e-06
GPR161	0.5422377989454894	5.953990825790462e-06
ANO6	0.45507598995363807	6.07139813314861e-06
KRAS	0.23247313987468665	6.129627733030388e-06
PDP1	0.3570212598370919	6.212803135814917e-06
FAM171A1	0.3066767518797011	6.249174126538562e-06
ETFDH	-0.3342182521466146	6.318677863560126e-06
FBXO17	-0.47613506192543564	6.549589104075334e-06
CCDC57	-0.27454825603571464	6.604415278098217e-06
SLC2A2	-2.0016632743590197	6.682123642142022e-06
MARK1	-0.5858888224724303	6.934435984471603e-06
CISD1	-0.21999200293233123	7.064421002471898e-06
SMG9	-0.22949983680513775	7.301432741421699e-06
NTNG2	-0.7771611543389767	7.425638873418745e-06
PDRG1	-0.26725228099498466	7.447708079784421e-06
ZHX2	0.18034334644736383	7.449994948557299e-06
KLF6	0.24896783104635922	7.459492070418701e-06
CREBBP	0.135048414755639	7.4735160608334736e-06
TTC9	0.5461372143615275	7.489772883986574e-06
KIAA1551	0.3455434001917279	7.544225392712795e-06
FTCD	-0.30243566820989987	7.613923511653467e-06
UBASH3B	0.48258875983333205	7.698635467425739e-06
FAM219B	-0.2367604735588955	7.800739075368475e-06
JAG1	0.20793607602130315	7.867120309461682e-06
CD320	-0.3242880044699241	7.90779866870225e-06
SLC25A37	0.3537847592606571	7.973282794695858e-06
SLC44A1	0.24919111634085134	8.01411962258353e-06
ERBB2IP	0.2835830580112795	8.146220163307867e-06
SAV1	0.4595944953496236	8.322590206640032e-06
SLC6A16	0.9163214691340835	8.46303810490547e-06
ALK	-0.7379591060137853	8.61949615798359e-06
AMPD2	-0.47092535179260153	8.628646783271753e-06
RNF44	0.36713232718796895	8.705664598837525e-06
LATS2	0.4379636474661641	8.884990183210948e-06
AGO1	0.2117327892951142	8.89330231114238e-06
LMO4	0.32380644409774106	8.918400142058134e-06
PTPRK	0.26866494622180603	8.949081273656526e-06
YPEL1	0.2711439866152823	9.168562454061857e-06
SYNC	0.3804302381347089	9.236590280304537e-06
CAMKK1	-0.5290823086854628	9.29937870720689e-06
VGLL4	0.2958718981829609	9.34032186758926e-06
ACTR2	0.18291109339598322	9.493448329064832e-06
FOXRED1	-0.2533753026234331	9.49707102861419e-06
RHOB	0.3016133250877111	9.557409132147154e-06
MTF1	0.2674849736422331	9.720909132949915e-06
CDC42SE1	0.1515477323809531	9.851991590719873e-06
APOO	-0.31541067142230617	1.012674944666313e-05
C1orf198	0.36784159376879444	1.0503926467945013e-05
GCGR	-0.38799265637092706	1.071572565168052e-05
SETD1B	0.22686948514410687	1.0969521342113988e-05
CTSV	-0.5674887934636557	1.11266283385905e-05
FAM124A	0.6724511036309524	1.1248086692972128e-05
LSM12	0.35041420055577177	1.1473637001812845e-05
MLLT4	0.16089517624060434	1.1521242796654427e-05
SERPINB9	0.4773919682456107	1.1875753014325887e-05
CTDSP2	0.17891337961152765	1.190001455972945e-05
TMEM87B	0.3857424691854625	1.1989479850558763e-05
IRF2	0.3450604614417294	1.2448303322882143e-05
RAB8B	0.3595934335306996	1.2495986454428155e-05
ZC3H4	0.1387613414786948	1.2555159681628317e-05
WBP1L	0.20197758327068094	1.2773430077950749e-05
SFT2D1	0.259757723515035	1.2915767281580095e-05
ISCU	-0.23252816088345973	1.3027061240032296e-05
WAPAL	0.22086605595300668	1.3210137815691861e-05
ATP5B	-0.12598026175438903	1.3389352609973577e-05
TMPO	0.39780260861780015	1.3519427252839648e-05
ASAP2	0.4147114739843367	1.3566867181832619e-05
MAP4	0.15614747067042245	1.36705467619715e-05
MED27	-0.2292403012625286	1.4080910817588056e-05
KLF13	0.20678013862719347	1.4173846041754718e-05
MOAP1	-0.22324826157895572	1.4614127778409201e-05
C6orf136	-0.21657661125313332	1.4662167521351462e-05
DUSP1	0.3688999043107781	1.4686449704123328e-05
FKBP3	-0.17650316406014888	1.5386928116325484e-05
EIF4EBP2	0.3888759229887242	1.5410027016263453e-05
SVIL	0.32737821670426115	1.5442976536604763e-05
CDH3	0.67304074548308	1.554283819725732e-05
TGFB2	0.39712918532581476	1.5852443990590204e-05
RBMS1	0.20465791147243273	1.629441129057294e-05
ELK4	0.16443612058270674	1.655106892444847e-05
IAPP	-0.7877840311716824	1.6752693119946707e-05
PLSCR4	0.43895313606704356	1.6774243983012266e-05
MPRIP	0.23882662746866856	1.679727847282216e-05
C1GALT1	-0.36457363498684536	1.7121712798966076e-05
MEX3C	0.23302923158520805	1.72934946995881e-05
SRPR	-0.16723912740601676	1.729995938211362e-05
C8orf76	-0.22525293232393828	1.7420268424889235e-05
CSNK1G1	0.21988970888283177	1.7509337112450613e-05
TMEM127	0.21194444978070415	1.755978895394944e-05
PRKCI	0.3058388519047597	1.766138868921118e-05
NOTCH2	0.2561269567042608	1.778898734258619e-05
SMAD1	0.29856530332143016	1.8058844397770034e-05
IFNAR1	0.2454492895877145	1.8115233445592618e-05
RASEF	0.44357647785526844	1.826191341696154e-05
TBCE	-0.24929708979511211	1.8990482636746984e-05
CLMN	0.40833370692168103	1.9233359500144674e-05
PRKX	0.4452321055269426	1.9510553568923083e-05
LOC100507291	-0.4124608956309537	1.9522313081032162e-05
GABPB1	0.3069130229028829	1.9837085490802957e-05
FXYD2	-0.7377911280325851	1.991906863889221e-05
ZNF281	0.23116813057644414	2.0073331529788793e-05
STX1A	-0.971745688307017	2.016018649594226e-05
IRS1	0.2609945336528856	2.02175014747704e-05
LRRK1	0.42999544370113085	2.0363376014189777e-05
TJP1	0.18500097901002732	2.0653075356039117e-05
ZC3H12B	-0.5935708834561435	2.0726973934143384e-05
PRADC1	-0.252589364778828	2.107664008051409e-05
ATP5A1	-0.11792169335213742	2.141008871362527e-05
OTUD1	0.3220901483646621	2.1634443371758222e-05
NEDD4	0.43346501899310574	2.1725932536594717e-05
SFPQ	0.17792422697368693	2.203685211244389e-05
ATXN3	0.19294228392793933	2.2123608259579648e-05
KIAA1257	-0.43871867095927275	2.239149056425366e-05
TMEM161B-AS1	-0.2985830365000055	2.2447572041831405e-05
HEG1	0.3909898957644131	2.2448724838571437e-05
SVIP	-0.3612382567932322	2.250397295490157e-05
LOC100132891	0.5966249355745665	2.2841864172762033e-05
CCDC6	0.18645696289473612	2.2876119021411937e-05
LOC648987	0.33990921351754544	2.295330477114823e-05
APCDD1L	-0.7637428051334583	2.325692891141006e-05
TGFBR2	0.48318018027506504	2.3344435803497465e-05
CCDC28B	-0.31707629348245714	2.3446598410416257e-05
CEP95	0.2636684046303248	2.3567278380255855e-05
GAS1	0.7565679553690501	2.37732848912699e-05
ETS1	0.2870670210212989	2.3802435065105924e-05
AREL1	0.24153827646240522	2.3879497141005404e-05
LOC101928054	0.7859502349160445	2.4247148190638204e-05
KCTD15	0.48739662294799224	2.4405748640023577e-05
JTB	-0.12382886307017493	2.4556733429510182e-05
TXNDC11	-0.16980106520425942	2.4762663174166062e-05
CARKD	-0.2527382821560131	2.4912614564614135e-05
CCDC117	0.34974238698432814	2.528713728656178e-05
GDAP1L1	-0.6992359145426086	2.52975188165463e-05
TERF2IP	-0.3148660551754414	2.535095331478392e-05
CADPS2	0.2854816715288244	2.5394759299600125e-05
DPY19L1	0.23361753035714194	2.5585796026234613e-05
ZNF790-AS1	-0.34371249746929866	2.6151953605666777e-05
NUDT16L1	-0.30914157267794273	2.626599980632764e-05
NTPCR	-0.28341190775689107	2.6621172057752202e-05
PELI1	0.3411717265050136	2.6651160128610583e-05
NRAS	0.277285080852133	2.66733331427275e-05
RPIA	0.3741916268652865	2.700953047014454e-05
AMMECR1	0.2816364812155392	2.7370451355221668e-05
TAGLN3	-0.9925355171146633	2.7578739598545428e-05
PHLPP1	0.2272230469862162	2.7606621902780524e-05
PTP4A1	0.1729636618045145	2.7734688720915e-05
SUN2	0.1754592146491234	2.7773050514780194e-05
PPP2R3A	0.4447356640764344	2.8144322130338717e-05
TMEM44-AS1	-0.3527659567230579	2.8150899135612234e-05
PPM1E	-0.9362656477794484	2.8676674424290318e-05
GALNT14	-1.0386383312437308	2.8985690060706985e-05
MECOM	0.36820732319548277	2.9101037427487763e-05
LIN7B	-0.7091974955482456	2.9298259669590402e-05
FBXO46	0.27250085135024893	2.9967675982879877e-05
BCAS2	-0.18983176053258077	3.008918642952416e-05
WIPI2	0.15134469357142777	3.0180896645852793e-05
UBE4B	0.11330984354636087	3.0234526433314332e-05
NPEPPS	0.20288486926691363	3.02372506783714e-05
HMGCL	-0.2532426926058893	3.050138338115579e-05
NKX3-1	0.5032452884085199	3.0603115453353554e-05
PAK2	0.2690109873139086	3.062898181604996e-05
CDK2	0.358109113562028	3.0700156636642426e-05
ENDOD1	-0.3526965707236851	3.079296797721026e-05
CCND2	0.14402604704887167	3.1069458987908536e-05
SEC13	-0.16221315656642155	3.1154205678798585e-05
UBE2D1	0.285421823026315	3.1919360609452656e-05
ZNF230	-0.28361892074436046	3.193239610341658e-05
AVL9	0.25149478838158323	3.221637533439749e-05
NCKIPSD	-0.37255064440727104	3.232532693147779e-05
XPR1	0.22482306424185516	3.234751146510524e-05
VGLL3	0.5416493961804534	3.242436964930016e-05
TMOD3	0.25479379516228207	3.2850845814968986e-05
LINC00909	-0.3405985794755608	3.287274212604826e-05
DIP2B	0.18088415391603974	3.291264221745596e-05
AMZ2	-0.2518091780764422	3.316717986519082e-05
GRASP	-0.3584711292042604	3.346372888208078e-05
EXT2	0.23102258536716747	3.368950923175215e-05
LOC100129175	-0.5200503691002485	3.3714710644150374e-05
ETV5	-0.23136203450500936	3.390250051683926e-05
PANK3	0.2570569320275702	3.4835624322502124e-05
RP11-16N11.2	-0.7709842074624085	3.486071084606857e-05
COG7	-0.17919953128320731	3.4903408037936394e-05
NRARP	0.4106266211027574	3.492648303702358e-05
NOL3	-0.31639398231139637	3.5438884541146534e-05
BPIFC	-1.0850662727919822	3.5457018182958194e-05
PPP3R1	0.35784335493797137	3.5543289485233956e-05
MPP1	-0.5714042206992538	3.561960826914053e-05
CRNDE	0.7094987984755576	3.574751355301895e-05
MDH2	-0.1729189979573853	3.576147702240642e-05
TRAF3IP1	0.2856205459385919	3.603046985145575e-05
CASP2	0.1850951006829593	3.666272415986283e-05
CHL1	-1.2887415063408572	3.6697549764957446e-05
PARVA	0.3464682302368427	3.673137825833531e-05
SNAP23	0.21536615518797042	3.689557949757176e-05
IFNAR2	0.3908453406228105	3.691487574552178e-05
KDM3B	0.27938858407518374	3.7443706806426234e-05
STRADB	0.17842480632393531	3.759721873681573e-05
MTMR12	0.2637784431641599	3.763692346332601e-05
DENND5A	0.25714657523182716	3.799294531780499e-05
MAPK1	0.16890354260651463	3.839771099817724e-05
TSPYL2	-0.391543860874064	3.8817735189256104e-05
HNRNPA2B1	0.13034079400376086	3.895883206964303e-05
IFI16	0.48710936743295363	3.9380863543582865e-05
AIG1	-0.3079316366917304	3.944253310526811e-05
GIGYF2	0.1706630266917255	4.065207650811118e-05
MAN2A1	0.18254409515664527	4.084439548810048e-05
LAMC1	0.28911066703007826	4.1011042356493846e-05
CAMK2G	-0.3576448487067658	4.116592584178656e-05
TGFBR1	0.21493285261904305	4.149178482120843e-05
NRD1	-0.1785532873997493	4.149364550808044e-05
LOC100506411	-0.3754248517211769	4.216614297895604e-05
MTAP	0.37995916651253037	4.2207054493735504e-05
SMIM6	-0.5189473814943595	4.2551278601718335e-05
SYPL1	0.25804846372179924	4.3566596525059284e-05
MAN2A2	-0.18175555614035055	4.363666396445369e-05
MCHR1	-0.9165966538101493	4.382658927296863e-05
ACOT13	-0.3208700367543855	4.479928019303152e-05
PIR	-0.7235897780714291	4.4970897291114814e-05
UCHL1	-0.775596762434839	4.510468894288766e-05
KIRREL3	-1.2191702432662916	4.5784585361426297e-05
BCAT2	-0.2713466223446055	4.6084944036324185e-05
RHBDD2	-0.343221877436088	4.647553679716981e-05
HSPA5	-0.18131493694862044	4.651627640858267e-05
CLDN1	0.5094610703320814	4.6558996969848864e-05
ETFB	-0.3092731505827082	4.6973353941262494e-05
NCK2	0.3215087394492411	4.757294125247092e-05
FCHSD2	0.24435563522306047	4.781442272608735e-05
DOCK5	0.41227607645614306	4.8064886752577616e-05
VANGL2	0.5812417230977474	4.8176275317533184e-05
NACC2	0.20197715310150244	4.885517572842503e-05
DCAF17	0.39456017025501566	4.9080800428590946e-05
ANKRD50	0.3528303214880939	4.984773437208493e-05
RPS6KA2	0.34108902374561545	5.086942598519762e-05
GLT8D1	-0.31857820764160394	5.0994099786758114e-05
NFIB	0.3933547421052648	5.1221189986017224e-05
ELK3	0.404029062776317	5.13058346295713e-05
LYRM5	-0.29404324991040554	5.157501262356435e-05
PALD1	0.5174687383903498	5.1898166696268046e-05
MESDC1	0.4870776047587775	5.205059192793385e-05
RGS19	0.32776788479636654	5.214970564636247e-05
PRSS16	0.4864695715062659	5.2339858080859515e-05
SCAPER	-0.4644335994078954	5.2374254363165835e-05
BEX2	-0.40323502501879815	5.240742496544427e-05
SLC16A7	0.45585600884085054	5.246750467311966e-05
RASSF3	0.3019536457957379	5.273295509871556e-05
STK24	0.13478215338346544	5.307175066413259e-05
SWI5	-0.2672205848471112	5.349161969564112e-05
CD9	0.462959478429827	5.349447772531089e-05
HSD17B11	0.21139990364034666	5.362090475268539e-05
DGUOK	-0.18649345752506186	5.383101346610734e-05
RANGRF	-0.3312718938464929	5.384168392862268e-05
UBE2B	0.19897056918546596	5.533877605970857e-05
TMEM42	-0.38390429017480976	5.543322071021006e-05
NDUFB8	-0.22869946651629292	5.6576841246548376e-05
AHR	0.3754841934505002	5.6641193966628893e-05
COPS6	-0.1964238909398528	5.664697574875547e-05
RAG1	0.7275795260977462	5.69432310282101e-05
FOXA1	0.6938436888640336	5.752181655689724e-05
DDIT3	-0.45431845012782546	5.782166102728117e-05
AMOTL1	0.3258998912650348	5.877372633581764e-05
C15orf61	-0.35356859851190237	5.887230155620906e-05
GPC4	0.5363509996817069	5.904363012318073e-05
SPRED2	0.3488336709492472	5.9097646590436704e-05
BAG1	-0.21631325118170253	5.92703106512175e-05
AGO4	0.25490468143922307	5.936396030849431e-05
XPA	-0.23922389296992996	5.943720554136876e-05
ZNF738	0.4625234888677916	5.9997201494980994e-05
DOCK3	-0.6883131692963662	6.017068106700565e-05
PRDM2	0.275125628924183	6.107113461946041e-05
VAT1L	-0.9192580084248121	6.110019169153757e-05
C5orf51	0.21329303723057613	6.115441521634983e-05
CHST15	0.46335028657831856	6.147421155086481e-05
ORC3	-0.2713251272963628	6.180171945713157e-05
HKR1	-0.24542065478070718	6.21224374453771e-05
PTPN14	0.4705769312581456	6.252770012006532e-05
MSN	0.21501791679824045	6.276133993730478e-05
KITLG	0.33966768514724954	6.294099267607246e-05
TCTA	-0.36623764313721985	6.327019070652719e-05
EIF3J-AS1	-0.3246776845889734	6.362060092984232e-05
ZBTB18	0.18108744494987583	6.383306686891864e-05
SURF4	-0.19008455994360673	6.389655790293065e-05
IGSF3	0.37778289986841607	6.470122783203307e-05
TCF12	0.18101361306391084	6.471285984267414e-05
KIAA0247	0.25233426399122827	6.488336900765181e-05
ATP6V1E1	-0.22328683072055178	6.539028579729406e-05
GALNT1	0.20372370987468358	6.59015814653387e-05
SCGN	-0.8265259944636583	6.593298477950369e-05
RBM23	-0.23323085801064458	6.641430396604184e-05
DIRC2	0.3199547364285724	6.651647233469073e-05
COPS4	-0.20944267598370736	6.784590259720603e-05
EXOC6B	0.2872703840419746	6.79447689793608e-05
DGKD	-0.2971053159429804	6.801111226435062e-05
SLC19A2	0.24806898756265916	6.809814705649607e-05
RBM7	0.39059646131077663	6.810824041216372e-05
HSPA13	-0.3028651674812046	6.847229226001308e-05
FER	0.28515548811152414	6.866381410553124e-05
LBR	0.1480964738408499	7.076210278259233e-05
VCL	0.22929245422932887	7.086935075454749e-05
ZDHHC13	0.26446462055889164	7.15949432612444e-05
ZFYVE27	-0.17851253053257743	7.164860874961735e-05
RHPN1	-0.1945263957976202	7.201348649213036e-05
KCNN2	0.6269838001065171	7.249768987108031e-05
MPZL1	0.2369851564097747	7.291092736593886e-05
SCAMP5	-0.299220107114035	7.373732844390264e-05
NEK7	0.24712427385651559	7.462181893472489e-05
LBH	0.37059472126817106	7.46247364139209e-05
SPIRE1	-0.22618118675187837	7.490325056652244e-05
PLS3	0.19370307897869132	7.512119554028988e-05
ASB1	-0.287131927418546	7.636711124388853e-05
MRPL40	-0.17406814388470693	7.678901780805437e-05
ACKR3	0.6368555536328362	7.813025202592919e-05
EEF1A2	-0.37798449261653744	7.823448002766905e-05
PIN1	-0.29489539752255567	7.933974373195878e-05
C11orf57	0.4457583548583912	8.003396803905194e-05
WWTR1-AS1	0.4704983560964946	8.128338940374087e-05
CHPF	-0.20264371445614326	8.247428367362282e-05
NPRL2	-0.24994130706891404	8.293471224726868e-05
RASSF8	0.34088664477944697	8.324813858400803e-05
HIST3H2A	-0.4300491230520054	8.370580540884857e-05
BHLHE40	0.34039744843671293	8.42465064325908e-05
STXBP1	-0.5847046944812	8.451754329825338e-05
CHFR	0.22424208528821943	8.487265123396522e-05
C6orf1	-0.2949952718302047	8.50885145358249e-05
CEP135	0.32630875236215573	8.519104574583887e-05
USH1C	-0.5518251571253145	8.549121185846323e-05
RNF138	0.27210052270237917	8.588786291265902e-05
EIF3A	0.11250407567042409	8.684893538960038e-05
ENAH	0.3405906038721813	8.799329672805862e-05
ZCCHC18	-0.7307556401904804	8.890678914612786e-05
CCNJ	0.2044789378602747	8.993539303158206e-05
UST	0.5373562172374688	9.014153493742693e-05
LRRN3	-0.794736888587094	9.108244352907192e-05
TBCC	-0.29333708356453236	9.186931109025891e-05
PTPN21	0.22711831600250854	9.18750966653735e-05
FOXO6	-0.3620825103652914	9.207070542072025e-05
RBP7	0.3791272944285726	9.260321950198546e-05
CASR	-0.8584785481760644	9.282642833825309e-05
SPSB1	0.2959404571240629	9.293523181802645e-05
ILF3	0.3505923077794506	9.335012969912636e-05
PELI2	0.3089124204906053	9.341645835490878e-05
MAGEL2	-0.6810959345106502	9.343496199938986e-05
RBBP4	0.327827410769423	9.349623794550876e-05
WDR17	-0.6132569763314528	9.45947679232548e-05
ABL1	0.2065665222725599	9.467428693317517e-05
PTPRF	0.24634758401002976	9.480981656381435e-05
NDFIP1	-0.20719270618420715	9.483564321248667e-05
MNX1	-0.43415742265664115	9.494707854564476e-05
PDE4A	0.40625743354448574	9.496020927108199e-05
PLEKHA5	0.23638874731202897	9.532428224569338e-05
LONRF1	0.22212380335964887	9.550220509949364e-05
ATP6V1H	-0.17756912120927737	9.759676162238004e-05
SHANK2	0.5427749278088978	9.850544892109909e-05
FAM50B	-0.3157506769592686	9.99055037744512e-05
TMED3	-0.28300686887844506	0.00010004348188081154
VDAC3	-0.1230404716165392	0.0001007058959544136
CDK5RAP1	-0.2549398048890943	0.00010183560137565343
NR5A2	0.5691168284185402	0.000102217200206475
ANKRD34C	-0.8923580949248127	0.00010235945888570213
ICK	0.3847593026008802	0.00010255457353072555
ATP6V0A1	-0.3437358363715539	0.00010278465005529557
GLIPR1	0.42140903477443103	0.00010330073026974163
TNPO3	0.11958005627193202	0.00010338815165549762
CCND3	-0.2706895744699249	0.00010388295219273699
GPR143	0.2528388016058889	0.00010414947463645118
EIF2S3	0.1405557016478749	0.00010480617876630726
EDN1	0.5646262875332066	0.00010511070487198554
KIAA0430	0.14458854927318399	0.00010545913718375311
SH3PXD2B	0.4718274791328323	0.00010555488929066795
GSK3B	0.19343088352756332	0.00010565969347618534
KDM2B	0.1648698482706763	0.0001062779484348427
GYG1	-0.15574875206140426	0.00010692768907458262
RSPH1	-0.5554238299016285	0.0001069570977907931
RPS6KA5	0.37916952754699196	0.00010809699324011677
CHKB	-0.24294146522870008	0.00010997523507629853
LUZP1	0.22437187549623872	0.00011050469875553035
ADAM10	0.12902799604635895	0.00011055779945951478
NPC1L1	-0.861975994762533	0.00011087217620377553
HSPA4L	-0.42275597983646485	0.00011092402948207822
BROX	0.11526590994360753	0.00011210283711505717
NCKAP5	-0.7373101246748126	0.00011304495583868087
SLC12A2	0.4708507016992449	0.00011308889623036462
DNAJB6	0.221929551290728	0.0001134898931068571
TUBG2	-0.280215289501875	0.00011399344392927342
KIAA1211	-0.770890541938595	0.00011526955570401213
ACSL4	0.3590331159035056	0.00011670183608508968
DCXR	-0.34122194884774437	0.0001167944899768659
AGPS	0.19371797187343454	0.00011786934687222458
CCNG1	0.2104941764348336	0.00011788436258247739
IMMP1L	-0.28951134555138225	0.00011955942996089696
CBX3	0.18441073678571485	0.00012052904674809412
ZFAND2B	-0.26862346310087837	0.00012088207238667798
RAI14	0.2328677979949898	0.00012097165633345261
QKI	0.21906518510651551	0.00012113275234052281
MYH9	0.3634279200626569	0.00012183593514731935
STYX	0.22270204934899773	0.000122151454816553
SLC6A17	-0.6741269517650359	0.0001226248740144156
B9D1	-0.42898358658521296	0.0001238959284813663
TRRAP	0.25888250465538576	0.00012394154632660011
NSG1	-0.6723780789035132	0.00012411558313982755
BDH1	-0.3671673064705496	0.00012431445739557453
ZNF667	-0.38799293585588757	0.00012452595366680878
SENP2	0.20444129251252896	0.00012483808973023336
EPS8	0.4105951398364649	0.0001257518881989633
CLDN2	0.6567547830394727	0.0001270941942880664
DSG2	0.280462965513788	0.00012748732854317562
ABCF3	-0.17520991564473576	0.0001284722953415004
BACH1	0.43192223321177714	0.00012982273147822367
FAM81B	-0.5485628171854646	0.00012999876385858601
CRELD1	-0.34781948077005076	0.00013036243511577771
CPNE4	-0.8583424720294506	0.00013041546325426938
RHBDD3	-0.24888203248872198	0.0001313792041760886
ICA1	-0.19172888432080448	0.00013150623636128177
CCS	-0.20186474177443614	0.00013152033184433236
PDCD6IP	0.17088098740601865	0.00013157377943332274
ZDHHC7	0.22366762056390854	0.00013526796711155688
SMAD3	0.2738905003947316	0.00013568986981541293
GPD1	-0.8954711782080214	0.00013577598593018494
RNF217	0.2613414202499982	0.00013669434262333197
SEPT10	0.2415851514724281	0.00013728631970367234
PDE8B	-0.6079181579956128	0.0001377987368669396
DMTN	-0.3342054749680461	0.00013818467990861272
RFWD2	0.2120613291672857	0.00013892382116099993
GDAP1	-0.43062108414160427	0.00013927312993884235
MAPK6	0.20834795963659225	0.00013968266868291277
LMAN2L	-0.17303631529448715	0.0001401435752590675
CNN3	0.482496493407897	0.0001402352348004852
ZNF79	-0.3548735399899714	0.00014105773131090833
RP11-112J3.16	-0.6769929773640371	0.0001423246460038367
USP53	0.39669099169674205	0.00014237163625250917
DYNC1I1	-0.6360413014110264	0.00014269267478452254
WIPF2	0.24880078159711694	0.00014309492982752308
C6orf165	-0.30662692394799507	0.00014316206245767817
ZSCAN18	-0.36012157755701857	0.00014326128229562494
PAPOLA	0.10823868171678797	0.00014329157147084147
ILDR2	-0.8839249542355887	0.00014370329477951033
RAB39B	-0.652550237954884	0.0001442527011741077
GRK6	0.18249569371177898	0.00014509713864743767
CHD1	0.17207895431579345	0.00014585967359367268
ZMYM4	0.1872872589329564	0.00014838457258056553
CNOT2	0.1023010563972413	0.0001488934252837869
IL1RAP	0.6153175581403456	0.00015015334413287068
ZBED1	0.22725901817731664	0.00015050081255785263
MED13L	0.1512564472055189	0.0001514067628972707
VPS13D	0.21095962514473499	0.00015192087859161206
VWA5B2	-0.5625990237976195	0.0001531922089422293
ZBTB44	0.21442455315789388	0.00015330893004732917
FBXO7	-0.22473800314536696	0.00015484404227339324
RALGAPA2	0.3401058878333316	0.0001549760925057401
IPO5	0.366184607157896	0.00015607211880598541
BAIAP2L2	-0.41193675660651685	0.00015807513401277216
GNG12	0.18952772505638826	0.00015823188030997988
MAPRE3	-0.4922862053916024	0.00015954907098700568
LOC727916	0.391741390597117	0.00015993468693728007
TUBA3FP	-0.6815870932894743	0.00016000050617806283
TTC39B	0.3485521677142849	0.00016003553047408067
LITAF	0.3330469043233091	0.00016058043612225475
ITPR2	0.2923238275382243	0.00016088351928961387
KIAA2022	-0.55961327533584	0.00016099221679652666
MACC1	0.4821531505576431	0.00016107104575706075
PPP1R18	0.34389519519799805	0.0001616764721422695
ICA1L	-0.38075938479009785	0.00016178953623306462
PEG10	-0.4146411087374702	0.000162687445751106
C1orf226	0.401142696343987	0.0001627617271714741
IRX3	0.7237975919454875	0.00016309840582921813
CACNA1H	-0.4887894579241854	0.0001636466327893552
SLIT2	0.46814277276692273	0.00016408952708684798
HABP4	-0.24505792761842216	0.00016434159234380387
FAM200A	-0.24030382554198138	0.00016447463783189175
ZNF704	0.5315176935689241	0.00016509241924811334
FBXO16	-0.3624745632926025	0.00016641529666296573
RBMS3	0.6071962313013772	0.00016686112844388842
SUGP1	-0.22323993147618992	0.00016829247703078727
IER5L	0.3416064333627835	0.00016873279885850872
MXRA5	0.5915099339116523	0.0001693231110929961
HCN4	-0.5758279395394741	0.0001693617567019036
MAP6D1	-0.4956927553032564	0.00017156975142668641
PDHB	-0.2338562651629097	0.00017158578372106177
FIBP	-0.21216701153696427	0.00017269658681848686
AP3B2	-0.5859013993583986	0.00017350015011125618
PTS	-0.21082348781954785	0.0001742984353628809
RNF4	0.21201462798496173	0.00017436297428830464
LOC100129550	0.26773804679198143	0.00017448553983735553
SUSD1	-0.37793284275626426	0.00017625892881316691
HAX1	-0.2214466210776873	0.00017691565152994928
CACUL1	0.13170520649748774	0.0001771317280997272
VAMP2	-0.3491468358646639	0.0001775141555363966
DFNB31	-0.38550646268671684	0.00017774899341021545
CCNJL	0.39659387658772083	0.00017866959549927699
RAB11FIP2	0.181820900010651	0.00017889657692879432
ATRAID	-0.2118337314912253	0.00017930491535391612
IQSEC1	-0.43629485459774386	0.00017942264488549507
BRD4	0.15269707946114863	0.00018076591652569228
FRMD6	0.4251440973176681	0.00018377405958214086
TRNP1	-0.34208666766916807	0.0001857006406885564
DNAJC3-AS1	-0.5327762766240598	0.00018584939756756928
RASGRP3	0.5245473681340886	0.00018592475128082614
HSPB11	-0.262393006365917	0.00018604100211325642
NRSN2	-0.41010929364787163	0.0001869949519118747
DNAJC7	-0.15698595491227785	0.00018732044907372457
RAB11FIP1	0.23482922666666362	0.00018736819398873898
LPGAT1	0.20631953359649025	0.00018798184012802334
PPP2R5B	-0.22729343303884875	0.00018883957448586827
CETN3	-0.2303663340376012	0.00018889575237653432
NAP1L5	-0.6841717493270725	0.00019048715370253812
NFU1	-0.2533228727193002	0.0001925175489395132
PKIB	-0.40653929720801685	0.00019294323849056025
SIL1	-0.3045651383145316	0.0001930344563305584
CYTH1	0.37893908723558845	0.00019366545876331448
PPP1R1A	-1.0501935691998767	0.000196673054035209
EBLN3	0.2041763505689289	0.0001966920195699993
RAB15	-0.35971710995238304	0.00019918103935710895
KLF11	0.24976745678571355	0.00019988090536117485
NBN	0.2844065132330904	0.00020018755447846225
PROC	-0.4197064416253129	0.00020061324970174023
ATP8B1	0.3819548305545073	0.000200745724692914
PRMT7	-0.21248936995112722	0.00020100490220224945
SEPT8	0.2713442321553856	0.00020112484456851225
ASPH	-0.16329902679198227	0.000201592695141572
STK17B	0.40547316027820024	0.0002021289395226651
RAB8A	0.21096066735588792	0.00020219971318002938
EPB41L2	0.22098630990601187	0.00020344255752243964
PRRG4	0.4981027750150382	0.00020468226376158942
PBX1	0.18045891936090364	0.00020550933976683176
PPAP2B	0.43067433135714417	0.0002071054193087053
TUBA1B	-0.1327421248621583	0.00020831242972074734
RRAGD	-0.3136669272180441	0.00020845795143555935
RC3H1	0.13811966119047625	0.00020918394203889068
HADH	-0.48643844167292905	0.0002091995029344751
EARS2	-0.2303986805275704	0.00021004193248678278
TRIM8	0.11385587895989602	0.00021028983742180053
APBA1	-0.5313478348220553	0.00021099740114802074
CD44	0.19312888496240888	0.0002113389908494098
PNRC1	0.27425871382456357	0.00021283688663028852
ENTPD3	-0.5393383642681702	0.00021295449177967195
ADNP	0.17416762206140213	0.00021435731724458543
PXDC1	0.3732299439254376	0.00021475186994696216
ASB16	-0.4111646810495033	0.00021556780039880377
PTPRG	0.34937813244047256	0.00021605356698450125
FBXO34	0.29596580106891857	0.0002165519042260759
SDCBP	0.19832758550751706	0.00021792648609401943
RAB9B	-0.5509586995031359	0.00021868479459379993
MYCL	0.5180627180620325	0.00021904520710627642
CTB-31O20.2	-0.3487434024943621	0.00021957671581279863
LRRC75A	-0.4417836072926056	0.00022031641565379493
LYN	0.2820847095300767	0.0002213345167603434
CTB-12O2.1	-1.2118812078070142	0.00022218066730110065
CTNNB1	0.09457847837719058	0.00022226701032002593
TMEM132C	0.4966322938527572	0.0002223834953474316
KLF7	0.32420260630325615	0.00022364485603834717
RP1-39G22.7	-0.4154116161597745	0.00022472571885674662
FHL3	0.2825550197399753	0.00022487587791283044
ARHGEF26	-0.48586199726880075	0.0002250777159229238
PTCD3	-0.1993084704523831	0.00022518779082573013
ONECUT2	0.42710700843107396	0.00022551456305913795
LHFPL2	0.28431584469924154	0.00022575640906604782
NDUFB2	-0.316954899849625	0.00022622801999839265
USP46	0.2983302043533822	0.0002276994169391814
NHP2L1	-0.20237064295739415	0.0002281049268485695
RTCB	-0.19401229610902782	0.0002284006187898867
U47924.27	-0.47521060378321245	0.00022848810589649383
PSMB1	-0.12108951330200668	0.000229038903927497
REEP4	-0.28359757896992477	0.00022907240893922594
NDST2	-0.2123795855388444	0.00022933646970461262
RRNAD1	-0.2441032982161664	0.00022971409630560163
ZAK	0.4541411299241833	0.00023144320432064833
CNOT6	0.15207699331453917	0.00023174559455789537
FAM107B	0.31031723252255183	0.0002338011408566023
FFAR4	-0.8527370236472454	0.00023429249735621872
ATP2B4	0.24220986860526317	0.00023503593549434903
TSPAN1	-0.5969664387587681	0.00023551604599526536
ATP6V0E2	-0.4370110397850908	0.0002385132755673705
NIPA2	0.14500734824561512	0.00024067354176040485
RP11-73K9.2	-0.47424085954949735	0.00024123903025602883
ALDOC	-0.5938265283289486	0.00024203775444686708
MSRB3	0.3782677180037606	0.0002445494366569086
CXADR	0.3897054130645419	0.00024477422170245827
KNOP1	0.263792833149747	0.00024484328654888316
NDUFS1	-0.16384554729386558	0.00024539346305347225
C12orf49	0.2665136934066421	0.00024575798091001563
PPM1K	-0.5185804267155394	0.0002477019267033116
RRP1B	0.1836077069674218	0.0002488265011276653
LINC00888	-0.4521016894636567	0.00024942718727422915
ARHGEF9	-0.5051261098126556	0.0002499748929576282
NKX6-1	-0.28044390560087873	0.00025074012134931656
SEC24B	0.16293471075814558	0.0002522520334979281
EMC2	-0.22803970064035184	0.0002525799530255423
TRAF5	0.35571059144799655	0.0002527338138234289
LRRK2	0.5297980889235632	0.0002527794733549919
CRELD2	-0.3204699507894695	0.0002534792909945202
AP3S1	0.15542486763784957	0.0002536820155261242
ZNF599	-0.37526734166854947	0.000253788044325782
ARHGAP29	0.29412198240476073	0.00025403920256920334
FNDC5	-0.6952942398602762	0.00025425168258389597
CHAMP1	0.2838544535802008	0.000254405454745814
NTN4	0.4261550061083952	0.00025566470492970473
PARP4	0.20404775133145314	0.000255897344292895
TRABD2B	0.5065526139617784	0.00025597174185441104
LEPREL1	0.49338598687907265	0.0002575785167621606
ATP13A3	0.14150735654762236	0.0002587914155159359
CXCL2	0.3128899207268194	0.00025959004281862747
EGFR	0.47591798932330676	0.00026008265438309396
MTUS2	-0.6983041765964906	0.00026126983050691314
USP20	-0.2565922603552604	0.000262700489159425
BRPF3	0.18500457286528516	0.00026271723080922106
CHST8	-0.32752092339035066	0.0002629714167125579
STIM2	-0.3277179089624074	0.00026302844770082656
AHSA1	-0.14776677305138364	0.000264419270987447
RNF149	0.2775212160651641	0.0002645552329281774
PVRL4	0.5503416128646643	0.00026607182779360444
ERLIN2	0.21270079136591846	0.00026890788964825896
ARID1B	0.22474907220990126	0.0002690114366083166
CMC2	-0.16871403889098247	0.00026978083802497164
RBM5	-0.22746365612907127	0.0002706877460207108
TRIM9	-0.7425715706309504	0.0002709431694855193
FAM117B	0.39227226141666627	0.00027096794388358414
MSTO1	-0.24525351583333155	0.0002711481687517893
CNIH2	-0.4418461310927295	0.0002714577516904765
PTCHD2	-0.6034744538421055	0.00027163105794169543
MCOLN3	-0.40201324589097354	0.0002718101332437033
MOCS2	-0.21410606532205456	0.0002719001422127115
TLCD1	-0.33210445360463936	0.0002719742706725667
SMPD1	-0.2964639216140377	0.00027213274519818887
TSPAN14	0.3646142988095189	0.0002722948227275983
GRIA4	-0.9796797520783205	0.0002732318017103392
NCBP2-AS2	-0.2207144224072657	0.0002746146711966961
PEBP1	-0.1480366493859595	0.0002758681687570569
FARP2	0.18402416120676968	0.00027590375202834035
ARFIP2	-0.23974473861089862	0.0002759218212581632
SNORD114-3	-0.6115202786027574	0.00027633105472411195
C2CD2	0.3173920526347125	0.0002789760040367206
DBP	-0.47962564388220663	0.0002792775386945615
SPTB	-0.39915698807456046	0.00027971515991403025
PTPRN	-0.8465844954830857	0.0002801889420785699
FAM114A2	0.21792303495300835	0.000280245588954629
PARD6A	-0.3100243160244336	0.00028179374182651576
WDR89	-0.15529497314599716	0.00028268542766285605
TRMU	-0.15978368400501353	0.00028320851568803683
PCSK1	-0.7141716672600253	0.0002842190356291171
CALCOCO2	-0.1964650971973665	0.0002877121770794598
CSK	0.27075341555137555	0.00028829467289980004
TMEM123	0.23437436984461613	0.00028843891538161287
CTNNA2	-0.7244583974448568	0.0002887249682023486
PKI55	-0.4322164872236822	0.00028882693566587123
ITGA10	-0.6387823372963641	0.00028928767120337966
PFKFB2	-0.43813967401879417	0.00029009180468038035
NR2F2	0.2581083720551369	0.0002906728927226704
C1RL	0.4224709637568935	0.000290963269511344
SOCS3	0.2938481285338366	0.000290988015894193
RDX	0.23760830011904943	0.000292319246158457
ESD	-0.10644176176691822	0.0002932598869890583
CCDC134	0.23595972018608968	0.00029335574366257534
HNF1A	-0.20170086925250885	0.00029473310026862233
C16orf80	-0.21406920017418862	0.000295268386572665
SPG21	0.20250722752004968	0.000295336412239611
KCNG3	-0.6572501818308254	0.0002955806923165183
ERO1LB	-0.4126679151566446	0.0002969467521471819
SIRPA	0.3121029235764379	0.00029752663452652903
POT1	-0.22810584965036718	0.0002975375541090618
KIF16B	0.2792635614805761	0.0003031344138889079
ACTN1	0.15620505778195692	0.00030321241162328306
ZFP2	-0.36953492355262707	0.00030376192502460546
C4orf46	0.29797722424624595	0.0003046852970187085
CACYBP	-0.14022752421052687	0.0003056268436512023
ADCYAP1	-0.8724383502763189	0.0003058259913993656
RP11-164P12.4	0.30438602963408457	0.000310485870246934
ETAA1	0.22200588171239843	0.0003105856745063088
ATP5O	-0.11288945594611377	0.00031067128116257304
TPM4	0.30620656449875483	0.00031367685071223084
USP30	-0.24072488988909413	0.00031380404217806545
ID1	-0.46484150923496514	0.0003142508381825017
MLXIP	0.18824310160401048	0.0003144344634278985
SLMAP	0.20955313777568918	0.00031454632068179055
ARHGEF12	0.08550312144110528	0.0003146125805630017
DEK	0.15539740714912043	0.0003160631887159829
FAM126A	0.27545621281077537	0.00031715440491892136
ANXA6	-0.5946982382769388	0.00031800293980633487
LOC102725454	-0.26158471020865015	0.00031915226531643745
IPO13	-0.2625082136140353	0.00032399138907329147
CHDH	-0.4788782805300773	0.0003258438966464281
HSPB3	-0.5538920850996192	0.0003264688226676883
GAPDH	-0.09539280786341742	0.0003268811998817288
CHRNB2	-0.35881409798057984	0.0003272881406569621
C7orf55	-0.32439368828571347	0.00032862582079908547
ABCC8	-0.9815383892656655	0.0003293260403573903
MYL7	-0.37653623188095064	0.0003295475990852914
TMEM170A	0.24605202227193068	0.0003298838059399632
ENO3	-0.21851122606515982	0.0003333054076317117
B3GNT5	0.24105668199874586	0.000335012961119954
C3orf14	-0.256532556585217	0.00033529444133698365
ADAMTS1	0.5609151744956105	0.0003367703382079495
KIAA1432	0.2568048465031332	0.0003378574454914613
GLUL	0.15810927817043208	0.00034663044474434417
TRA2A	0.13199946183583577	0.00034816568670909903
PTGFRN	0.24851880034586848	0.0003493472052659056
TMEM30B	0.1612420124812033	0.0003509164110627686
EZH2	0.4216456641572677	0.00035095056952025625
IGF2R	0.30310926230701973	0.00035294651032517576
ATP11A	0.284627074849622	0.0003538774571207493
HECA	0.16115809558897176	0.0003546908791174127
PAXIP1	0.2454602550745637	0.0003551597251229275
LRP5L	-0.5173387414147896	0.0003560552621633647
CARD6	0.399280812480578	0.0003567832229149379
DXO	-0.20791200807205534	0.00035775902116328605
KNDC1	-0.6239579919392186	0.0003588484848659449
NUDT7	-0.37750427757957183	0.0003617756491309123
TM9SF3	0.09160862443608764	0.00036270419986841266
STXBP5L	-0.8457978912687913	0.0003629486365314286
SMURF2	0.25689998743734677	0.0003632349952444386
NOC2L	-0.23400103357143198	0.00036387679994313654
LDLRAP1	-0.37445673711215655	0.00036643408614933545
TMEM63C	-0.8436204141666686	0.00036902076808647914
TOR1A	0.16438074485588672	0.00036980500471475546
PRDX2	-0.2498593921240566	0.000370032624514044
RALBP1	0.14370502337593827	0.00037165079650766105
PAPOLG	0.272322690840225	0.0003719434896627816
TSSC1	-0.20186943535776614	0.0003727329739484654
CYP2U1	-0.5392034118859623	0.00037341036074425366
SSH1	0.3148242043546343	0.00037385780775171226
APOA1BP	-0.18561472116541822	0.0003752712150313116
TSC22D2	0.19850400998747553	0.0003754789868623744
C1orf127	-0.34955097643859645	0.00037608541499174145
NCOA5	0.14677563998120746	0.0003767945061866969
LOC101929550	-0.8807961982424795	0.00037714374925610397
COQ5	-0.1758295817431037	0.00037827566564096625
L3MBTL3	0.45680279036779137	0.00038061416613034915
CRYBG3	0.13073482653508428	0.00038198242745055266
ATP5I	-0.1618833413095242	0.0003845398132339956
CRY2	-0.28483366791415676	0.0003855615981303672
TTYH3	0.4290714179160444	0.00038557600571958057
RBP4	-0.7761583410601531	0.00038672291635154184
B3GNT2	0.33836976825438114	0.0003871175987767029
RALA	0.1331400537719265	0.00038858602244945355
ZNF767P	-0.2948636673552629	0.0003891162161651353
FGF13	0.6543578887825809	0.00038961227708501336
FASTKD3	-0.1585220305645354	0.0003938836569616225
DNAJA3	-0.16561236294486115	0.00039478647716562434
HNF4G	0.5802263655726847	0.0003949007618865322
RASGRF1	-0.5394354332963669	0.0003955151769073884
PSTPIP2	0.6844526558834598	0.00039776392412161016
TEX2	0.13850074724498995	0.0003978242721789507
LOC101927734	-0.5056917758007522	0.0004033540999632498
PPP1CB	0.1426721643609028	0.0004042791138290197
ARHGAP28	0.7377079017117794	0.0004083046976213568
SUGP2	-0.1858425293182968	0.00040865302683996274
C2orf70	-0.33991587267105405	0.00040883919886331653
PEX13	0.1713086498558969	0.00041088629861493124
GMEB1	0.18577158503759428	0.00041137119311481163
CCL2	0.34453215488095346	0.000412606069465476
PDGFC	0.36870955369361447	0.0004143580124274247
CENPBD1	-0.23222968281954692	0.0004179992337387579
TMEM151A	-0.34678359455576313	0.00041927960998345773
TMEM194A	0.29242564330200693	0.0004207728584631078
SLC37A4	-0.2772278937800703	0.00042083352541355773
RP11-305E6.4	-0.4485123407850873	0.0004217529981294024
PMS2P1	-0.19798508123370873	0.0004233564968400392
SMIM5	-0.5312654363778204	0.0004233900700044502
NUDT18	-0.19338189538471262	0.000426200376895304
MLH3	-0.33440912330200234	0.0004273862703252062
LPPR2	-0.3677285936315817	0.00042761628656789823
TVP23C	-0.3014769834197999	0.00042917357786872366
IFITM2	0.333299084981201	0.00043011869006594363
IRF2BP1	-0.2667075692631622	0.000436405445825667
GIPR	-0.593113871628443	0.0004384810759002234
CHSY1	0.2471788853383483	0.00044392307239954397
PPIP5K1	-0.2713228493402262	0.00044393815185663204
LNP1	-0.49191065177632254	0.0004462366061420118
DYNLL2	-0.1169795116228034	0.0004476892012613338
AMOTL2	0.39864477122681485	0.0004478488490176412
LOC100505912	0.40491498348496524	0.0004497505052651456
DCBLD2	0.30116360272556975	0.0004499412880087575
KCNH8	0.5699822124555141	0.00045040418316526074
SERPING1	0.5626925143001227	0.00045109467866512207
HSCB	-0.2196197617218072	0.0004524407006736407
PIAS1	-0.21311391395990142	0.0004524458540092114
KDM1A	0.12926519273183246	0.00045371854702769103
CTGF	0.5985195256365898	0.0004552384980190191
UBE2QL1	-0.850386368429195	0.00045620176631146615
KIAA1217	0.20323977199874932	0.0004564353801600628
SLC45A3	-0.5018801595695521	0.00045644718774528456
CEBPB	0.33078937204322933	0.0004568298069303154
ANAPC13	-0.17247576075814663	0.0004574867305736542
LEPROT	0.12633752315163527	0.0004576473414896035
IFNLR1	0.3925875435325814	0.0004579621759558009
TAB2	0.14363578473057004	0.0004583144141130836
PKP4	0.18247750186090173	0.00045951058577801046
SYP	-0.7001278337261905	0.0004602554355952154
PROSER1	0.27702751763847644	0.0004614250303791136
ZFP36L2	0.21106564482456314	0.0004625471434508117
RCN2	0.323650352639099	0.000464148361031909
RAB3B	-0.6415323151666676	0.0004659620269346432
STK3	0.12507193346491619	0.0004666159984590132
WWP1	0.2786202913916078	0.00047175466682782214
B4GALT1	0.23722867713032691	0.0004719124476092833
MPZL2	0.5742842729786979	0.0004722833830831995
BACE1	-0.27959074227256053	0.0004766782643734481
ABCA3	-0.4513338397781972	0.0004793201617739035
CCDC71L	0.3497789708515029	0.00048063803611342245
CDYL	0.27883880065977706	0.0004812811761992613
FAM222A	-0.6340440182681721	0.00048424365422760935
AC083949.1	0.2853837322299464	0.00048575694523378193
LRRC16A	0.19356324621679022	0.00048679273580427043
CMBL	-0.4480812555971223	0.0004869194698387613
CRIP2	-0.3800484696409807	0.0004894524271359237
SLC38A9	0.26099104048684296	0.0004895738748218896
LRRC8D	-0.14670298462656461	0.000489714229469942
ATP6V1E2	-0.29186343916541535	0.000489893484097132
SRSF12	-0.28557283433270975	0.0004930866431771489
RBPMS	0.33339182640225573	0.0004932766350710363
LPCAT1	0.16051982161027922	0.0004938571561844706
MEGF9	-0.202155450494363	0.0004946657767057588
CALML4	-0.4969986077631585	0.0004954112654738947
SPRED1	0.3262383507681701	0.0004971751477354679
ZNF117	0.39671718851441007	0.0004973887833007826
BC062753	0.24539493054385808	0.0004975391836452532
INA	-0.8266801225269411	0.0004979646159359209
ERO1L	0.2352769742293166	0.0004995415163256653
ABL2	0.275072526084589	0.0005008141915114887
ATP6V0B	-0.1861703664974943	0.0005015183084708521
TNFRSF10B	0.21802461971178033	0.0005028733492614241
MOSPD2	0.23428996761591314	0.0005044125178719323
MLLT3	0.282706420194236	0.0005067407471159587
NDUFA8	-0.13673407721177533	0.0005078258497341908
SPAG6	-0.6833551758997451	0.0005089553097091609
KBTBD12	0.9296640086917316	0.0005094301073589173
ZNF582-AS1	-0.4398401676240651	0.0005094478468112704
ELF2	0.19341740010087172	0.0005098471425904975
SV2B	0.5300467126491224	0.0005101269796373685
SH3D19	0.24442115368170647	0.0005125633362013047
PIGM	0.19742741093421046	0.0005128223113814937
SKIL	0.18438235780075019	0.0005140294557487259
TTC13	-0.21088436919485787	0.0005148264869123435
SAMD3	-0.7007519262286994	0.0005171500505356342
NEBL	-0.44602604315789485	0.0005219734667184495
GATAD2A	0.11692716937343306	0.0005239870951223108
H1F0	0.21741601598370508	0.0005245105661208312
ARHGAP21	0.2970652227656636	0.0005264624829049511
LINC00643	-0.807158398610909	0.0005265076910952157
SLC38A2	0.1142869329511278	0.000527436603376785
PLCL2	-0.36393140211591124	0.0005284646672836348
PTCD2	-0.26575871352819735	0.0005294603051598896
OSBPL3	0.477993473441102	0.0005316170892349007
BMP2K	0.31540626974248376	0.0005331698750430616
AKNA	0.314615756174188	0.0005348241030946007
ZNF468	0.3376931233966136	0.0005373308236268243
GAB3	0.26110188926942524	0.0005386148720402435
HMGN5	-0.43152915772618705	0.0005387484261869822
RPA2	-0.2626621397061424	0.0005433421059492174
GALNT7	0.22508088205513843	0.0005434368327615974
ALDH9A1	-0.2182042321177935	0.0005456736352571135
LOC100129034	0.3696557460789469	0.000547381448682767
ARID1A	0.17619505696240978	0.0005483342289247538
RAB3A	-0.758158543451751	0.0005483938905600684
WIPF3	0.361267520861535	0.0005510423495446746
STAU1	0.09885764051378487	0.000553204241082141
C1QL1	-0.5428131775031302	0.0005536322417868292
FGG	1.067254519760656	0.0005550687305568407
BTBD6	-0.2469337798602833	0.0005554183674211763
PEX12	-0.23011779566102675	0.0005560012929923545
PGM2	0.43164397846115143	0.0005563679994417818
ALKBH3	-0.17394959361904228	0.0005567961736279923
AMER1	0.31765821219737145	0.0005577054341817574
TMEM44	0.29040217643859645	0.0005583991983660663
TMEM167A	-0.1295986610964892	0.0005610401422104792
CCPG1	0.2672472021209291	0.0005621497935994191
FH	-0.10751398571428439	0.0005661874181145694
IST1	-0.10547744348997234	0.0005664170051041399
TRPM7	0.22864632794924944	0.0005666588192810661
GPR158	-0.8982647665119057	0.0005669129843543408
FICD	-0.37418065465413797	0.0005681605032120306
CDCA7L	0.48870842877882126	0.0005681783464400437
SESN1	-0.4563101618189229	0.0005682714041589373
PELO	-0.21124897178508384	0.0005684375635601873
MAP1LC3A	-0.3839656242105267	0.0005706382144709638
FAM109A	0.38682287879950294	0.0005766467645689579
LMO1	-0.6211969461973696	0.000577281526328986
COQ6	-0.17204735293044848	0.0005795483564224148
PEF1	-0.17494617316165062	0.0005827085633261348
ZNF558	0.21138682353634053	0.0005831081896708102
TMEM126B	-0.19750002853383464	0.0005833753869726781
WDR44	0.19136951437530847	0.0005864155490002428
KGFLP2	-0.6370269348421056	0.0005864266935016922
ENDOV	-0.3859349343471141	0.0005883590178722592
ARVCF	-0.1562481859003757	0.0005885307635940673
OLFM1	-0.5790347075683009	0.0005932629891548247
DUSP6	0.2502339928483739	0.0005935588367517412
C12orf65	-0.1709478448195494	0.000596283500295853
TUNAR	-0.709321058254389	0.0005971043176627704
GNAS	-0.24603295303884387	0.0006020529326383871
SYT9	-0.5089962659699259	0.0006039645962709592
UNC5D	-0.9840335449373452	0.0006043141238493066
MAGED1	-0.30342605871554085	0.0006043425503947167
RILPL2	0.1924964137838332	0.0006043593394218787
TEAD3	0.3111071707343349	0.0006065572795083011
LEMD3	0.10220117424812436	0.0006078620089944593
SEC11C	-0.316121390914784	0.0006139540530429766
MADD	-0.32433898144110174	0.0006147728320170503
TMEM74B	-0.47239355194987276	0.0006165041647576485
GNL1	-0.13698956988157462	0.0006185752193807625
TCEAL3	-0.3600812903283188	0.0006186083312517617
MAGEE2	-0.8065379116472426	0.0006229328902618286
FITM2	-0.23519717569987542	0.0006233248429904156
FBXL14	0.12868955897243595	0.0006234752801711235
ZNF10	-0.5526156506083968	0.0006258041577925443
CLGN	-0.591160055163531	0.0006291509432372072
FAS	0.38990659653947546	0.0006309845326729832
AJUBA	0.5088737726635362	0.0006327485115740095
UFSP2	-0.20835717899687012	0.0006390300236696225
TMEM165	0.1624760043107738	0.0006405516254076699
MYSM1	0.2597884511102748	0.0006429397286718139
IL10RB-AS1	0.3591068421459873	0.0006439160239721843
FGF9	-0.7454683996328297	0.0006443428572616926
ZNF227	-0.20936517412280242	0.0006493996100409371
ATP6AP1	-0.2535473749248105	0.0006503151484741374
NFIC	0.12118184128445719	0.0006510405150665029
SPRY1	0.3799300078502519	0.0006513650720158443
MAPT	-0.7222918962299447	0.0006523711862225357
ARPC5	0.12284664793233624	0.0006561598722400347
SRPK1	0.2782580815664204	0.0006567282573409768
PPCS	-0.166465102099	0.0006571430285852648
DCX	-0.7243584615288228	0.000657246326245984
GALNT3	0.2874666701817006	0.0006593350705844471
ARMCX2	-0.516318282335213	0.000666290440887493
FASTKD1	-0.2030128214411029	0.0006670039600087687
ANKRD28	0.21930404830827044	0.0006671422397189645
PDZRN3-AS1	-0.5496128514799477	0.0006778760158266664
SALL1	0.43540488221303164	0.000678109467149742
METAP1	0.2659745384730563	0.0006816496346789445
BARD1	0.48817194801503927	0.0006843780700529515
MARCH3	0.337830098069551	0.0006854250543767808
TRAM1	0.09195760508771755	0.0006856331365100038
TP53TG1	-0.2625993291459867	0.0006859844930454148
ZNF792	0.3052561987512501	0.0006870925762117661
CHODL	-1.387670108727443	0.0006876110299673533
PTMA	0.14328917152881893	0.0006880585308873032
HAS3	0.1650605424812035	0.0006891790914428554
MOB1A	0.27713789393546406	0.0006900045987909499
DSCC1	0.4140604385927338	0.000690637105343067
AACS	-0.3295548360526297	0.0006909179215225571
THSD4	0.3907119475946139	0.0006928616734386128
LATS1	0.17135518175062714	0.0006936762281813991
NIM1K	-0.705215454251257	0.0006941936735437519
TIA1	0.19632064098997049	0.0006945215951028823
UGCG	0.2201772033020024	0.0006965005310120933
SLC39A8	0.32572342120113085	0.0006978912354070819
LINC00839	-0.6286513497556374	0.0006983168820590207
TMEM50A	0.15270796809523546	0.0006991715295361008
PRPS2	0.35172827268170437	0.0006996154054006006
SLC35D1	0.2978549869636602	0.0007000173259074464
BC040734	-0.6820439801578972	0.0007016947025639799
CDK13	0.20795759267731562	0.0007082954102576551
EPPK1	0.4730450238615269	0.0007084283846406442
MAP3K12	0.20617160092104747	0.0007084419872448761
LINC00473	-0.8467508050119044	0.0007089099283013429
THUMPD3-AS1	-0.24281271181391162	0.0007117059637405857
MAGI3	0.2241950179686718	0.0007138676297947172
TNFSF10	0.3852035247368395	0.0007147307540087808
CRMP1	-0.6178631446453622	0.0007154821039945545
CSNK1G3	0.1805690522180452	0.0007165470029507287
CASP8	0.47361556679072603	0.0007190999858597899
CPLX2	-0.6293092474849606	0.0007205868919361141
RTFDC1	-0.14313806184210698	0.0007227637151885399
FUT4	0.41621932418045127	0.0007237635308089708
SLC38A1	0.32300632125940076	0.0007247098400979509
PSAT1	0.4198839816754383	0.0007249519700805807
PSMD5-AS1	-0.48295064984712255	0.0007266165775377765
NKIRAS1	-0.2876767374248139	0.0007279934374663138
LRP2BP	-0.5285070936265654	0.0007326637600812036
RFC1	0.1544403784091486	0.0007337637297992914
STK38	0.16072572942732144	0.0007386002702982584
ZHX1-C8orf76	-0.22694758399561188	0.0007393039985451418
TBC1D22B	0.3020184661879721	0.0007457216429945603
BICC1	0.38448279010150266	0.0007462159643316212
CORO1C	0.26233076397869226	0.0007474194209022757
NPR2	-0.5358951179461169	0.0007524268958152227
ALG6	0.19639268158834788	0.0007524936895605822
ANKRD65	-0.4112284578890959	0.0007536454503263054
MBOAT1	0.5384686527368441	0.0007566567268866708
CCNK	0.12869058369047615	0.0007573318643068798
LOC100506563	-0.6717645878139127	0.0007573320272349261
WSCD2	-0.9203068585795746	0.0007603640580746744
PPT1	-0.21211761828320697	0.0007608227496144972
USP2	-0.42944647600688945	0.0007620988964728326
RUNDC3A	-0.5806615804849624	0.0007624083985892544
OSGEP	-0.21739058994298333	0.0007624841679087147
COX14	-0.26802821938597	0.0007630625931612015
FLOT1	-0.24633062295112218	0.0007639660794585283
IDNK	-0.25297976427255975	0.0007655558394537605
FRMD4A	0.26656218704761336	0.0007656087804412791
DACH2	-0.9571103991710483	0.000766657311497051
RPH3A	-1.0785782306892227	0.0007677971866663798
CDK5RAP3	-0.18379494763470916	0.0007686484908980338
GABPA	0.266403099956138	0.0007720601572463474
PIM1	0.3969470279009979	0.0007756361900242252
TM6SF2	-0.2832700334404734	0.000775695064282201
RNF144B	0.43284848347305704	0.000775721239695253
CTTNBP2NL	0.24636835118358213	0.0007758351722811435
ZNF596	-0.26561487770112713	0.0007774381940780198
ERBB2	0.3768352816616538	0.0007790416910854272
JHDM1D-AS1	-0.25546947122618846	0.0007810085339131621
ABCC1	0.1442106759398527	0.0007817133635075649
NAPA	-0.2605323824536345	0.0007827584623069999
CTD-2619J13.17	-0.45501258553320945	0.0007834359132296544
UBR5	0.1711858618608968	0.0007879430189544707
DCTN3	-0.18685138723684602	0.0007893818757705232
RBM38	0.3211805476259384	0.0007928084142325129
NKAPL	-0.2819542963032582	0.0007930252444966441
DGCR2	-0.10442653442355976	0.000793462438429417
MAML2	0.2228297043496248	0.0007966239915729825
PVRL1	-0.14692193393922182	0.0008004630782528348
LOC284513	-0.3694412650520045	0.0008024474992829879
OXCT1	-0.32378425374059994	0.0008033290540169308
GPR157	0.4025416309047607	0.0008041437032018415
TIGD1	-0.30890271282017245	0.0008042211137252724
TMEM200A	-0.6418980995225549	0.0008070168709777503
IFNGR1	0.25659842781327846	0.0008097962942777524
ZHX3	-0.30301574031453526	0.0008115739687842126
FEM1C	0.23936664528696916	0.0008121870051619707
STK4	0.2440224623139109	0.0008154592812447409
ULK2	0.3046522356923518	0.0008165536944261024
ETS2	0.276086511898491	0.000816776660173374
HIVEP1	0.2016333155845853	0.0008174136280675687
ARHGAP12	0.2532197563890968	0.0008188407522477654
SLAIN2	0.17777615455513818	0.0008190685888767606
ATAD2B	0.24976821785212877	0.0008200733529141312
ARL3	-0.2960749916390917	0.0008244421508577782
ATG14	0.21025617557643983	0.0008261952883995663
PUM2	0.10654312191102555	0.0008262489901303514
ERI1	0.2595555796284419	0.0008267626662440286
CHD1L	-0.19242524150250517	0.0008281735369311524
C1orf74	-0.31933809534899815	0.0008298444009052075
METRN	-0.34576170992418476	0.0008329426278628326
FAM131C	-0.514332384218668	0.0008351278519906959
NDUFAF2	-0.2510294924837133	0.0008358062445634486
BTBD7	0.20591617090852132	0.0008365434794559861
ZNF658	-0.28553698701315255	0.000836675994451152
ZNF497	-0.3330445231597725	0.0008375090145716164
ENO1-AS1	-0.46493283472932223	0.0008395628082355663
HUNK	0.5258074554542596	0.0008427569431187336
MIDN	0.18166461415414226	0.0008455154643092119
LRRC10B	-0.8480281568414743	0.0008478067494466907
YTHDF2	0.12896908568295729	0.0008485273029343835
RIN1	-0.27715248162782125	0.0008500608398288
ZBTB10	0.18276735068922356	0.0008531945633207118
SLC41A2	0.2246070623151617	0.000853204810524912
NAT16	-0.7371196575557608	0.0008638007783424032
TMEM47	0.2984163681322016	0.0008640428466404846
STRN	0.23475684420927578	0.0008658473666083945
SIPA1L2	-0.3980370602230572	0.0008665476896961669
GNG7	-0.440632250622806	0.0008675762266342529
GKAP1	-0.3096131138565159	0.0008735341601936078
HIATL1	0.12287206627819991	0.0008737547082547665
PLEKHA6	-0.4083054194066431	0.0008778313889360689
CAPN13	-0.9068849536911099	0.0008816902645360814
NEDD1	0.16768461792606715	0.000884652520345101
PACS1	0.334129523637845	0.0008847334489114055
IFT74	-0.25532520983896845	0.0008862065333035594
MRPS33	-0.1921444178822025	0.0008891578335689574
EDEM1	0.20349923786090507	0.0008897354810998745
C14orf93	-0.2750872089492482	0.0008912354299488889
KDM6B	0.20652078328320833	0.000891246121404347
HBP1	0.12212140295113194	0.0008950684812708386
LACTB	0.3455199606290744	0.0008974077952705608
TPD52	-0.17928639073934605	0.0008984628809992052
FGA	0.8252112965632818	0.0008993530415918179
TUBB1	-0.42368183532894754	0.000899850256775117
KLHL22	-0.27614859883145915	0.0009013832065860687
MLLT6	0.21366303913721651	0.0009075512809764938
LOC102723845	0.40302351126190583	0.0009098641731326523
RBM15B	0.26200731845112735	0.0009124498517191288
ZBED4	0.32958908374310436	0.0009132375360240881
TSPAN6	0.4716258229893473	0.0009150355405645181
SNX18	0.18351773823934892	0.0009155846203244286
ERGIC1	0.13638476956140444	0.0009167507513880703
TPST2	0.39065785730012337	0.0009173275348107183
L3MBTL4	0.3607056969686706	0.0009198705797900061
FLT3	0.5570991963251863	0.0009288930651702359
BEX1	-0.4678847499122796	0.0009307370590316365
SYN1	-0.8292021605601523	0.0009314729972192589
GPR125	0.3140930250213021	0.000933022053741481
ZNF136	-0.22474029518734184	0.0009331113035694566
APBA2	0.5100618381466155	0.0009337649612109434
VPS26A	0.16200314428571438	0.0009346216972603633
ZNF180	-0.23224555900563626	0.0009376143454137035
DNAJC18	-0.5201102465388505	0.0009405806812450039
PEG3	-0.579060460803257	0.0009436311012715862
SLC28A3	0.49857244899122044	0.0009484885074912931
MEG9	-0.7441611476315799	0.0009532331627069865
RBBP5	0.2699853918615265	0.0009567921814974754
DUSP26	-0.7463812232481217	0.0009572782730077448
CDK9	0.1407864740751883	0.000959071888077118
MACF1	0.08358320219924664	0.0009610578091606263
KBTBD2	0.11269696496867176	0.0009614580532531202
ZDHHC9	0.3611517282443657	0.0009660789284408971
BRD3	0.20602840234336028	0.0009741676848241144
TMEM37	-0.5649779377838371	0.0009759414616175711
ZNF226	-0.31145915691854675	0.000981391567877499
RNF168	0.15364273564787112	0.0009818654205273514
COX10-AS1	0.28558131391666564	0.000983231966301478
NPAS2	0.20196069499060343	0.0009843547286799777
COX4I1	-0.13340193569548653	0.0009854734921470626
CDH17	-1.0220807789122803	0.0009874464415049909
PPP6C	0.07495207820802285	0.0009931400512874248
SYT13	-0.7063589444599039	0.0009970529865398097
B4GALT4	-0.14708943829574217	0.0009976901305579417
ZFAND5	0.11387607858395477	0.0010008424308239209
BCL6	0.19474813602130858	0.0010021955617841897
PFKM	-0.3684577811040093	0.0010069762443871047
ZNF233	-0.634808105278192	0.0010092134525087721
CS	0.10277697266291064	0.001012659702594617
PRF1	0.5310440824492471	0.0010127947774739865
PRRC2C	0.10017827645990174	0.001016721639899779
FBXO32	0.39018734944047395	0.0010201120338249126
LRRC8A	0.2671895277192977	0.0010221922048871824
HLF	-0.5634697158414799	0.0010230361485378705
KCNJ5	0.2943593457788225	0.0010234600902876828
ACRBP	-0.38702439972932456	0.0010243285553145926
RBMS2	0.4334517002713021	0.0010262638349342965
DNAH5	-0.5490602198063907	0.0010293030155093775
ZNF570	-0.24200140792355995	0.0010335304085582152
NKAIN1	-0.31258118803069923	0.001035536897267647
ATXN10	-0.11040078015664001	0.0010358220426884618
GLS2	-0.33795410100751866	0.0010371887671070943
STEAP4	0.7163512255050133	0.0010373203663119489
PWAR6	-0.5354680101365918	0.001040653529198499
C5orf22	0.21005014345425543	0.0010407829614582404
MTERF2	-0.2532240912117789	0.0010444352949110236
PCNX	-0.3144045379981186	0.0010478023142336437
NAALAD2	-0.7200615849655376	0.0010487527036455934
TRIM46	-0.47106226599686707	0.0010513806770470024
FAM107A	-0.6335372930075218	0.0010537504529641295
PDLIM7	0.443326276690474	0.001055037095500487
AFAP1	0.2771714677092767	0.0010571321783522606
MOSPD1	0.30805175118734596	0.001058405439102297
FAM199X	0.22450630146804507	0.0010614009469822432
CHML	0.4223420769035062	0.0010619708453131686
FOXQ1	0.38159349663157904	0.0010628547694454134
LIMA1	0.2914630199555184	0.001068871535997427
RP11-258C19.7	-0.3348423234417277	0.0010689346440222519
TCF25	-0.20306915567042516	0.001069838323507686
SP6	0.4008500832374704	0.001072226071061504
TRIM32	0.16187074570175675	0.0010732327869961394
C6orf62	0.11120587196115217	0.0010736116993662025
AK1	-0.24238721128509155	0.0010742065775727664
UBOX5	-0.2141465761121566	0.0010755713697124622
ANKRD32	0.3396107893396003	0.0010799516906526572
ZCCHC17	-0.1423228307199249	0.0010865198290614159
CAMK2D	-0.19853864528821852	0.001089250913664703
RP11-554J4.1	-0.49008856071052165	0.0010905355831091327
ACTL6B	-0.5837625477456161	0.0010927031753601873
CACNG4	-0.16436318119486337	0.001094861257146801
TMEM133	0.3396372652838391	0.0010959851037756682
RP11-285F7.2	0.45945015802569067	0.0010966174409400582
FRMD8	0.1736287984210545	0.001096696238970449
RMND5A	0.21129903163596353	0.0010968528697334575
COX6C	-0.11035440698621457	0.001097849268996419
EVI5	0.2603265725632795	0.001098553370394832
ACTC1	-0.53650484640601	0.0010996930099097134
ABI1	0.20105473760025028	0.0011016872484963687
CDIP1	-0.3460130060288229	0.0011024044693642694
CHID1	-0.24614816981516263	0.0011053938347326668
SYNGR4	-0.8287950290175417	0.0011216799429119107
RASA2	0.3296714426867169	0.001123162572907401
SPATA7	-0.2645787217800777	0.0011252924323808654
SEPT3	-0.7333165901979957	0.0011261910971745147
SVOP	-0.8799639285244378	0.001129172870789557
RMDN2	-0.33060075047242865	0.001130302665157816
DAG1	0.25149025998747376	0.0011318870367039093
CNN2	0.4444808826278148	0.0011318905990946083
CX3CL1	0.6722920746578964	0.0011345676665759491
GNG4	-0.7322454800670446	0.0011365845380293005
PRKD1	0.3550412138583958	0.001137379598853954
HCFC1R1	-0.23680283391478518	0.0011375196451148695
VPS37A	-0.2047988267562637	0.0011376279524365047
JAKMIP3	-0.6805002353295748	0.0011392406007651426
LOC154761	-0.7094904653709282	0.0011406466858675584
RAB30	-0.24414128275564195	0.0011408478848942208
LOC155060	-0.24290426487030103	0.0011419859121960861
TMEM143	-0.3122265103395989	0.0011428593294093323
IREB2	0.15188288200501177	0.0011441071756027948
HCFC2	-0.45261032576253335	0.0011443838503272501
KALRN	0.4518012062506269	0.001149807364143354
TOMM22	0.24034938572430775	0.0011518605580868918
MROH8	-0.4513226324360886	0.0011522443148673101
KIF5C	-0.7233941371152852	0.00115767431665028
N4BP2L1	0.22866301647117382	0.001158068868804688
LGI3	-0.27761327389787027	0.0011626493903077013
ZBTB14	0.22223360318671403	0.0011638073316476765
STRADA	-0.23681260914473512	0.0011661005211644282
TMEM217	0.5740153158032584	0.0011664628095190098
CCAR1	0.13823231624060206	0.0011677894342668467
POR	-0.2061596232449867	0.0011678951134327191
EMC9	-0.2175756769661632	0.0011682246758656035
MSL3	0.21814772008960226	0.0011689603154016236
COG1	-0.23771159354448557	0.0011726016509761776
HAPLN4	-0.7637765679899733	0.001174668966390421
RUNDC1	-0.16180851954636566	0.0011769194714836178
GSTA4	-0.31412202354323604	0.001179814681357662
PACRG	-0.4428876063571394	0.0011809883508644705
ALKBH1	-0.22866239842606717	0.0011819602441556576
INS	-0.2537897373872191	0.0011870500227416222
JAKMIP1	-0.6926812758201741	0.0011872679376090246
PEMT	-0.4902869428947394	0.0011874073749541453
LIN7A	-0.5118325809899762	0.0011890700788012238
GABRB3	-0.6116145827750632	0.0011900135005175312
AMPD3	-0.32082237560338456	0.0011908826753760664
LOC101929719	-0.42104477917168115	0.0011918496169391183
IGSF22	-0.37182232976817	0.0011922185261267616
P4HTM	-0.3454486196253157	0.0011946583376847737
KIAA0355	0.18304405768044774	0.0011988739576333264
THUMPD3	-0.20833370439410714	0.0012002984374769837
LYSMD2	-0.2965176384097816	0.0012003135846362502
MEX3D	0.59090377723183	0.001206866695354229
MAGEH1	-0.2561895989924796	0.001207937201996884
GLTP	0.1293608976503755	0.0012107519177284368
CREB5	0.5875881458239345	0.0012116411779786549
DLEU1	-0.40653096505012254	0.0012121495953162362
SNX14	0.13801876572681948	0.0012169836804967202
ARHGDIB	0.38773114161967825	0.0012189427629369894
PTTG1IP	0.12450912576440487	0.0012212350318714614
KDSR	0.1472367390350886	0.0012229167382056788
GZF1	-0.20653873811466283	0.0012229709537997402
ZNF44	-0.2663845958283204	0.00122492691846498
ARMCX4	-0.487477854234335	0.0012255274848642975
SRFBP1	0.28794888918483963	0.0012305597675531003
NFYB	0.23751563362405648	0.0012311121653257647
BAIAP2	-0.4130924458884744	0.0012348740676263717
MRPL55	-0.20047089035776722	0.001234891791891997
HAGH	-0.2373427664454848	0.0012371403096621738
TTLL3	-0.2573758280645375	0.0012420359941220102
COQ10A	-0.3364015823872162	0.001242659268967421
FXR2	-0.1736230464204258	0.0012449782853900149
H2BFXP	-0.6253181794799527	0.0012511081869428472
TES	0.1386002903947361	0.0012562553825228434
UNC119	-0.20541281051064875	0.0012564090041224819
PSEN1	0.19438470557331122	0.001256742658551951
LMO3	0.5442919170682998	0.001257655576749477
ESR1	-0.8309710358941125	0.0012610174052949301
MTIF3	-0.15637106772556386	0.0012625797514030186
PLCB4	-0.7228647853320815	0.0012646980035173987
EFEMP1	0.39725407587343753	0.0012683835313485445
SDHAF1	-0.21509070158646715	0.0012727146425445567
ETNK1	-0.24157011174436605	0.0012748091811329455
LOC553103	-0.3360301599630322	0.0012749949622905
HNRNPUL1	0.12594044135338223	0.0012822468808959724
TNFRSF10A	0.46320387539661745	0.0012891272153111005
A1BG-AS1	-0.2515549941102737	0.001291350982440756
SPPL3	0.14923925872243338	0.001294494974987457
MAP4K3	0.2960051031604003	0.0012961501707047754
ACVR2B	0.19536581376942763	0.001297469512179257
CTA-445C9.15	0.6809976699918536	0.0013007068578800298
EHD4	0.2638133390476174	0.0013034234042835964
COG5	0.15977503966792028	0.0013043534864339288
UBE2Q2	0.21992377133960161	0.0013056716104158687
HIP1	0.32939331848308395	0.0013088892666897596
DRAM1	0.3781816092443613	0.0013092907067466153
IQCA1	0.47072567001691823	0.0013096440333409272
RNFT1	0.27591954911278016	0.0013099215815718357
MNX1-AS1	-0.26985706447180213	0.0013111950558650667
CUL7	-0.25861450312844436	0.0013112078195607355
DUSP28	-0.275338436130955	0.001313904377377316
PPP1R37	-0.22908422508772297	0.0013141382931244748
AARS2	-0.18977864672430744	0.0013164215436023462
LINC00263	-0.5536007616008787	0.0013173848602146161
PHTF2	-0.26047262144736827	0.0013193136809873608
NFIA	0.2326060409962345	0.0013205585425955632
CACNA2D2	-0.6761495586221837	0.0013212989899878279
TMEM175	-0.19310444562907136	0.0013217960878935215
RP11-793H13.11	-0.28115253058145395	0.0013283509367047223
GVQW1	-0.2996159673433576	0.0013293645972284962
SEL1L3	0.25696848884461154	0.0013320697159309321
ESYT2	0.2625998239674203	0.0013326034846068043
ZNF219	0.1748079056741858	0.0013350128565965162
FNBP1L	0.12558103674185261	0.0013466410629409547
ME1	-0.29042024835651326	0.0013467672740045855
LPCAT2	0.5430560465357148	0.0013532173277634005
SYT4	-0.654171670778199	0.0013563496542805288
SLC17A6	-0.9645848242017543	0.0013599245428988199
KRT222	-0.7431680124993738	0.001366457175684713
TMEM263	-0.18740385785714686	0.0013669911068799484
ACSL1	-0.23372144274686768	0.0013740839064643215
RP11-180N14.1	-0.9513849333082689	0.0013762245214392443
SLC25A42	-0.22648052812343522	0.001380991426230311
CNOT3	-0.31013577889223143	0.001381307975304384
YY1AP1	-0.20595588394736986	0.0013835335786403112
DDC	-0.6957297626723076	0.0013877836007172065
LOC101928955	0.7588288697337093	0.0013924955602021122
SLC34A2	0.724436730210531	0.0013968041446848973
PKN2	0.20463395770677018	0.0013982112307764144
ADNP2	0.24138506848057872	0.00139983019182468
FGFRL1	0.3112427700996241	0.001400411110128063
C5orf49	-0.5240298301184199	0.0014010378840405293
PDE11A	0.43248043378634193	0.0014035329183176392
RP11-97C16.1	-0.25410936111841664	0.0014037474503949734
ZNF793	-0.402609772739976	0.001405353216620265
HGSNAT	0.191015443088963	0.0014062948623920844
ZNF324	-0.2503716798677962	0.0014118763654760009
GPR126	0.422470029751878	0.0014175643970424801
TBC1D4	-0.14398819745613878	0.001418092871358645
NCF2	0.48183505500626644	0.0014211593695431894
GID8	0.2778170802593962	0.0014217874398785892
UBE2Z	0.26491211318232644	0.0014252305894017843
APLP1	-0.49756882113345746	0.0014259019418301781
ACP6	-0.3185611053759363	0.0014268192708559507
MSANTD3	0.1878672106641588	0.0014293430010372088
RAP2B	0.2156664523120284	0.0014336011049934545
FOXH1	-0.46245361166541343	0.0014408154972670297
BC030152	-0.37726753054511164	0.0014464797633505395
SH3BP4	0.2736320978070168	0.0014468693188798918
RAP2C	0.19668644456140072	0.0014495279166208636
TMED1	-0.17595475901002722	0.0014610232196406367
KAZN	0.36143947448621727	0.001467927046982867
DOCK1	0.2753106584260667	0.001468408278947197
IL20RA	-0.45500384737906874	0.001469071092753656
SDSL	-0.21874912931453583	0.001473741224082459
RPN2	-0.12316556649749621	0.001478025827775926
DUSP23	0.43121780760651873	0.0014786696940852512
UBE2E1	0.08360704419173182	0.0014856104069324435
GEMIN5	0.178411722456147	0.001497833796843723
LSM10	-0.2603450694511267	0.001498167858722658
ATL2	0.20664053225439005	0.0015024519571641783
PELI3	-0.42301554961591314	0.0015055724709338472
SBK1	0.5660556840895996	0.001508589849415886
SLC16A9	-0.6658407093220564	0.0015140475036366265
FAM133A	-0.8111941377537617	0.001514357950201698
ZNF300	0.356727245206768	0.001520137853076032
HELQ	-0.19216299683333915	0.0015244201746198343
RBM17	0.1302385473308263	0.0015288640235952466
TACSTD2	0.22069752610275906	0.0015339106719303736
DNALI1	-0.28849179804573843	0.0015353318638856891
LOC644656	-0.444475196407895	0.0015370112857803772
REEP2	-0.5189173715319582	0.0015383114134655095
PMVK	-0.30161499440350603	0.001538722497981161
ELP4	-0.3145141309862147	0.0015444023218125268
BSN	-0.3873364018433554	0.001545683223981875
SRC	0.3096780097011296	0.0015486640263262512
ACPP	-0.7498317053765655	0.0015520924700166356
PMM1	-0.22277181027255466	0.0015526572299436152
SHC3	0.5100512149047578	0.001555477929596359
KIFC2	-0.4054411641860902	0.00156340588859349
WFS1	-0.38391000185463753	0.0015697333031209361
ZBTB48	-0.2503078011428572	0.0015742034328918777
NRP1	0.29738417638345993	0.001574241468624952
ADAM9	0.2126599144172907	0.0015751819709485676
GRB10	0.12452887716165684	0.0015792597834142837
MYO15B	-0.3604527853991213	0.0015820450774540929
ZNF607	-0.26884986842230685	0.001583854730667836
DDX25	-0.644441453713033	0.0015844410247573533
RP11-774O3.3	0.23969493417856924	0.0015849912760610846
RP11-846E15.2	-0.36048753404824474	0.0015892148136864008
C14orf132	-0.6991388540776882	0.0015905252746477112
EXOC2	-0.16934642219987595	0.001591254898096456
DCUN1D1	0.19803583706767114	0.0015912915066886462
ARHGEF2	0.23943674953007665	0.0015965982384828633
LOC100287896	-0.3048155417901013	0.0015983674449266123
NAP1L2	-0.37805430842293397	0.0015993769061509674
PXYLP1	0.26489912023872186	0.0016035370521711254
RP11-410L14.2	-0.42684896179699106	0.0016133894801789695
ZBTB43	0.14706274141603792	0.0016140581445616487
CCDC50	0.19577896102757109	0.001614116510426926
LOC642236	0.48248543562092294	0.0016169582607364881
EP300	0.15833073580639123	0.0016238887952901573
FBLIM1	0.2375413210513777	0.0016256523119907783
TAF5L	0.16985976291541327	0.0016280312706211965
MYO1C	0.21445953530200867	0.0016394113855226222
SGSM1	-0.6496696705313294	0.0016396042155702158
AL132709.8	-0.6522454105181676	0.0016429886117679514
SLC7A6OS	0.2304517632487464	0.0016437767396380017
PRR18	-0.7794819675776958	0.0016444968406996094
MAP4K2	-0.2589716800507542	0.0016464914803590303
WIBG	0.20467726657895113	0.0016536385582767994
NFKBIZ	0.20566784350250344	0.0016565824057071434
CAMK1D	0.32654016524561236	0.001656689183315627
ITGA6	0.3184770570363433	0.001658071330665644
LOC646903	-0.8701534184573951	0.0016595739550781974
HPGD	-0.7076062190733072	0.0016604691684033745
RCAN2	-0.475668882422303	0.0016669703829548395
DAZAP2	0.06649043044486547	0.001667199983414426
CELF6	-0.4916188530150407	0.00166783411826913
ABCC4	0.23286186581767154	0.0016704126305990392
ZNF442	-0.24927167693170382	0.0016709829442739424
AKR7A2	-0.36057773605638843	0.0016755616608061527
EIF2B5	-0.19640550384585964	0.001677078367118283
OR7D2	-0.32765040512593746	0.0016849640003075866
BRD8	-0.2143860826629087	0.001686883997130608
RBM47	0.19157371565789028	0.0016875581877947568
ATP5G3	-0.14323576287594086	0.0016883349948130294
SPAG8	-0.44852827726692013	0.001690472163232324
EEA1	0.23020187121804803	0.0016932630201892485
MRPS11	-0.22563052545990203	0.001696565816583259
SETD8	0.23133384215162955	0.0016997829345310874
SREBF1	-0.37178015542292986	0.0017028554509334818
C9orf24	-0.3374906926328318	0.0017052927597705127
OGDHL	-0.6001761900689235	0.001707770760336503
RIIAD1	-0.6005749352944871	0.0017094549081064327
ZNF555	-0.2548902501134078	0.0017149916128634903
SIAH2	0.26867906327694335	0.0017190836238172218
SV2A	-0.7435075735557648	0.0017204959457551433
PRMT2	-0.28611498724436046	0.001721347654984106
LOC101927720	-0.4758495374467433	0.0017256483891636887
MYADM	0.16945587738094936	0.0017309471276721953
ZNF182	-0.24859063750375832	0.0017343819764638908
CDK5R2	-0.7023985813853333	0.0017362344480182513
FOCAD	-0.24937300328947032	0.0017391974670541877
MYL12A	0.17070977422180356	0.0017394481706416364
YTHDF3-AS1	-0.23143797038220448	0.0017404989510408525
GS1-259H13.2	-0.3575100341854611	0.0017444200867247853
ZMYM6	-0.1965932297537556	0.0017459398834607906
AIFM1	-0.1647895919179163	0.0017469470686399325
RP4-794H19.1	-0.37028373004762116	0.001755424675360259
MPP2	-0.7040002862769414	0.0017582455908015078
C1orf106	0.4203057730614024	0.0017603177982387925
IVD	-0.24389003694674116	0.0017606180573858934
ZNF471	-0.37830377021992323	0.0017629962399825234
BCAS4	-0.5248957635000018	0.001763032194845645
FGD6	0.46754296274373175	0.0017652891074069652
CDH18	-0.8154549932750621	0.0017683579754265764
PLCH2	-0.2481387552468668	0.0017695293490747176
DNAJB1	0.20524526461151993	0.0017710636368553515
CRLF3	0.33107992634210603	0.0017721833483654425
SLK	0.22566776046992665	0.001783554668909958
LOC283070	0.333372187071431	0.0017910574652286316
CABP7	-0.8355434148258123	0.00179431341220318
LOC441204	-0.31134435484586476	0.0017981744355396994
PARP12	0.15561002993734796	0.0017994661176749492
ACAP3	-0.2652310513164169	0.0018034662702025442
TAF6L	-0.32375263077443517	0.0018036428311848996
PRRT3	-0.4543928700526294	0.0018048977582444438
RP11-483I13.5	-0.45839445864724304	0.0018126056640842194
DDX52	0.20387063336027467	0.0018132188813886644
FAM221A	0.2881179403916079	0.001820072131346642
LONRF2	-0.32592958241478875	0.0018225230015151263
SRGAP3	-0.5478265198778187	0.001829995960825708
MIR7-3HG	-0.7396762779517587	0.001832684887958785
EGR1	0.22047972932330495	0.0018404109804642179
SLC35A3	0.18700594032331352	0.0018484860959509933
PARP16	0.24233951571365608	0.0018537376814911166
RBMXL1	0.207472566704892	0.0018542446462404627
MTSS1L	0.23589386492418463	0.0018563578473701214
ZFP91	0.07573640791353142	0.0018587245582274653
NR0B1	-0.7796658715432319	0.0018630213525390631
NELFCD	-0.14640721601503692	0.0018655318726253556
PHACTR4	0.15252151198621355	0.00186599096291504
TMEM98	0.3601760862744374	0.0018694680077144992
GSS	-0.29263067418547095	0.001870874165457136
PLEKHA8	0.2572638660444859	0.0018723125867685065
LRP5	-0.21931494224686876	0.001872541141756899
UBL3	-0.17366251306390978	0.0018821920536179167
CNOT11	0.14718207476190948	0.001885829172957467
ENO2	-0.4709417514360883	0.0018870090385912264
DNPEP	-0.15288864681140524	0.0018913138750784031
GTF2E1	0.15262695860275777	0.0018915925183665995
RNF169	0.15386677184836728	0.001894112278796185
RP11-82L18.2	0.5348001105745626	0.0019009071667478595
CMTM6	0.11746249572055589	0.0019098237457423996
SPRY2	0.4169836344573934	0.0019138946363881817
ENTPD5	0.3035931715676732	0.001914074285945002
THUMPD1	0.18578287727443765	0.001915847951355445
KPNA3	0.15824498290727007	0.0019167965702751736
SDC4	0.3340763352318259	0.001917280895632664
ZNF544	-0.3350735538878471	0.00191733989107404
BMP2	0.2937214449360894	0.001917797476720234
C2orf27A	0.3559279495056398	0.0019206972656117568
UBALD2	0.2418341623101501	0.001920870277106345
GPRC5B	0.2937170363847095	0.0019256280969096968
RAB12	-0.2085002098872195	0.0019424712274972158
DCP1A	0.1656609562857181	0.0019430863822513785
TSEN54	-0.18123739352694557	0.0019431006040883177
NPM2	-0.3012887976271923	0.001944214509184591
UBE2G1	0.21369558876566508	0.0019471822545553913
PRKAR1B	-0.30622014703759604	0.0019480752148626846
GAR1	0.19824834486841958	0.0019481245623331014
BOD1L1	0.2933986831986264	0.0019488869313935787
ZNF547	-0.4896981393609021	0.0019500549122737998
FZD5	0.3096167899329565	0.0019538213542084687
TIFA	0.3035234050751878	0.001959943925809216
ZNF14	-0.27659531755325695	0.0019637895746187056
TCEAL4	-0.13247450921053172	0.0019714749483008085
PANX1	0.14462444975564104	0.0019763753638201726
PTP4A2	0.09375775915413698	0.001977493511095137
ABHD15	-0.4028818416773161	0.0019795290588413682
GRIN2D	-0.8164387616159141	0.0019823479742636825
CCDC64	-0.34783585841039866	0.0019838896499976104
CNNM1	-0.471039440897874	0.001988354646073401
WIPI1	0.3157285758295707	0.0019917026142983888
NAAA	-0.2920197239492506	0.0019947534124013194
PIGV	-0.20048687505764384	0.0020044194734702174
CDC23	0.1895254730056397	0.0020081705873608085
SLC9A9	-0.5445721254028832	0.002008921181187354
ARFGEF2	0.1339463129511298	0.0020093966418167583
CD99L2	-0.36686047576943004	0.002013044362823704
DENND6A	0.1277805391917326	0.002013896310470281
HSPA1L	-0.3158728004924809	0.002014880847395502
RGAG4	-0.6540174353182984	0.0020167931309928422
FFAR1	-0.7791023015839569	0.0020188783270820064
CKAP5	-0.19112217640601337	0.002024073051016711
HNRNPA3	0.12257895302004762	0.0020253023900111216
FAIM	0.19612597323433434	0.002031666889413641
TOR1AIP1	0.12924959582707451	0.0020328467423261338
CERK	-0.28366175415413686	0.002033653304468555
ZFYVE28	-0.2923729612312016	0.0020353154700526502
TMPRSS2	0.4910090374830798	0.0020356482163614025
NAPB	-0.3647136001378435	0.002045332334975277
IDS	-0.2250424785526306	0.0020463652937250647
SYK	0.30610362288909876	0.0020517022093833144
XRCC1	-0.25647460700752056	0.002052672397821366
RGS2	-0.30180800668546404	0.002053737496485429
ATP6V0E2-AS1	-0.47867404624937215	0.0020623732790239655
RP3-522P13.2	0.17859252764724243	0.00206263034836798
DYNLT3	-0.12993549682330752	0.0020642720714388703
JUP	0.27506151900313114	0.0020648463817209807
ENC1	0.31633791100187914	0.0020678634374757337
RAB24	-0.1971373583038858	0.0020679916833017033
NUDT16	-0.21027775146616534	0.002072105187780614
C14orf37	-0.3775522790557657	0.002074873960639987
ZNF564	-0.24591401188972384	0.002076532066167648
NEURL4	-0.18702675018985104	0.0020816799578557295
RHBDD1	0.22524046314159918	0.0020883676452104214
DERL1	0.1785679632017576	0.0020932605938013106
SORL1	-0.4929591172556389	0.0020951831321549146
PLSCR1	0.311274433409773	0.002096151184545057
U2AF1L4	-0.3290371803226826	0.002098246821560928
GRSF1	-0.10138594385338351	0.0020993893539402067
RPS6KL1	-0.3055702368208024	0.002101517361580964
TMCC3	-0.44576435757080546	0.0021061885425866116
LEPREL2	-0.3421532451127858	0.00210688739958109
GBP1	0.5580699312274451	0.0021085372398061985
GNPDA1	-0.2205385550927268	0.002114017397145822
SQLE	0.21780690634399136	0.0021229139272024708
KCNC3	-0.3548130715169169	0.0021230329338212043
DAPL1	-0.7518845024586422	0.0021239730797608966
TMEM261	-0.18754267193985186	0.002129808116686155
IFRD2	0.28199049774185525	0.0021350416307111503
KIF3B	-0.17110915498120072	0.002136044163752667
OIP5-AS1	0.19617319955514212	0.002136163125379847
EPHA2	0.4581993702299485	0.0021389259303693474
ACER3	0.14542306790037962	0.002141063136801321
CHIC2	0.2564745283233121	0.002148052213405694
PSMC5	-0.12599817352757015	0.002153240060644181
TTC19	-0.12139256026942213	0.002154664171582393
DYRK2	0.0913681570238083	0.0021559113661171856
MYD88	0.150803065441103	0.002173713798677739
KIAA1430	0.1309850712781948	0.002178480343984415
PIK3AP1	0.3169880998496204	0.0021831175720365805
ELOVL7	0.3594804376322056	0.002184397719365912
PLEK2	0.42044424393921886	0.002190083068137295
KIAA0895L	-0.37572713687218595	0.002195135105273593
CCDC69	0.4078471154486216	0.002204717033627961
EFHC1	-0.2900827321415971	0.0022085841553567626
ORC4	-0.10631863996428059	0.002209108549567553
TOR1B	0.1220638352036314	0.0022128385854472826
PID1	0.3149671086923558	0.00221329648522917
EZH1	-0.21435600972368007	0.0022133318149296106
DNAJA4	-0.3643936525714313	0.0022166813259401814
MLYCD	-0.2123718071403511	0.002222929632594171
EID2B	-0.3796587959899753	0.0022241568446870383
RGS9	-0.7548094105657839	0.002224228744549014
NT5C3A	0.21402441578947595	0.002234834153230758
SYNE4	-0.4115249109266852	0.0022367004123338913
MRPL17	-0.18686052017543275	0.0022403110187850317
EMC7	-0.09642383634711393	0.0022461663239390713
HERPUD2	0.13757834620300713	0.0022463417908469173
SLC9A7	0.20283819419172566	0.0022544305669071085
SMIM4	-0.2471199709655405	0.0022571892010153
RASD1	-0.6539629941159149	0.002258538112115187
ZNF204P	-0.39914565255388545	0.0022597273998516652
ZDHHC14	-0.32974829594173194	0.0022688285179629053
FAM49B	0.2243416938276912	0.0022700491301766643
GATA6	0.19741486901065386	0.0022760985214309165
MGA	0.13688384145676658	0.002277220583186857
TMEM200B	0.1065342211259459	0.002278773616360367
CACNA1B	-0.6679912669774435	0.002281671063218908
RGS16	-0.5327400227005032	0.0022880236605855695
CTSO	0.27036894392042043	0.0022930608734914337
PRNP	-0.15961490501253017	0.00229395491642673
SKIV2L	-0.1898320472474948	0.0023030140572225465
SMURF1	0.2780649603089014	0.0023032820911636606
MAPKAPK5-AS1	-0.16411731938220342	0.002306811203300691
RP11-480A16.1	-0.3385090737581473	0.0023189139082799154
CCT6B	-0.24194484803194882	0.0023210881060042082
ZSCAN25	0.29862095014536116	0.002323570602690258
CD46	0.11104434562030008	0.0023304730988232825
SPIRE2	-0.48089076316039936	0.002333343031158858
DNER	-0.5743983931372156	0.0023391276954862115
CLPX	0.1361230714223094	0.0023488825132194457
GDI1	-0.17678444466165644	0.002350685830504955
NAT8L	-0.22860555312280706	0.0023650667879024758
SDCCAG3	0.18597206757706797	0.0023657524409372486
INSIG1	0.16035808388470585	0.0023661588929320314
FGL1	0.5975788737994989	0.0023675297974367657
CASP7	0.28513481469548196	0.002371967643335183
ALAS1	-0.17367410937280425	0.0023779314164066997
C9orf152	0.6718180090375929	0.0023780551123835448
GFM2	-0.12504678230889965	0.0023826293816089777
DNAJB9	-0.16327860895989232	0.0023827794732358817
MAN1B1	-0.22238480796741467	0.002383851892201869
DPH7	-0.16487749773809046	0.002402276319194645
SND1-IT1	0.3305533760357129	0.0024066649855030847
LRRC36	-0.6046853204837079	0.002407408478234903
TMEM132D	-0.8166064083765621	0.002417483178533994
SH2D4A	0.38032420136278233	0.0024194656112389453
HID1	-0.24171832349248312	0.0024206043438243924
NFE2L2	0.1919171534649191	0.002429590329137111
UBXN2A	0.17628586530263313	0.0024315674064089047
ZNF83	-0.24638267264473512	0.002434088381219686
PTGES3	0.10419521940476706	0.0024380060569565137
LRRCC1	0.3076816714436106	0.0024447714872401272
FBXO10	-0.24378248111090173	0.002446031790823113
PLEKHG2	0.18100227756954723	0.0024511210918964493
POU2F1	0.14164287126879493	0.002452902674418854
ILDR1	0.3219641766065138	0.0024584678667050343
LIPT1	-0.22586099763721634	0.002459064848404916
EGLN1	0.12814353266290546	0.0024628788472890544
CA12	0.6290296124003767	0.0024702242622239995
ZNF559	-0.29584766575062105	0.0024728514019224986
AKTIP	-0.16872859039348675	0.0024768130089370508
MFN1	0.1814792806165446	0.002480143812518303
CRIM1	0.23970673781328777	0.002482250764835393
ST3GAL5	-0.34140100983708876	0.0024832378593963936
USP11	-0.33823750980701917	0.0024866441524734116
ELF1	0.2285641400776921	0.002487929204943449
UNC79	-0.5421924358790715	0.002488288887970247
FYCO1	0.1675250942506299	0.002493444339081097
NDUFS3	-0.15489905691729078	0.0024938659466233713
C3orf18	-0.33298769758960045	0.0025019953348886636
EHF	0.1580286446115231	0.002505902885059827
ZNF121	-0.14724581213659604	0.0025099799685475116
INPP4B	0.30556690438721823	0.002511178099049175
YIPF6	-0.14954955474937215	0.002514996794620012
C12orf76	-0.24958082371553836	0.0025215658081820633
NANOS1	-0.5682388274611547	0.0025239474351313766
TUBB2B	-0.4531608304937347	0.002531583702208341
BAG5	0.18738470608395907	0.0025372002386523243
CMAS	-0.12280113830138006	0.002538438490803141
MARCH6	-0.14128226371553687	0.0025395976784865644
MAP9	-0.2243875242230562	0.002545850720869543
EAF2	-0.31883097796679394	0.002548436921004
ZNF554	-0.18303533297117625	0.00255465781529715
AARS	-0.18981733115914778	0.002557145275977244
MYL6B	-0.34798446572619035	0.0025625311901197054
NKX6-3	-0.37522629463597124	0.002564796234972632
MAP1A	-0.6375747988897285	0.002564980365298333
SLC27A5	-0.27257878290225435	0.0025686468269316485
HDAC2	0.15863435422932248	0.0025698145735952374
PDE6D	0.1777321102130358	0.002573839149133537
TLR2	0.4315295426497503	0.0025790320539319624
ME3	-0.28034967438658853	0.002581592915964922
CDV3	0.0928601742293278	0.0025827373918127765
IQGAP2	0.48443117652192846	0.002586837602895046
PIP4K2A	0.1971491521171682	0.002587962511837023
TBRG1	0.14388388986153267	0.0025982128796379726
PRPH2	-0.4780308082192999	0.002600411893406317
ATP2A3	-0.5925762370131604	0.0026006867242783587
POMT1	-0.1833913364548927	0.0026129130007438253
SPATA13	0.19328727870112594	0.00261394247210397
SMNDC1	0.11915228961779611	0.0026151088032570417
PREB	-0.15404494750689324	0.0026181260189676783
C12orf43	0.16526166177819412	0.0026263186210115125
FTL	-0.056608743558903996	0.00263016048908403
CHGA	-0.6616537402957405	0.0026353561685981725
LOC730961	-0.25221099164598826	0.0026385238881595336
SYNJ1	-0.25063130283208324	0.0026417710639410385
SEMA6A	0.28500251718671343	0.0026444256498071817
MKRN1	0.10696043070175243	0.0026595623836233196
IGIP	-0.35829790640663717	0.002659869193985733
MAP4K4	0.14239971272556495	0.0026619524942346814
ZFP36	0.2777249547512515	0.002663536248526238
DNAI1	-0.8449063708828319	0.002664443306898126
SACS	0.3015504438533849	0.002664734769026348
MKNK1	0.23578604996365904	0.002667446779823616
IL17RB	-0.49524442736653995	0.0026784354926877234
YBX3	0.19420632801378623	0.0026791003674330027
FAAH	-0.19698478027819366	0.0026792489723859773
SPIN1	0.10852639687343668	0.0026809139170670703
SERPINB1	0.18902817384712023	0.0026862321227623213
PAK1	0.15402448199999874	0.0026908992006151084
CACNB3	0.3584184283089016	0.002691219364284091
RAB6B	-0.43335155371240486	0.002695219126495077
USP3	0.17318959926064537	0.0026955650087762744
CXCL16	0.37753014520551176	0.002698482057436968
EID1	-0.1259765969736808	0.0027037554478912306
PIK3CA	0.200224839578949	0.0027044013430985677
KIAA1522	0.4003651597412272	0.0027086863462661656
MEST	0.17443652030576473	0.002716366382794152
HDAC6	-0.2827074464893524	0.0027236767875863208
DESI2	0.15177332615476402	0.002729260854784261
PITPNM1	-0.2058295735708029	0.0027333167480244197
NXPE3	-0.3464300840231864	0.0027336839663417343
SF1	0.07766109136591304	0.0027349507858786693
PTDSS1	0.1170024236528846	0.002741540406209564
CYB5R1	-0.1879866336027547	0.0027455069032481416
SPIDR	0.44509891798997536	0.002746844896135617
PLAUR	0.3490089881760632	0.0027473982798691845
USP31	0.36120181121177986	0.0027494523428550064
CADPS	-0.6062147119398507	0.0027510541207317334
AC006026.13	0.4584573639398499	0.002752533961789093
RSPRY1	0.1154345983959928	0.002763123592355159
ABCB8	-0.2649691627355848	0.002763686041008509
WNK4	-0.6595538904937364	0.00276574023691238
IER5	0.22098367320050194	0.0027861426023715902
GOLGA7B	-0.27407750724373425	0.002788859274938358
MAGI1	0.1313815121409796	0.0027889280024604355
EPHX2	-0.5126916318132828	0.002789245676139912
MKL1	0.2581426647951073	0.002796987371819801
CD14	-0.45235577405451544	0.0028008883999035452
TXN2	-0.15148302136278424	0.002804901108068367
SURF1	-0.20702641856515847	0.0028060447807328605
ZNF667-AS1	-0.32188056880827176	0.002806731558393535
SAMD4A	0.24000516904761682	0.0028189093472888675
CDR2L	0.3078628408590198	0.0028196446907925972
L3MBTL2	-0.252231989437969	0.0028207281004340927
SCRN1	-0.15970561318295928	0.0028280817961152394
SAMHD1	0.305685296941105	0.002834663158845956
XRN2	0.23505391981077572	0.0028347965806916763
GID4	0.19309329248496	0.0028391709398155975
PCNXL2	-0.226500212851505	0.0028491542456428836
LOC101927420	-0.4159946053621555	0.002849288065888178
CAB39	0.12234365703634076	0.002853363211116523
SRRM1	0.16642338484335717	0.0028566477004756253
NUDT21	0.14550987306391328	0.002868556194476585
OXER1	0.17540526333208195	0.00287028023858078
TAF1A-AS1	-0.44493202354574013	0.0028750664282845245
MCEE	-0.2636014275263179	0.002875745801609037
MGC4294	-0.2677151031616578	0.0028766511025037577
CRK	0.2516088575626565	0.0028789080698684607
TBC1D12	0.3038330089536334	0.002881890664993288
MAGI2-AS3	-0.4927548172631582	0.0028837210671504433
SLC33A1	-0.12924496973057487	0.0028866120752550667
PNPLA7	-0.35358168023433656	0.0028883191969016663
RP4-635E18.8	-0.3032114516058897	0.0028919110320818993
EPB41L4A	0.24013314322681545	0.002900732180125136
ZNF436	0.2358603372011281	0.002906802058635732
ZNF569	-0.33455091807831927	0.0029072163934381165
SGK223	0.36116308156077714	0.0029155271447829927
CAMKK2	0.28954627090288376	0.002917843437815793
PPP2R1B	0.17321923476190548	0.002919376545217347
LIF	0.4663917347706814	0.0029263508187833006
BOLA3	-0.19728865951253027	0.002936693766406933
C7orf50	-0.2277740970520048	0.0029407830967988235
AMACR	-0.2361049445018777	0.0029429784740776796
SEC16A	-0.11218621082080027	0.0029459852906451207
PRR22	-0.24783412168295804	0.0029460287615086568
CDS2	-0.18690160956140822	0.0029462387358732962
EID2	-0.20093792753258377	0.0029499900809736484
ABHD2	0.27214354774436345	0.0029509247045281625
ACACA	-0.18495083287593772	0.0029511543667561347
CTCF	0.062440427756891737	0.002965748356817523
ACADVL	-0.2025917881942334	0.0029698303234005474
IL23A	0.45186515431891827	0.0029707959868882157
PDIK1L	0.2515127060219342	0.0029776963906074875
SCFD1	-0.12470125156641565	0.002979942790928615
ECT2	0.2935494492255657	0.002985767273784368
GSE1	-0.23454797422932394	0.002985857284506034
HINT1	-0.10024758559523406	0.002989459729423024
ANKRD36BP2	-0.5552898482230608	0.0029947777798276327
SPICE1	-0.1446485038853389	0.0029950704501382334
TMEM60	-0.16681078634711888	0.002999044131834911
CASP10	0.40188660549060096	0.0030042171406727634
SNCAIP	0.7575124373051398	0.003005205888196106
COA3	-0.1978023913721838	0.003007246199959515
PGM1	0.27571419981202894	0.003009151910877054
GCLM	-0.2437135879780694	0.003019670274290491
ETV7	0.42071640308583635	0.0030209849605190194
DIEXF	0.17470521957331187	0.003028367171144845
XXYLT1	0.1867743180369672	0.0030341973753607093
TBC1D24	-0.31205847456767266	0.0030383176758227988
MECP2	-0.17674729299436454	0.003043674931647874
BAIAP2L1	0.3734563797763144	0.003051648371282831
SYPL2	0.4638574726904725	0.0030588305819427997
MTMR2	0.11462744702380334	0.003059881720373514
AHI1	-0.3186894349436109	0.003066077766338307
HMGN1	0.145507870751878	0.0030674716857843555
FAM174A	-0.24267369298057773	0.003074374921982051
CFC1B	-0.5629506776503774	0.0030751391226862025
SFT2D3	0.1850527984072663	0.00309238775940681
NDUFS7	-0.31132599054385857	0.003095181667809381
ELF4	0.20800606568859337	0.003095359329384509
NGFRAP1	-0.2844420577192963	0.003096621780437284
PFN2	-0.16149099419798674	0.0030993970120191043
CASKIN1	0.17262240516729221	0.003101126468005581
MICU3	-0.39655406331453324	0.003102310367041371
RAP1GAP2	-0.48315642436905293	0.003107543633924474
FERMT2	0.14760941283207885	0.003115380943562494
KCTD9	0.20216809487029685	0.0031203968088555877
KIAA1804	0.21942037749059828	0.003123832859749542
TMEM59	-0.1350043793107787	0.00312653743236831
LOC101929335	0.6931478797142834	0.003129929601916461
CCDC184	-0.4027960253208036	0.003139322458932447
DPAGT1	0.10885323383458889	0.0031397680142264835
PATL1	0.20664995748558823	0.0031416793538893615
MRPS26	-0.17371891200500755	0.0031458796626375983
SDC1	0.4223044972869623	0.003147613617281564
REC8	-0.44191142604010114	0.003156949962115027
NOL9	0.12444251838972775	0.0031586485130689936
XPNPEP1	0.13028036656641362	0.003170701440059346
RBBP7	-0.13893631640977588	0.0031765066748890678
KCNH2	-0.6244009823934826	0.003194168598601512
RCAN1	0.20690529926065082	0.0031974567510985857
SYBU	-0.29332416474059997	0.003204081559196593
ARL16	-0.271624978422933	0.0032042146029678587
GTF2H3	0.21063510692982668	0.0032054698489836185
DQ570096	-0.23662839908082312	0.0032054790644989377
CECR2	-0.33073857796616046	0.00321054187337285
MTHFSD	0.16985874380137744	0.003213138346597589
USB1	0.14931848259836755	0.003217448971306316
TMSB10	0.08088790015664138	0.003222174907932695
ARHGAP42	0.3261405466748144	0.0032252431374536093
DCLRE1B	0.23459099528946936	0.003226801558393943
LOC730098	-0.1664225782443598	0.0032286555820947175
ANO8	0.20514980044674225	0.003229160246286088
HSDL2	-0.18317471996804713	0.0032312784896614817
ADD2	0.4348844054743095	0.0032391676444263485
RIPPLY2	-0.5851208232236864	0.003240576352815064
SLC46A1	-0.26868380205200104	0.0032441582673380254
BACE2	0.2835211806453586	0.0032492811082780893
SNPH	-0.4433465671572705	0.003260258746399931
SEMA5A	-0.3240657422130333	0.0032778210168487717
THG1L	0.27725281708771554	0.0032782689510783766
DSCR3	0.16340173242543443	0.0032906613144530537
ZNF420	-0.21686768229323405	0.0032986240285857124
RALGPS1	-0.4074290941303289	0.0032990119564174913
ZNF584	-0.21365386564035305	0.003302354140118613
SYTL2	0.46684077584836725	0.0033121054186168457
PHKB	-0.16375003586278325	0.0033177230137046727
SORBS2	0.13368680677318245	0.003321527001405235
TNFAIP8	0.32154031578320996	0.0033222418234671574
SUPT16H	0.1076265619047625	0.003325344040965068
LNX2	0.20414430197556577	0.0033301429492236453
EIF4B	0.08153307692982814	0.00335030028733638
ZSCAN16-AS1	-0.30989248767167954	0.003351664459216613
ZNF680	0.23128936680889467	0.0033537673554533565
PROM1	0.3036145214598971	0.003356225901871056
AHNAK	0.2958644076315782	0.0033570232703544105
LINC00900	-0.6246790834974938	0.0033588759258130325
SYNGR3	-0.5883287046246863	0.0033623206207939673
INPP5J	-0.19697883182205356	0.0033686394684286423
SMAD7	0.17192848678759454	0.003374091118847776
PPP1R16A	-0.20298457338095588	0.00338629326829248
DNMT3A	0.1565591959674162	0.003399365463333738
FAF2	0.08708044002506021	0.0034014771265433613
SPTBN1	0.10833802433584516	0.0034027730520938227
HS6ST1	-0.20348927789410887	0.0034114117524957437
PTGES2	-0.13627850253006812	0.003416911930816293
RARS2	-0.13083999720174866	0.0034203332670910067
HERC6	-0.35042843829824477	0.0034275938397779486
RCAN3	-0.19824713670426242	0.0034281123563067502
ZDHHC5	0.15091939485588668	0.00343381199379881
TMEM132B	-0.79676656043421	0.0034360288619959566
DPP6	-0.6119401857562643	0.003440180448934059
OSTF1	-0.26251882421742145	0.003443501721500889
TMEM150A	0.20079343880326128	0.0034530924548167247
PPL	-0.4440588518859645	0.0034538454335572948
PCCB	-0.20854729105012026	0.0034539649946891474
RHOU	0.1769135794041361	0.0034540917962445155
BIN3	0.16145464171679258	0.0034560785560745627
LOC100506844	-0.35683906916478847	0.0034612599320725224
CXorf40A	-0.1964074486641625	0.0034616578190921083
PRKCA	-0.22750963093358756	0.00347414406109768
C6orf211	0.24180649812468857	0.003477511492860851
PRKAA1	0.1716230521929809	0.0034783174155748196
TAF2	0.18306533560150662	0.003481900187271158
SMAD2	0.12165980483709227	0.003484529910058024
LOC728392	-0.7563688514310787	0.003484683676306805
ADAMTS5	-0.600038937115916	0.003487736921207099
UBAP1	0.08970383434210483	0.003487746229683313
SUSD4	-0.6038853733126608	0.003497425011763899
ITGB1	0.07272129991855003	0.003497626098242033
TMOD1	-0.4126140323997536	0.0034979025808130246
MRPL57	-0.18833258450500878	0.0035047385066803165
MAST1	-0.19246025437781888	0.003505542758691113
PCLO	-0.49388201130262743	0.003509291498242397
ZNF784	-0.21212626119047862	0.0035193415702408086
WDR7	-0.27521562595614313	0.0035213592319538766
DIABLO	-0.112554273972437	0.0035366461495798126
NRCAM	-0.21364511699624344	0.003539724526702993
DPY19L1P1	-0.20097962319486307	0.0035408538235799213
DDX19B	-0.21324372342544073	0.0035505597262336553
CTD-2165H16.3	-0.7299224441052647	0.0035548351919160075
THAP11	-0.1417231991046357	0.0035610608651824335
CAND2	-0.4645242761591515	0.003572746341171705
ZSCAN30	-0.19901395475563355	0.0035812757912554553
ELFN1	0.5273238845864645	0.003587625165518573
NDUFB1	-0.17989847184837338	0.0035893717204688105
ADAM12	0.4386940450407302	0.003591501753688631
SCG2	-0.48448680840225933	0.003593919960135236
FAM60A	0.1664957038095256	0.0035965981662559733
SLC4A8	-0.668537727833959	0.0036023089528048557
ACO2	-0.17710339341478765	0.0036071475175782986
PBRM1	0.10215724071428589	0.0036081965468772116
PHF19	-0.28193869056516174	0.003611596897742024
LOC643733	0.5813247602863418	0.0036141442102687704
EDN3	-0.7283944445507533	0.003616007426774749
SATB1	0.19971029439410692	0.0036226575334182788
STAG1	0.14612317844361122	0.003625254948614023
IPO7	0.16369589107769933	0.0036335897601418674
TRIM37	-0.1851336428878465	0.003634293829807177
YWHAZ	0.07535721377193028	0.0036359397800269175
FAH	-0.2453970204949858	0.0036439547156599723
FAM117A	-0.25787728476064764	0.00364487764776469
AP4E1	0.14256660652068298	0.003648151344674635
PKHD1	0.7323071230313261	0.003649245252289695
PDCD7	0.11758309479072793	0.003650108219894586
SLC4A4	0.35996859817418425	0.0036792984884076413
FAM69B	-0.7792495636447381	0.0036840086786149207
FAM229B	-0.471668533921056	0.0036940564651905174
PARVB	-0.6786969113233088	0.0036971648642855908
TMEM108	-0.5628332715162916	0.003699260497938811
ABHD16A	-0.21917005895864783	0.0037016427834780674
CCDC51	-0.1832452633139079	0.0037072183346049978
ARHGAP30	0.1472482791453631	0.0037129972706655963
LRRN1	0.5887009236723051	0.0037130065309424693
SETD7	0.14498910890350913	0.0037160437300816974
RELA	0.1973695559899742	0.0037333161581799886
FLJ37453	-0.2721619444197998	0.0037354181852955626
CMC4	-0.16847158645363436	0.00374350727657792
RP11-216L13.19	-0.5237828581347106	0.003747153017094735
GPRIN2	0.40519517059398336	0.0037578432868531674
C1GALT1C1	-0.1480036779429863	0.0037606697787814732
SORCS2	0.16357644791854664	0.003764877094182651
S100A11	0.16407545651629363	0.003767567160970959
ABCA5	-0.2760279309078921	0.0037801892523644932
PNKD	-0.25559749299937096	0.0037810967337410907
TCF7	0.2018180961015048	0.0037823316035130996
OSBPL8	0.20744646756892315	0.003784841416532092
MTERF1	-0.16138289375626513	0.003799930763065597
C2CD2L	-0.16977701354010044	0.003805082176391164
TBPL1	-0.13891126910400864	0.0038137385129093384
ZC2HC1C	-0.2982833069956161	0.0038197519472781497
PTER	0.3591615209699235	0.0038302914632933074
SLC41A1	0.1375948717167894	0.003833289377589974
IER2	0.2805562135839619	0.003834529438877485
PARK7	-0.10598452479323228	0.0038415676599432387
CYB5B	0.20445723408834482	0.003844909728338411
ATP11B	0.24214060968233042	0.003858696360075225
CLTC	-0.06539849609649018	0.0038606278472023904
LSM14A	0.061168891898502054	0.0038702713679267505
CST4	-0.3183514686228053	0.0038711828005845795
ATG4D	-0.14241278713283378	0.003871549350967142
PPP1R3E	-0.30580656392105254	0.0038742786700374306
SLC22A17	-0.587715186411657	0.0038755120354041083
CEBPD	0.2871170864580179	0.0038769630353624185
RASSF5	-0.28431255114097453	0.003878767515034988
SESTD1	0.17726550271679464	0.003884799986272035
EPHB2	0.3968122834116503	0.003895582039252318
C9orf41	0.11624314009398695	0.0039035370467838094
TGFBRAP1	0.14158438063283363	0.0039060624897587362
CBFB	0.1040304916917254	0.003909560499542187
ZNF71	0.23771641611841954	0.003911881557972608
MYO3A	-0.4725598420814503	0.003912138398836304
C6orf203	-0.20163691962343755	0.003913639363421198
TPGS2	0.352262490783831	0.003917593893351906
HDAC3	-0.12240770724937278	0.00393176783009409
PKDCC	-0.2546260605125328	0.003932386977553473
RPH3AL	-0.42711948977631486	0.00393423410300278
ZNF134	-0.20322378335777191	0.003939329571129339
FZD3	0.22253895276942437	0.003939972068513378
ARPP19	0.09958563922932306	0.003944893133624056
DEAF1	-0.1548029397562658	0.003953087505005554
ABR	-0.21719815357895023	0.0039587007464096935
SPRED3	-0.17475364808584448	0.003963395747991593
PC	-0.2701573022788226	0.003963471723144975
SHROOM1	-0.288030042314535	0.003966396060002803
ATOX1	-0.13935588734962323	0.003968494196367095
WNT4	-0.6172829780162896	0.0039733852363954165
BC047484	-0.19964771692230343	0.003978398157819094
CD24	0.09374769238095482	0.003979859764478386
SKP1	-0.10479005886592141	0.0039896798997471
RFX2	-0.34858854179511223	0.003992919311191943
PDHX	-0.1382348850451134	0.0039959214282041565
PIGT	-0.14704581692544139	0.003997800103909323
MAGED2	-0.33823535036466623	0.004000721146512673
KPNA4	0.20819069159147752	0.004001522287141281
RP11-157P1.4	-0.3605175989711764	0.0040024769756114575
MSL2	0.19891175399248162	0.004004211911444693
CDCA4	0.2431178519160433	0.0040054162993475905
ZNF331	-0.31522319605952376	0.0040079098187398386
GPRIN1	-0.39841888137719383	0.00401134121686622
RP11-363E7.4	0.2601058738677935	0.004014757435758364
CCDC88C	0.30280029063784575	0.004015313390654088
KCNMA1	-0.5674861835783247	0.004036805367739527
TPPP3	-0.44159521386465883	0.004041426259208546
CYB5D2	-0.23564014473684303	0.004064052244132293
SNAP25	-0.658307341224317	0.004065404360786833
FBXL2	-0.3447693386259436	0.004065899321320896
LOC100996342	-0.24911639316666712	0.004075952900696511
LGALS8	0.1030410825187964	0.00408419295277068
KIRREL2	-0.2640941557587695	0.0041025979496212735
VAMP1	-0.30980748004448877	0.004104886594848361
GPCPD1	-0.2006467562926062	0.0041107381279533155
GBAP1	-0.20689958366792283	0.004115622208661392
LOX	0.5325694737875946	0.00411913797859035
UBE2H	0.17140341591478858	0.0041282747095777415
ALDH1L2	0.33051615567167936	0.004130669402035558
LINC00960	0.6979972104855934	0.004133953143295805
SPAG5	-0.2834129629674189	0.004136952485415749
TMOD2	-0.4136870402067636	0.004146221197091608
LINC00261	-0.31576807543233265	0.004154802191910434
AC017002.2	0.5745120689404786	0.004165964619971126
IFFO2	0.37344831497869624	0.004167545464618279
EHMT1	0.18345813713847026	0.004177630468333557
TMEM57	0.161410077971178	0.004179120865219651
PRAF2	-0.3892937870307005	0.00417954453896742
ZNF789	-0.24614241372055545	0.004181949512024578
PCDH9	0.4131180607537601	0.0041822130224096095
UNC13B	-0.15066590078195397	0.004197878368663982
C19orf82	-0.3062443426033825	0.004208209809536473
TC2N	0.4147860337092659	0.004219641802673105
RNF25	-0.18956400761591574	0.0042218298332361735
LIG3	0.10651391557017753	0.004227120644504347
GRAMD1B	-0.4570840108596501	0.004233770979767894
ADRA2A	-0.5526434036979966	0.004239588095207638
RP11-672L10.6	-0.3953823725551313	0.00426710887989723
NRXN3	0.34549016902506136	0.004275794524065835
TTC7B	-0.1865087497738127	0.004276235697371656
AKT1	0.1710430802349645	0.004277244987775717
C22orf42	-0.7145518434699261	0.004278573465512524
COL12A1	0.5922105654830823	0.0042792468926316505
ZNF19	-0.18664747328007447	0.004280678383254087
RIMBP2	-0.850358124093983	0.004283837624808676
FDX1L	-0.15092884410589136	0.004285945044490049
AC012065.7	0.35182362853069815	0.004298098053920168
SLC22A3	0.5134872480588957	0.004308656757502445
GHRL	-0.9065182766641602	0.004312456322608325
RAB26	-0.6417408447525048	0.0043160014259334585
FSTL3	0.39049292535588975	0.004321609244155728
UQCR10	-0.13149890770676365	0.0043230590761780645
PCP4	-0.6210041113709242	0.00432704204131979
THAP8	-0.2870958805081445	0.004356585815776592
PIP	1.02619550780451	0.004357613644431465
PVRL3	-0.29682099649498817	0.0043603797229461085
TIGD7	-0.2458686702186741	0.004366651635400277
ROR1	0.19567744862406222	0.004369371877194582
SCAMP1-AS1	-0.23798640785839353	0.00437224701066368
ZNF582	-0.45959001871616145	0.0043725985280389165
DHRS2	-0.6426021200144127	0.004388855327270593
SSH2	0.14583384926629073	0.004390624711161347
STRBP	0.20125302536967915	0.004410405236102718
FOXA2	-0.20814446086654215	0.004417397261771319
PRPH	-0.7416697083471213	0.004417762762349236
ERRFI1	0.19876319219298466	0.004425381309820877
SEZ6L2	-0.4128608691347111	0.0044305870658672
HS6ST2	-0.502770764765037	0.00443990640154625
LOC101927668	-0.3763726670401013	0.004447471485272816
CYFIP2	-0.3428661120062628	0.0044517449387749125
C6orf132	0.37982412078258143	0.004461201804531957
SUCLA2	-0.17127292260651572	0.004461772080448802
PAK6	-0.2625631362669143	0.004463658533672227
METTL23	-0.11628027236215566	0.004464169871038272
LRRC8B	0.16700125666666743	0.004466055635851157
FAM184A	-0.43175580760212995	0.004481910024019362
NFATC1	0.3432383464937354	0.004481956439140291
RP11-248J18.2	0.46627817522118065	0.004491299250402757
DYRK3	-0.3016025295068907	0.004493798109116503
IFITM3	0.2369888338847126	0.004498362962856271
SPRR1A	0.6230723131209297	0.0044990720520116404
TCEANC	-0.3909784886986225	0.0045006794453823
CLASP1	0.131751255203012	0.004501332634843204
MGAT2	0.18714643301816913	0.004506063749619562
PSMD1	-0.13094367486841918	0.004506084967044937
DHX33	0.19133686241227998	0.004506091715676129
TXNRD2	-0.15583724317606862	0.004512280237795009
RASAL2	0.20542081869674078	0.004518404491290913
SEPT9	0.20036850065163314	0.0045316399762703585
TSNAX	-0.10154458499999564	0.004539489932742233
ZNF540	-0.7033971438709283	0.004541434298735934
C16orf70	-0.3020610254103939	0.004546963736581336
CCL8	0.8323613403521293	0.004566006968654749
C1orf158	-0.6073217867850884	0.004566637683792891
PPP1R13L	0.32108964906077553	0.0045731049161119725
CEP70	0.23676092446115504	0.004573992818311207
DUSP22	0.2157636556459881	0.004576658530930375
THAP4	-0.15315447914786517	0.004582642091139495
CPNE2	0.22732641345112814	0.004586759520696841
PYROXD2	-0.5857200940733067	0.004598490515077603
VIM	0.2456810009837067	0.0046042798336770625
ZNF765	0.29466792597744274	0.004604639931271087
DNMT3B	0.2869032512944871	0.00460859244669432
PHLDA1	0.245321922017542	0.004610379409593435
DCUN1D4	-0.28204426667982396	0.004621058046494462
RABEP1	-0.23386828696491513	0.004624735347496618
B3GALT2	-0.7109922140225571	0.004631281872962115
MGAT1	0.19301120464724164	0.0046318961680108595
C9orf142	-0.1516746978157899	0.004640295747916611
TNR	-0.8760954362575166	0.004645925134033234
IL11RA	-0.32208368975375823	0.0046556590938503315
SLC30A4	-0.31203786283270674	0.004664181083725525
EGR4	-0.388373271162906	0.004684913382486923
TTLL7	-0.3967677110839585	0.004687408357002552
ELMOD3	-0.15522677540351104	0.004702893212225759
GOT1	-0.16968184324310265	0.004704499818105836
GNL3	-0.2637345677305749	0.004706513355114855
NDRG4	-0.30375502830576373	0.004709627151388052
SFXN5	-0.2315112604442362	0.004718418418185109
SPATA17	-0.3472116769743119	0.004729566942358138
LIPG	0.3168058708740631	0.004735286387075224
RNF19A	0.1694334718922299	0.004736499307071858
SLC5A1	-0.84593794572619	0.004747996530385941
SERP2	-0.3547531140701743	0.004753252072709432
TMEM55A	-0.30580899241666515	0.004757912760022305
ASB7	0.14219672375187997	0.004765397937770939
DNAJC12	-0.4424999004260606	0.004766971934952836
CDC42EP4	0.19681744465538387	0.0047776754259520665
TP53BP2	0.23293198119172231	0.004778607579902389
FBXO42	-0.16911852331704225	0.004783304396400599
OR7E37P	0.2397936494066446	0.004783839091961426
LOC100130417	-0.16886643806642	0.0047881852671251696
TSPAN7	-0.5203031786215497	0.004788849672652963
KLHL9	0.16437547927694496	0.004790446099429381
RP11-111M22.3	-0.38923848721303145	0.004790858595620608
HOOK2	-0.26589308927506394	0.004791955875033318
ANAPC7	-0.1419014846929798	0.004799383876286486
KISS1R	-0.666219320631579	0.004807602468261156
C14orf2	-0.10979923419173154	0.004823819726294427
MIA2	-0.47482669416040135	0.00482678087447272
ZNF235	-0.3487376172637857	0.004832932360057984
APEX1	0.15940923822054742	0.004839955621771483
IP6K1	-0.15341984910463324	0.004840146386651527
DTX3L	0.18755251148496477	0.004847728429184532
MAP3K8	0.26157513374749275	0.004855118848955781
MEIS2	-0.3328077969674226	0.00485634530130034
FAM167A	-0.5211177319417235	0.004864646881473878
C9orf135	-0.8977406464035056	0.0048709182567368186
HTR3A	0.7293044584686754	0.004872045659722785
PARP6	-0.15928709784461326	0.004879834575499777
CPEB1	-0.6449465541322059	0.004898199189863281
PPY	-0.6592662167406029	0.004899933722667325
PDZD2	-0.628883403224938	0.0049002812979502255
APBB1	-0.27198405933959524	0.0049047768075914985
DCUN1D2	-0.14703705807330714	0.004907255421544909
TMTC2	0.282959288530078	0.0049127297276899285
EFNA4	0.3099300501917286	0.004914368354184169
NPDC1	-0.462084720573932	0.004922645247164768
MPST	0.2612966416729332	0.004925038363927192
ZNF678	0.2308052591165417	0.004931112665229423
TPPP	-0.49775735999686077	0.004934322344161286
PSMC2	-0.11899253911654561	0.0049373848499713584
GATAD2B	0.09918082597994626	0.0049443635441927735
PLD3	-0.29542727912343736	0.004945120944237129
PI4KA	-0.29893586348622136	0.004957173324736014
RBM27	0.1840213801660351	0.004962591269273378
BCL2	0.2831475161140391	0.004968414658693561
AES	-0.23502430980827071	0.004968943241873585
RAB10	0.08427941028822161	0.004973880094313127
RP11-285J16.1	-0.4612287597637845	0.0049756377093234825
NDUFV2	-0.1275520788220561	0.004986621665702037
ERBB3	0.4177253406485004	0.004987335330785374
AFAP1L2	0.3806706552117758	0.004987584408444758
WDFY1	0.19983146422932307	0.0050037397119479824
FANCL	-0.1425180373057664	0.005004345413201606
CAPZA2	0.16651295043232217	0.005008349978496568
C12orf60	-0.2960012484172925	0.005009258809510677
SLC25A12	-0.3677185987844602	0.005011316287535081
GMPPA	-0.24553542800500772	0.005017882910877274
BNIP2	0.22330467755639205	0.0050353625126828665
HSPB1	0.3553971069047659	0.0050476690297043296
ZFHX3	0.1163754467543825	0.005068793318174076
ZC3H3	-0.2618335301447363	0.005077845039119973
LEPRE1	-0.18411663551942326	0.005080738497214645
TMX4	-0.23336636146239798	0.005083998327132262
G6PC2	-0.7667095785789453	0.005088986308125225
TRIM25	0.22636074058083366	0.005093340809394172
VASP	0.27936429925062534	0.005097813512109127
VPS11	-0.19909998564473774	0.00511563878998314
GAD2	-0.597036257137848	0.005117227163805362
NUCB2	-0.2627973278070179	0.005122320384656073
RNPS1	0.13816287712406172	0.005122759966821752
RBM11	-0.31679905585212786	0.00512718784285281
ZNF30	-0.2150108777092763	0.005128631674098314
TBC1D1	0.36354779571616724	0.005135772835972112
SRP14	-0.05796467755638801	0.0051449320580865794
HSD17B4	-0.10431519488094843	0.005152168807701697
CBX2	0.2531460564636605	0.005161359096819777
SLC15A4	0.20789462402882286	0.005162702567529606
KIAA1107	-0.4200168035200491	0.005166643112088157
B3GNT9	-0.2865960462468653	0.005172334703755412
LXN	-0.23530498067481354	0.005172478323526811
ABCA17P	-0.2370355598414804	0.005187219146895282
FAR1	0.17798887499561467	0.005188183496542222
HERC4	0.11411969514410636	0.005205947493541534
B3GALNT1	-0.2242277304254383	0.005209509272268227
ZNF439	-0.22301363742042568	0.005219841116781651
CLINT1	0.12436064379073031	0.005221247289854944
ELOVL4	-0.5765641656917264	0.005221496034836113
FANCF	-0.178801841911028	0.00522165274296034
SLC29A3	0.29056543907706356	0.00522456176417205
NUP50	0.09823891900375692	0.005226604520045026
SSTR1	-0.4436467428157922	0.00523418732506833
PDLIM2	-0.4101772986177945	0.0052354944058157485
ATP6V1D	-0.13657667892857006	0.005239701753182234
KATNAL1	-0.26452903802255356	0.005246223361061078
UBL5	-0.19579724676065347	0.0052518254640989545
VPS45	-0.1526108790225571	0.005259735912280579
ACVR1C	-0.7040560003991185	0.0052599088133526975
STX11	0.5321311312211794	0.005261118996947095
NEXN	0.4732789936171624	0.005261222199038603
UNC13A	-0.6038550632443602	0.0052666290586838695
LOC100289361	-0.36827109080262765	0.005283362528441988
SCG3	-0.593416057131579	0.005286894352392206
EFR3B	-0.5504978166566463	0.00528740697031127
GPR176	0.3268252283771904	0.005289732960252139
SGPP1	0.19550551456328513	0.00529825615326177
SLC25A27	-0.40167878105074983	0.0053041572197193845
KCTD13	-0.20925084221177848	0.0053068925460524816
OCIAD1	-0.12422601511278408	0.005307477373027621
ZFPL1	-0.23764796837782143	0.005308655880152221
LINC00893	-0.49570710063659096	0.005327537248434349
KRI1	-0.13589625157267982	0.005328067042150323
SNAPC5	-0.14681444677130528	0.005334938010667556
PTCH1	-0.26436955109210203	0.005344790180961396
MYLK-AS1	-0.2453815187525059	0.005347708262195904
SGSM2	-0.35760562891729464	0.00535177225100948
KLHDC8A	-0.7418533365588917	0.005359375543016821
RGMA	0.3142334731635321	0.0053646938594587796
LAYN	0.2965716538264429	0.005367049337412619
TMEM25	-0.21965324211403647	0.005368567956036857
GCK	-0.5919792625112814	0.005370618941788971
CDHR3	-0.30803784698997294	0.005372049991510496
HPRT1	-0.16378450105952602	0.005375628090652289
ADAMTS9	0.3901906190695481	0.005381362507568634
ZNF33A	-0.14258818980576926	0.005385255668244333
TMEM205	-0.16092124752819892	0.005395810167628192
BCL10	0.19589087485150536	0.005407285216359724
CCNH	-0.1399056578634088	0.005416621095371709
TRAPPC12	-0.2315894071791984	0.005428225442209
RNFT2	-0.40939018333959964	0.005429474737196356
RRAS2	0.21125689076440857	0.005432400606920963
KIF21B	0.3368152208502533	0.005434743129593495
ANKRD39	-0.17370943937030248	0.005434843826786495
COPS3	-0.12244504227443898	0.005440234475849552
TESK1	-0.21889016772556147	0.005447122586034847
ST3GAL1	0.26711512565225526	0.005447546138458599
SCARB1	-0.2635190192192933	0.005451666843073236
RP11-384L8.1	-0.3206513111961158	0.005454044743708242
NFE2L3	0.4113079284504977	0.0054725761680827845
IL15	0.35255996187969885	0.00548180246182922
TOM1L2	-0.22684833530137816	0.0054821333384554955
APMAP	-0.09524088160401156	0.005485727585601244
ASCC2	-0.1834612349260638	0.0054892672945609814
FAM105A	-0.5117521629047665	0.005490123740065625
C2orf81	-0.31235571994799294	0.00549313773143334
DNM1	-0.5821838579022582	0.005494541330665658
CEP63	-0.14491608306579273	0.005507589474217176
DUSP4	0.3161068406666647	0.005508623509903203
PDGFB	0.3445789035664202	0.005518338278222637
ANKRD13D	-0.1552828740482468	0.005520336568048305
CIART	-0.41818068464975156	0.00552322169582189
CHMP2A	-0.14537128824561307	0.0055345867340662385
GNPNAT1	0.19937235348997717	0.005544088406199802
CYB5R3	-0.11759309031328868	0.00554872680815389
MIS18A	0.2447619991196781	0.0055563018558375445
ANKRD40	0.23420003259398037	0.005560263542397002
ACTR10	-0.10808180699874548	0.0055618672491929075
ANKRD9	0.3304696737681674	0.005564723402966488
TPST1	0.22156705068295857	0.005568464411098538
FAM58A	-0.15862438283771674	0.005570889877877227
STAMBPL1	-0.32950752068796874	0.005571827083347516
KMT2A	0.15084043391541435	0.005578009832752526
PRRC1	0.17056368296992908	0.005578599964649588
PPP4R2	0.11110949098997835	0.005581597694057751
SLC30A2	0.6896766212067664	0.005585746705357211
MAML1	0.18320811769423884	0.005586255634063927
VEGFA	-0.1642005209210584	0.00559576462565649
OLFM4	0.2789862564097749	0.005598288304648097
ZNF165	0.3691653193966147	0.005598541227004306
CCDC132	-0.1355638496428604	0.005599844987439838
CLCF1	0.31817221789160044	0.005601583656121164
ZNF25	-0.2612460245914825	0.005635567896402002
SDR39U1	-0.16926390400000457	0.005647970094397451
ALPK3	-0.27218883312092146	0.0056637666938828
LPAR6	0.2547665358803233	0.005664139194835094
CYFIP1	0.10199211015038046	0.0056700310925337115
KLC2	-0.21988618913345803	0.005670073813088844
MXRA7	-0.17818531424186013	0.005670325183193027
RPF1	-0.10549466097743831	0.0056718535563775
SCRN3	-0.1714420770989964	0.005674118261876294
ARSB	0.28675597049060286	0.005688669527249536
RHBDF2	0.2941738718201723	0.005692776404986028
MUM1L1	0.3723600048765636	0.005694204458392998
SLC31A2	0.29821055083583836	0.00570877590428345
B3GNT7	0.3766323874617772	0.005712792360173822
TUBGCP3	0.21808013314724484	0.0057161979908065515
PIGU	-0.11100319571491468	0.005718082773921376
FGD2	0.5325548317186719	0.005718603688803665
SEZ6	-0.44891800019235895	0.005720612941854957
MYCBP2	-0.1544490111340835	0.005725308944659766
CMPK1	0.11247041080200226	0.005730442632183275
NDUFA1	-0.13014020114661662	0.005736976156466302
RUFY1	-0.20217552245864745	0.005738929511602695
PLAG1	-0.36899516402945043	0.005745184187796842
QDPR	-0.35914016920049896	0.005758020907898451
MCL1	0.1267500311779397	0.005758508812148011
SLC43A3	0.3697190033784459	0.0057819440727402156
CEP68	0.23407843319987265	0.00578389356250094
PLEKHB2	-0.07968563339598589	0.005790017983342319
CUL9	-0.14246404573809546	0.005791399919670501
PKM	-0.14986909963032247	0.00579555921059209
GPRASP1	-0.5736683231585289	0.0058002047966540515
BHLHB9	-0.29942112245801944	0.005801920714971957
VSTM2L	-0.4153111429091494	0.005815129798330686
SMIM7	-0.10764387052631719	0.005820389671353149
PHPT1	-0.2903059184147896	0.005827378386918304
NR0B2	-0.30126215288722236	0.005834402406706196
TRPM6	-0.5554045121209246	0.005839044447514442
RBM33	0.15091937564222668	0.005847064326284067
SMDT1	-0.21127832983082584	0.00585024757066053
HOPX	-0.6689389974561504	0.005850557380259375
ETV6	0.29719760713470755	0.0058565177028282065
MORC3	0.21493715578383288	0.005867080550029207
SRGAP1	0.3101848231140343	0.00587553905188147
GATM	0.2765894892042642	0.00587749581818767
CCDC110	-0.40550815750188374	0.005881026784115812
ATF6	-0.12169583424686792	0.0058997392024763
ATP1B2	-0.5231870006234338	0.005903796855134466
TMEM8B	-0.2136213266284468	0.0059104854075953716
SH3GL2	-0.6598666985131612	0.005915989261817002
PPP2R2C	-0.6412823116516257	0.005923651592578268
PPP5D1	-0.33164359331892257	0.005944006050217152
MTSS1	-0.2254152719548923	0.005957773270609218
SLC18A2	-0.3549058134592773	0.005962354070570503
ETNK2	-0.24166703607330575	0.005966133563384819
LASP1	0.1312545179448641	0.005977074419591506
ATP1A1-AS1	-0.3008463927330789	0.005977850257119113
VAMP7	0.13686455306641143	0.0059971369716810856
NCEH1	0.41962684867355726	0.006003574023377702
ITSN2	0.11766485087092526	0.006013447582017973
FAM46A	-0.2885047015977449	0.006020716910579892
CPT2	-0.16103303382142542	0.006022214440988386
KCTD2	-0.15173957876879562	0.00604309649352547
NDUFA7	-0.1882497706553874	0.006061663493096299
C17orf96	0.41997877076566237	0.006072746438248346
SNCB	-0.3572599651196704	0.006079438661152728
AIF1L	0.45375230471742345	0.006128396694488752
MYO10	0.20575801701127716	0.006139130241359648
FAM193B	0.19158642378383473	0.006168366910662782
CDKL3	-0.25473298322619264	0.006176748358714464
NEDD9	0.2916372265025089	0.006179435207733579
CLCN4	-0.3375860095545118	0.0061799366153787606
LIFR	0.36143321050250066	0.006181490799706882
KCNK16	-0.21477604049561538	0.00618535458439941
NCOR1	0.08378927796992386	0.0062255023261940075
TFAP2A	0.7671726871541376	0.006232720622388846
LOC100506325	-0.32065033681140065	0.0062332160521991345
ARL2	-0.23142174669674453	0.00624825762996078
KIAA0319	-0.5060748404342092	0.006250921703224385
AKAP13	0.2621094324022568	0.00626441852631144
GINS2	-0.34906955568671716	0.006265400496047337
ZNRF2	0.16470737971679306	0.0062893991948752455
EML4	0.10726409898496136	0.006293767920247217
GOLGA8N	-0.219829330833333	0.006294234955434787
CD200	-0.641573777330203	0.006296772056262398
C2orf49	0.19019773494925474	0.006302702897539013
CFC1	-0.6900337683082753	0.006309741688745213
ELP5	-0.2290011377656569	0.006313303928376321
SYT7	-0.5232441247199251	0.006320538028668031
UBE2R2	0.14953421095864528	0.0063213505965595525
KBTBD6	-0.26469076596177565	0.006329213462938712
PLXNA3	-0.1836379384260649	0.006332305773144393
ZNF146	0.13603951448621032	0.006333860082503698
ADD3	0.14680596360276255	0.006353194496280205
TP53I13	-0.18870495860651726	0.006358076677301943
CNEP1R1	0.1773269977650358	0.006359189398332306
WWC3	0.16389730560714533	0.006363333718114073
CPLX1	-0.5794831660238096	0.006377243598969727
ZDHHC20	0.16363103231954845	0.006381614950343457
TCIRG1	0.2960677806177916	0.006384598680834764
EEFSEC	-0.17571438812155282	0.00638607663832116
FARSB	-0.17846287489849288	0.006391707717176647
DCAF6	0.11144712774436272	0.006396811596377231
C15orf41	0.13868741844924592	0.006399354326149706
HNRNPD	0.09394808137218469	0.006409716083717028
TTC39A	-0.22738202501190585	0.0064118053696290605
TDP2	-0.12627182436717277	0.006425418804863878
AATK	-0.25284544620238325	0.006428604741203791
MRPS27	0.09154120525689358	0.00642941737331802
RASSF2	0.36451123839787236	0.006431945294448185
FAM120A	0.07362442335839958	0.006451706626954554
PAIP2	-0.13833652046992562	0.006457432089686876
HN1	0.20995293516917002	0.0064620342399153985
PARS2	-0.18857943315100023	0.006472116356613544
DCAF8	-0.11053159613220487	0.006475714700610726
CPSF3	-0.11452141934210402	0.006488287761124259
PSMD9	0.15788466765852505	0.006495463743710476
EPB41	0.10454206439223057	0.006503030175550965
SMARCAD1	0.23545996811152925	0.006506182109131034
FBXL16	-0.6617270730726759	0.006506253409770224
RGS12	0.3597278987675452	0.006507298430573634
TDRP	-0.18393806081703978	0.00650734023565183
ZNF106	0.11898614887217995	0.006512397112976625
UTF1	-0.15332364821804578	0.006514010289007287
SDHAF2	-0.13465048661967494	0.006521019228993315
MAPK10	-0.6022039992656634	0.006528216457255619
LOC101927701	0.5176163345388449	0.006530238645471833
EMC3	-0.12345725393483953	0.006531292578603415
TP53BP1	-0.2756910995294479	0.006556734630086972
CLEC5A	0.7534505603690471	0.006562491128106361
CCSER2	0.13089744974310058	0.006565489120197065
HSD17B14	-0.49010367346365946	0.006581615252433246
ECHS1	-0.13817300898496043	0.006585752147613035
MFHAS1	0.17703812677317998	0.006590829473110707
ZMYND12	-0.48393411182394086	0.006603651748615786
MAP3K7	0.18348606896178232	0.006618597340395027
STK33	-0.21373847536654011	0.00662916763592212
DHCR24	0.24244435930450514	0.00664194363630349
BTG2	0.25812922892356305	0.006655984716825304
SCGB2A1	-0.5349537941553884	0.006658030711926044
BMF	0.2507129450482459	0.006661512912533881
SPINT1	0.25926131943609043	0.006662063341809989
TMEM39A	-0.20506655668233087	0.0066643971084423045
ZNF419	-0.21476962745990313	0.0066785370247704505
LRRC37A3	-0.3048583188634062	0.0066928916005843135
MLLT11	-0.3634467706265596	0.0067010172007675155
LRRC57	0.18447962362343517	0.0067037802190776305
BCAP29	0.11550607669172841	0.006713349415110301
L1CAM	-0.735260244020675	0.006714841479586517
RFX6	-0.7350759941441076	0.006740252892611982
SRP68	-0.11876655311466422	0.006742048304795978
IPO8	0.10457292422932163	0.006764050004660202
AASDH	-0.18590380239787052	0.006768717921387568
MGST1	0.34083981382769224	0.006770189138803629
BRICD5	-0.14622252503132938	0.00678021021842393
NXT2	0.25136521348433405	0.006787534788926833
C17orf80	-0.2686186837587705	0.006794905278883052
MLXIPL	-0.5953139525513809	0.006812146647411314
XKR6	-0.30901766348496196	0.006813482522881925
FOXP1	0.07066444076441591	0.006816315231377484
MYO5C	0.2577057618358367	0.006817580680048052
TTC38	-0.13549619247869238	0.006834922273843366
SPINK2	-0.43246490104135304	0.006835673853917499
ITGA2	0.3912105087299498	0.006861138601327396
HS6ST3	-0.5067588127456144	0.006864400562277139
WDR70	0.11079488736465848	0.006865911698776687
EXPH5	-0.3100217720745633	0.006873589739071091
HSD17B10	-0.1635743667255678	0.006885715238838991
COMMD9	-0.16932079187531812	0.00689207401328374
MCAM	0.31177229455075306	0.0068981813168214196
ASPHD1	-0.25688856846553954	0.006902309249248469
C1orf53	-0.2835371280971195	0.006905259035471833
KMT2E-AS1	-0.3144103385175443	0.00691092592398263
VPS4A	0.08729210622180084	0.0069110333150148445
MYT1L	-0.7031511423571448	0.0069152817770246995
FBXL20	0.1961122393822059	0.0069488199302152834
GALT	-0.2536756066516279	0.0069497059271230975
MEX3A	0.24265419689724244	0.006963925600926862
CAV2	0.2588006733020052	0.006965130216330595
PABPC1	0.13609990299498342	0.006966165875705367
ARFGAP3	0.12075901990601245	0.006971514202600453
CLIP3	-0.6965558564072687	0.0069786085638465336
KCNB2	-0.6112611678471191	0.00697958642135896
C5orf66	0.24605638596491097	0.0069834657840444885
STMN1	0.2295605508038836	0.006991727734521701
PLA2G6	-0.196610969972431	0.006996250273566232
HEATR5B	0.13057688882831542	0.007010387204546855
RALYL	-0.6888311274780676	0.007011576375079411
THAP7	-0.16345007877005102	0.007014172892980121
CTC-471J1.2	-0.42059006921929676	0.007021560975329525
ELOVL5	0.09567036607769808	0.007025717877014205
SCN8A	-0.483381702957395	0.007036770157382809
B3GNT1	-0.30990916273934843	0.007050001895375031
MUT	-0.19748597284273117	0.00706066783459927
PLCXD3	-0.5708950021102748	0.007070400423817013
MGAT4B	0.23868229701441201	0.007074595108538121
TMEM243	0.1908855366271922	0.007075943075871747
BABAM1	-0.13355779308960614	0.007103704720987428
NEDD8	-0.11019588407268088	0.007113002641810439
CELSR3	-0.5388445858872188	0.007116223154045902
DNMBP	0.27891454577819275	0.00711657037665712
PSD3	0.22890511757205623	0.0071210413389429785
LRCH1	0.21856397709836894	0.007121076870732595
HMGCLL1	-0.642484156291987	0.0071214486488806765
HSD17B8	-0.25473519866353556	0.0071377307327127
LOC102724537	-0.4490438240557628	0.007145536670842117
FAM120C	-0.29449731819110525	0.007147219019854933
VCAM1	0.37156785305764295	0.007163528032277256
PRIM1	-0.28106789743922445	0.007183064243227175
ARF6	0.08780614288220434	0.007193708808598938
SLC25A43	0.2420682086848327	0.007194857310017675
SLC29A1	-0.1789965980050141	0.0071968401240035595
ROGDI	-0.30993362071992614	0.007207353563876274
THAP3	-0.15014657212845073	0.007216076426567766
DCUN1D3	0.1509422853878437	0.007222778707461563
HPCA	-0.41483913996052735	0.007225154016744073
CREB1	0.1948777966911024	0.007228254255491107
NEK4	0.14323535938659226	0.007235996498411742
OSBPL5	0.14005391964661662	0.007239578245602551
RND3	0.28486379892857094	0.007246786829447103
SDC3	0.38791368301692053	0.007261336391188919
RHOBTB1	0.23987960356516425	0.007265363451818042
LOC728613	0.4345411749799464	0.007293058335826066
GNG2	-0.5648263997813299	0.007297667572783258
LUC7L2	-0.1055630602606481	0.0073414168965387225
CXorf38	0.19012161046554255	0.007351738138870984
ATG10	-0.2901746153953644	0.0073605252805246145
SHROOM3	0.2779009925451117	0.0073709724843206165
TMEM198	-0.2986190239442337	0.007375624502082519
LCN12	-0.36163664480826974	0.007413169903555538
GNAQ	0.09945190368421564	0.007424063110192512
TRIM61	-0.40401352441102656	0.007442804906679397
SUFU	0.12873766947932008	0.007470896982343703
CRP	0.7475657050526312	0.007494324204075613
RP11-644F5.11	-0.1800704202838297	0.007496480277061761
FAM179B	-0.15529027039536736	0.007496702168873731
SET	0.12128396755012538	0.007497121417676915
XRCC6BP1	-0.19293405344110415	0.007500286090213857
ABCG1	-0.45821390332455714	0.007531818011438211
MYH3	-0.3539733718427307	0.007542172965701748
TUBA4B	-0.21052140504636707	0.00754825789755512
RP11-635N19.1	-0.30322575947493835	0.007548627030899594
TMSB4X	0.06873566884084958	0.007562029866846647
PPIL6	-0.4328970949667923	0.007598244500646862
SUOX	-0.2753890112938606	0.00760381344817694
HSPB6	-0.5516498907412295	0.007610724793082428
MAP1B	-0.35354022147243214	0.007614641778225433
CARD8	0.27488855087342934	0.007621893306299924
LRRFIP2	0.1472859272431144	0.007626892643745522
C21orf119	-0.22300787034273295	0.007629577145116534
ATXN7	0.18748975198308493	0.0076323171322671855
EML2	-0.2037178455256825	0.007632627966540417
HRAS	-0.22646100772744404	0.007633920791983366
SCAND2P	-0.3678319627268225	0.007643155795471628
SLC35B1	-0.1120138601315741	0.007655802747530731
ECH1	-0.24022569522430892	0.007664217738285168
CD59	0.06301550293232872	0.007669536123815624
TSR3	-0.19615603127255632	0.007683449536265419
CNP	-0.3249275651190473	0.007695031068477232
RBPJ	0.10005306030075367	0.007698578912155981
ZNF542P	-0.22446270315977213	0.007703738220109928
TSKU	0.3841634996748109	0.007706548207094545
RAD9A	-0.17457912787468644	0.0077117055123736835
SDF2	-0.08663245790100227	0.007719167728026594
TRIQK	-0.24992301646554083	0.007721191783495138
LSM6	0.22136124814223024	0.007722297408182258
ASAP3	0.45507279694674363	0.007727593712871713
THNSL1	-0.25824308226754233	0.007732563341560556
RREB1	0.08791340442982332	0.0077327531467930154
NCOR2	-0.21330733164786686	0.007739839203457685
IFI27L2	-0.3260503387662883	0.0077477976820786035
IQCH	-0.2272257275119065	0.007750018774402283
TBC1D9B	-0.13026352542794406	0.007750233928013254
HEXIM1	-0.15951597316666266	0.007756495552022819
JAZF1	-0.23532764236152914	0.0077571926532216525
TRPM3	-0.6456310473734348	0.007760450640602737
TSC22D1	-0.19291278024436131	0.007765273828912248
ZNF571	-0.2708387375087744	0.007776088399876379
NDUFAB1	-0.1339172421679251	0.007782447278016384
RIMS2	-0.6132053668872235	0.00779198157059752
EPM2AIP1	-0.169465452092739	0.0077995460435575864
ECHDC2	-0.1467613183984966	0.007804875822529633
ABLIM3	0.34257091742857426	0.007805020146464092
AMMECR1L	0.12027269730200629	0.007810360228719745
NUDT4	-0.3977794873301965	0.007810426025473193
RAB14	0.17186884733082763	0.007821038424598352
SSFA2	0.2267819901503767	0.007823184490180655
UBE3D	-0.2026553132249358	0.007828523005613115
LOC100288675	0.1260361024943606	0.007828953111501842
RBM3	0.10949803102130495	0.007829442928386976
HSD17B12	-0.08455507743734536	0.007830438007824419
LOC100288310	-0.7066079069893529	0.007838784848736397
C12orf45	0.26947446112029816	0.007853616648159116
LCORL	-0.29717255071303406	0.007877635957384846
PRMT3	0.23137017519862013	0.007894565285015687
TBCB	-0.1755024963809575	0.007895778528977757
GNAZ	-0.4160797069498745	0.007906727733781958
SULT4A1	-0.4489842522919787	0.007908492716887365
PPP1R12A	0.12092188731829623	0.007913457622181907
SNX10	0.27125525489974933	0.007916625612536117
LINC01146	-1.002702665454887	0.007923833703955203
CHST1	0.4261877139417294	0.007934791817620504
PAF1	-0.13363144887218503	0.007943013117911589
DNAJC6	-0.3857522982048849	0.00795246650139509
ELK1	0.14552205798747053	0.007957909731150258
A1BG	-0.3186246831403503	0.007962658174347267
BEND3	0.16134738501440893	0.007967266615879747
NENF	-0.23899154584586668	0.00797460690952493
NUP107	0.18015217038221287	0.007987982406434403
FRMD5	0.42494775001566687	0.00799424645802126
ORMDL1	-0.13006965679198323	0.007996443046883621
ARID4A	0.2146565656315822	0.0079975687082608
GDPGP1	-0.36360962649436335	0.007997679349374785
CSGALNACT2	0.15682376236090434	0.008001460160546613
TCTEX1D2	-0.21193067334085391	0.008002959937749219
VKORC1	-0.16515555997117382	0.00800448744399457
ANKRD54	-0.13530820653132913	0.008006650477284289
LOC254057	0.4487416726685467	0.008014125339228111
MSC	0.34655259899624014	0.008021795228087249
MEGF6	0.6253237047462434	0.008023888576866485
TM4SF1	0.08017680266291194	0.008025508059129677
TPSG1	-0.19445390362092674	0.00803043302430343
ANO5	-0.3772806325137843	0.008034834242147463
FKBP2	-0.2670593264486243	0.008037806016942763
RABEPK	-0.15841079044612094	0.00803888872841167
ACSL3	0.1163953168778189	0.008044260637486396
GRM1	-0.834861010341478	0.008047443970785844
GK	0.33231362779072704	0.008048326815021234
ANAPC5	-0.13365966739974944	0.008068776843460176
C6orf89	-0.12250563558333205	0.008074666479420848
FBXO31	-0.19762991883709446	0.008079374581288224
CMTM7	0.31128506965914404	0.008081753803944837
GAP43	-0.7751399178258165	0.008083197991379493
MANBA	-0.21459862153571585	0.008084485023753455
CCDC150	-0.4926452999981201	0.008085307670701694
SP1	0.2400056927832086	0.00809594419682362
RTN4IP1	-0.15853310432769163	0.008102853089555889
PHACTR1	0.25790031374060085	0.008110243289469337
ZNF91	-0.33405198880764253	0.008119655789206747
AHRR	-0.4028034814103991	0.008122363603629681
DYNC1LI1	-0.1328477108402275	0.008128076452943485
NMNAT2	-0.4700534562255658	0.008132928371847726
HRASLS	-0.45302076253697	0.008144101493511703
E2F3	0.10987107713659405	0.00815581552094911
LBX2-AS1	0.32360716995238015	0.008163567416229893
TMEM61	-0.5139687078972468	0.00817219467610214
ASAH2B	-0.17033041877005317	0.008179531256201428
SNX6	0.1530498940413505	0.00818293597614654
ITPRIP	0.20723132805826872	0.008188203258131285
DLGAP4	0.1607388321027532	0.00819000443623298
CPTP	0.13730364578007226	0.008192718074452382
SRI	0.22214878275688932	0.008208012274241708
CHKA	0.1761382592431069	0.008226853100564367
LZTFL1	0.17765679720551475	0.008244637928399983
PABPC3	0.13397882714912868	0.008245043695307827
LOC91548	-0.1497384898364693	0.008278302313004233
VWCE	-0.19362148355325726	0.008281287998703354
MANEAL	-0.18785085146741665	0.008284950318367214
CHST9	-0.5085754895300774	0.00829190510455101
ADCK2	-0.1705332182236834	0.008302883490959386
TLR3	0.41330029270801916	0.008316448566174783
CST3	-0.2091551809586445	0.00831979639558073
PRPF40A	0.10493271377819724	0.008324404346889075
ZNF18	-0.20033080403132963	0.008331905076525476
ZNF775	-0.18355463563158025	0.008347800448998278
MXI1	0.15737921837718893	0.008349853203563533
MTERF3	-0.13574686513721979	0.008354633772486948
RXRG	-0.6801916906810783	0.008360330903349212
TRAM2	0.2620544862763179	0.008363384524401487
BCAT1	0.37577279079511605	0.008364264629464508
TRHDE	0.4945716793565156	0.008380430441780707
CCDC64B	0.3366743296716743	0.008384762359688163
MEGF11	-0.154314666656016	0.00839055743617719
STIL	0.37082622935401144	0.008396146482876976
AMT	-0.4199045750125263	0.008402803910866199
SDC2	-0.27732375582017355	0.008407027488539203
ZNRF1	0.15509078784021924	0.008407092137509129
ZNF292	0.19101160338972178	0.008432384569279514
BORA	0.24649089787593947	0.008454553340358419
COPE	-0.18032590345426058	0.008454663370928688
THEM4	-0.20562500466917477	0.008454822713720443
ZNF43	0.18140426955325495	0.008460208320209436
PLCB3	0.11792533982017694	0.008464214262307236
PARD3	0.2888865139818275	0.00846425330694112
CXCL3	0.49162567327757145	0.008474550219054503
HIF1A	0.09759807760025474	0.00848251176216296
RPP25	-0.18756433553508778	0.00848461735334607
DACT1	0.35405933724685923	0.00848558899076976
ALOX5AP	0.524538960443607	0.008486228833097085
SIX4	0.22799699927443928	0.008496009119733146
OGFRL1	0.2397687093915959	0.008502100150529417
MED20	0.16826181250000438	0.008509927975583167
PMAIP1	0.24550830526754552	0.008510176553168228
PCSK1N	-0.5972327501535108	0.008511819860160403
LINGO2	-0.7410603749354614	0.008512584307041894
RP11-135A1.2	-0.30982795641353356	0.008530379565629699
CBR3-AS1	0.29425572927694343	0.008542168437939108
DAB2IP	0.2879071144899754	0.008573943590517217
CASZ1	0.21037267502569001	0.008582778783129937
NEFM	-0.6123928402186749	0.00858614769726982
MAT2B	0.13906328786967137	0.008587537691226615
CHMP2B	0.16272855036341838	0.008591877851455368
MBLAC2	-0.22326645062531547	0.008592035349096984
LYZ	0.3796153908721802	0.008626247994657372
PGM2L1	0.23978929036278096	0.008640948059208864
PP7080	-0.15641417361090415	0.008643923345392213
FIGN	0.2774988556647866	0.00866763959712001
FOXO3	0.13468945010025024	0.008701339489175735
CNPY3	-0.19727552941478788	0.008701549428573704
RING1	-0.12448334349561385	0.008702321206204771
ARIH2OS	-0.3127651347625324	0.008714370792888962
HSPG2	0.30356242236152653	0.008728093728648552
JOSD1	0.21533492188784287	0.008750979184258895
FAM127A	-0.19517732542606403	0.008751611085972357
TRIM5	0.347677148052	0.008755051548805947
SMCR8	0.1468669880394735	0.008797379141495813
LOC101927841	0.8190351264780702	0.008797707815821787
C18orf8	-0.10550636927819923	0.00880425648340205
MAP4K5	0.19098748327945358	0.008813408908320277
IRF1	0.19806166443107642	0.008823081602810173
SUCLG1	-0.1109985438032588	0.008828613244412583
GORASP2	-0.10714426795738952	0.008844568351916894
ASH1L-AS1	-0.3239682166791997	0.008853401766551711
ATRNL1	-0.7256563294103993	0.008885320798910813
C15orf54	0.48741278814035116	0.00888550300204413
RNF128	-0.25594196181265794	0.008886918506047618
PQLC2	-0.15401409482268136	0.008887403115676158
FAM89B	0.2914769017575196	0.008887868044806235
TMEM220	0.3364895677725581	0.008888720242924135
LINC01314	-0.3630848106196751	0.008901439208533897
RP4-758J24.5	-0.2667421113596511	0.008904308488593832
MRAS	0.26111849487718963	0.008905861903269663
IL4R	0.23798659791416021	0.008910493288764473
NFATC2	0.21900682310777242	0.00892000002896143
PRDX5	-0.16648871351503125	0.008926768066207734
KMT2E	0.11822854013157524	0.008934696179797492
OGFOD2	-0.23995175223997478	0.008946792248650215
MET	0.29123714538847345	0.00896284226827748
MISP	-0.2996349785206771	0.008963459875620004
NDUFB9	-0.10296324084586317	0.0089674084647764
ACACB	-0.3700363444310799	0.008987263071555153
COPB1	-0.09193880241227959	0.00901272711463092
SPATA24	-0.2997812975131584	0.009014723066762736
NFIX	0.24582808530638545	0.009014753114100087
CSNK2A2	0.20372871438471662	0.009016504694986023
PVRL3-AS1	-0.45016040275751923	0.0090198749062713
PTTG1	-0.27472533915851916	0.009021567378636521
BRWD1-IT2	-0.32415713068045093	0.00903016104103407
ARHGAP26	0.280835952831449	0.00903455803376008
LINC00997	0.22574591703258307	0.009040334587814917
CCKBR	-0.4821393472036348	0.00904626470713899
B3GALT4	-0.18774856343734214	0.00905638526836198
LRRC42	-0.17492983522117633	0.009056407499908199
MRO	-0.4730602820382197	0.009062530154077389
TAF1B	0.2560390173239382	0.009080769728773233
INSIG2	0.21854530941228312	0.009089791910213108
ZBTB8OS	-0.14022142420739847	0.009091538538060653
LYPD1	0.48395567589536626	0.009092302113688435
B3GNTL1	-0.17564160403508478	0.009094988855298618
TGFA	0.4790399322337109	0.00909507462994184
TMEM55B	-0.1199738184204282	0.009110006189073209
RB1	0.16726442288157095	0.009110545352234515
MPC2	-0.17441577496866678	0.009113323550071748
KCNQ3	0.5636234212969935	0.009113781666696562
CASP4	0.28071335925250374	0.009114510470665681
B4GALT5	0.27026938531327716	0.009124691564794377
FBXW4	-0.17863487005137912	0.009125180097584874
POLD3	0.21839534525250848	0.009136299688295246
CDO1	-0.5641652214542603	0.009140728265371127
FAM84B	0.15890458632205728	0.009153372033971494
MSANTD4	-0.19442339527506292	0.009154522386722385
COL4A4	0.4768551666961143	0.009157690482575843
PCGF6	0.24765032720364122	0.00916786055766217
KCTD1	0.18576751850438278	0.009171604476509873
AGRN	0.23105628544486478	0.009183555120593698
LIN37	-0.17168672657017758	0.009184057982785055
PPP1R21	-0.21234612486027515	0.00920902105178805
PHKA2	-0.22077646086278513	0.009212060021157943
LBP	0.673301196033206	0.00921714796875382
MYB	0.43947060273747063	0.009218706921490617
UBR3	-0.14032620059523992	0.009221615356034486
YIF1A	-0.17799541480889758	0.00923239133395924
PKNOX1	-0.17602152319235032	0.009232568700400371
SYT14	-0.5068147542844628	0.009236011444739527
SORD	0.2037014984022587	0.009238065791307027
ST8SIA3	-0.6026524530238113	0.009253249174991526
NHSL1	0.18553534734398802	0.00927630780449285
FRAT2	0.25988362362719464	0.00928121688395938
ANKRD36C	0.7419249746842098	0.009283568855578423
ZKSCAN2	-0.14688647280952338	0.009291637942912717
BIK	0.3124123035469921	0.009316007016037227
DYRK4	-0.15213676233458884	0.0093177801029039
CHTF8	0.09804659389098092	0.009319016444852517
CACHD1	0.17895308130075094	0.009322413577815629
CNRIP1	-0.5125449086441058	0.009336019955667168
MTA3	0.1699988820914804	0.00934080805156611
ARMCX6	-0.07711477258145294	0.009352728596605908
SPSB4	0.3292056504342096	0.009361875914752746
MN1	0.3608616500833337	0.009366846570187385
CDKL1	-0.2736194000551384	0.009373406087893424
MGEA5	0.1184095044611535	0.009380622808268946
DISP2	-0.4843972007631576	0.009394774592036371
CD3D	0.33970995528446224	0.009404554339349122
PSD	-0.4232471199260619	0.009405447152362445
PSME4	0.14342684948621454	0.009409394045676625
STARD10	-0.2754716964085233	0.009415925674235272
PRPS1	-0.2111698204830823	0.009427085787324053
MRPL30	-0.13479961383083072	0.009434203846637129
ISOC2	-0.18834740244047765	0.009436360500525143
SNTB1	0.34664864628508774	0.009436766845848408
PCNT	-0.24445986530012398	0.009439780776654064
WDR54	-0.41670317238659216	0.009467052424924002
FLNA	0.3462725355288203	0.0094793063632017
RGS11	-0.3823066298189213	0.009496365355392595
HNF1B	0.27612630466165555	0.009505467649252825
WDFY3-AS2	-0.42400677137029863	0.009506972343127508
ZFP69	0.29384278919861995	0.009509332378509821
SYNE2	0.2551762439085259	0.009517433457119608
SPPL2A	0.12212389258771594	0.009526947105692614
BRD7	-0.11416207833960357	0.00954647119407548
KIAA1407	-0.2834292896603996	0.009547787626384611
ADIPOR1	0.1456955310043888	0.009554063591820986
NTAN1	0.17744734543107654	0.009571184395267161
UBXN2B	0.1332862236384713	0.009575416331602513
CRYAB	0.6200253547274475	0.009580649233754183
ARHGEF10	0.26380934511027476	0.0095878952127154
ATP5E	-0.09982819124060072	0.009593165372620893
ZNF503	0.14975731587719388	0.009596527606636504
ZNF22	0.16263723635964666	0.009611726949078702
SGSM3	-0.17472766473621526	0.009623933174126437
TNFAIP3	0.28433542928570965	0.00963564564088349
CCNG2	0.1946577418546429	0.009646182884229937
HINT2	-0.20239794969610614	0.009646879537149785
BTG1	0.09503512518797486	0.009651656295562782
CRTC2	0.1478373390739378	0.009653641227615955
PPP2R5E	0.09737000377819172	0.00965480368209744
MAPK8IP3	-0.20345420475876974	0.009654810891438732
ARNT	0.20054300623747068	0.009664015247650823
RP11-79P5.9	-0.328767544426694	0.009724946276160589
TNFSF9	0.34397385941102687	0.009729650938156134
APEH	-0.15715151594799792	0.009763486780925071
ABCA2	-0.4805995423991254	0.0097656795114821
TGIF2	0.39645727154072574	0.009808621261034574
PCBP2	0.16912299888471516	0.009826476343196723
SIRT2	-0.1342689190939863	0.009827161792995403
TRIM14	-0.14942650397807	0.00984890682129969
ZNF518B	-0.23807994718984737	0.009849441850053766
ANKS6	0.2128064835275687	0.00987120281410197
GLIS2	-0.20207202474310826	0.009894537448262195
RAB36	-0.3081114473427373	0.00991877545957633
RELL2	-0.21148083373621773	0.009919546057734348
FKBP9	0.23608364961152617	0.009962628286731747
RIPK3	0.33468814174373307	0.009966525693975988
CD2AP	0.1276760605764462	0.009989019722463296
TAF12	0.20167465644924576	0.009989349802442043
CHMP1B	0.21166192387030058	0.00999027022542231
STAG2	0.11553682108396046	0.010010736085855778
HNRNPH1	0.07875519173559198	0.010061221056142248
CMTR1	-0.11013181837469155	0.010065446802584647
COQ9	-0.16862794764975497	0.010070155618796385
CIITA	0.6445524961860887	0.010079536697804554
CBLB	0.16828024762468807	0.010082808748840922
FPGS	0.150238914819548	0.010093607803550354
MAP1LC3B	0.12117162089598033	0.010097926994524376
TCEA2	-0.20588318327569421	0.010099409124896772
KIAA0753	0.1485195440977396	0.010109720953278388
ST3GAL3	-0.22542488589285803	0.010120221534427348
SPTSSB	-0.5661928058527561	0.010135021851642646
PFKFB4	-0.3403770751303252	0.010135771492392816
SMCHD1	0.14929845834148026	0.010141608607692826
KIAA0040	0.24327030217543566	0.010157613640136063
TAF4B	0.34582179424812054	0.010177356350267666
SNAP91	-0.5354675172700478	0.01019036126286024
DIRAS3	-0.3238896082199272	0.010202428938946913
KIAA1279	-0.18332588097117863	0.010207623650893788
SMS	0.16285943343358333	0.01023129725283319
EXOC8	-0.17425086670551693	0.010232974127427654
CAP1	0.0781545261967409	0.010278445305861528
FGGY	-0.2232094256854662	0.010279978690473118
NPIPB15	0.6272428527437324	0.01029616293595064
SLIRP	-0.14830591399122994	0.010318557468847455
C11orf84	-0.1849287771585182	0.010323341127929441
RALGAPA1	-0.12601502142857157	0.010324149883675995
USP25	0.1227180606397269	0.010330591789748631
NAA30	-0.1288907315162895	0.010359362206121948
MOB3A	0.17895873451628574	0.010362110614770584
CTXN1	0.23340561143546257	0.010372465783648845
LGR4	0.23350319218984872	0.010380981748425736
C12orf66	-0.2252772193922361	0.010383675904399984
NF2	0.19629086437969967	0.0103843500741426
BTBD3	-0.16738567482080136	0.01039476470226881
HTR1F	-0.3742049363114024	0.01042227237854156
PPP6R1	-0.18243896648370495	0.010427208077621231
LAMTOR4	-0.1897440700501214	0.010435440395193807
OSBPL7	-0.2561722507349602	0.01045543461274399
ZNF75A	-0.11474750089160501	0.010467076073690218
FAM228B	-0.4083450612167896	0.010467924755675916
HGD	-0.3262485010451126	0.010471888914674937
FAM132B	-0.6701949098314541	0.01047841130883829
GUCY1B3	-0.2988072770307042	0.010481127795675796
PIEZO1	0.3725400152192977	0.010497936061627659
RP11-365H22.2	-0.39726417899999866	0.010501330160787274
MAGI2	-0.37902762481578733	0.010510847878535384
NUDT22	-0.1528529156835905	0.010511855721500377
LIMK1	0.1720086957493745	0.010514480393832024
TMEM208	-0.15655154907831914	0.010531984913408912
ADPGK	0.16847862061653807	0.010543971143953505
MON2	-0.13710633801879624	0.010557275788842116
C1orf204	-0.36573179733646466	0.010565874952635545
SNX24	0.1294347369398441	0.010598197363009097
FAT1	0.10777737772556151	0.010603183409911232
IL1R2	-0.5531008434423592	0.010615119078537188
PRDM4	-0.114141261052632	0.010625688650531841
NMT2	0.2829780674467379	0.010648896437645008
SCAI	-0.1997302060388435	0.01065268227591784
LOC100506098	-0.3443628410300743	0.010653300870395442
CDC42EP2	0.2532493074981197	0.01066230023000634
AIP	-0.16029981025000062	0.010668467353695992
C6orf226	-0.19479004134147715	0.010672705563651118
EMC10	-0.26363363800940043	0.010685706223894368
TMEM51	0.1751206552086444	0.01071832625898565
TRANK1	0.261770196379703	0.010722003215746366
CRTAC1	-0.3924631677468682	0.010722213138700818
LOC100996760	0.4603888649160357	0.010723850579951287
RYBP	-0.08942944461153246	0.010724742917230315
SCML1	0.2088739771390955	0.010728591880852918
SCFD2	-0.22689681118796834	0.010749577405090407
PTPRU	-0.2547145449154149	0.010756083763460425
PHC1	0.12922981765037633	0.010760652888783515
PAX6	-0.4846113286572713	0.010762526720925033
ZSCAN29	0.1481463844053863	0.010763774215846884
ZNF639	-0.12719112665163124	0.010765297999057346
KMT2C	0.06820759887217598	0.010771796025192815
MAP6	-0.5419878907932354	0.010786946272320035
XK	0.24842353011904983	0.0107939853823615
RBMX2	0.1043232730570196	0.010820850077062733
COG4	-0.19165422503069784	0.01083188905873618
LRRC2	-0.4414631845244372	0.010833859321394716
SEC63	0.11803049710526459	0.010833979587944383
INPP5F	-0.4448487353809494	0.010838338742931775
ZSWIM5	-0.30835712810526683	0.0108472634777031
MYH10	-0.34374231605639594	0.010858189828574496
JPX	-0.3210519027832106	0.01089598532825647
AGAP1	0.1592324299166652	0.010896640212485115
GAS2L1	0.2079413170538853	0.010902544641929916
ZYX	0.3134833990325845	0.010906312615933608
LSM8	0.1480890780764419	0.010919489711178813
ASB9	-0.6035797471553863	0.01093854522082695
MS4A8	-0.5303624104931055	0.010947608567925543
TMEM194B	0.19196078334461575	0.010952638066886367
ANP32E	-0.13086952189222956	0.01095764666574063
FAM129A	0.3242221477186753	0.010982872552533633
DNAH12	-0.46037388438909765	0.010985786257666889
TMPRSS6	-0.502238625305762	0.01100117962701409
POLR2L	-0.17960817413533903	0.011019554901837437
METRNL	0.2406228106184205	0.011020963543480991
PPOX	-0.1697696520557681	0.011039374459797474
ADAMTSL2	-0.3083210774918541	0.011041935422130583
NDN	-0.24905951348997668	0.011044922952893922
ZNF821	-0.14727299354386325	0.0110544685316032
CPEB3	-0.28490372414911924	0.011061041954442578
SGCE	-0.24332180041353269	0.011084135767875942
IARS	-0.14301223344611813	0.011087871005657045
IL15RA	0.27418553872806406	0.01109321523379892
BEND6	-0.6794647819768187	0.01109592453416742
CHCHD4	-0.12421872315851878	0.011101363358868042
GPM6A	-0.7999290006867188	0.011102570797767877
ARL9	-0.24285698619674445	0.011116410584783527
CD72	-0.4986731970426046	0.011121846263865058
FERMT1	0.4415597860444862	0.01112417140138541
PHF21B	-0.6368224937581486	0.0111397265841461
CTSE	0.45368014747054985	0.011149299672939726
WDR53	-0.14321723162594324	0.011161740815925674
PIK3CD	0.21996893313596644	0.011179628883814121
DZIP3	-0.51424931240226	0.011215858573938628
TXNL4A	-0.11912977327004803	0.011227005419541839
DOCK7	0.17301326032205822	0.011248262517271125
TMEM159	0.31905018974686694	0.011260583562964721
APLF	0.28894220644361024	0.011269615771653517
IL1B	0.6678709112969976	0.011272593304692505
TMEM259	-0.13772696068107848	0.011276024547792066
KAT2A	-0.17682819033646346	0.011278066911793469
APLP2	0.13054321770676403	0.01128827394884586
UNC119B	-0.12716687539035298	0.011323503266427325
TTC7A	0.25072418834461274	0.01133836983770608
CCDC43	0.17602236919987213	0.011353440261731908
SLIT1	-0.607608741842105	0.011363770552081248
DCDC2	0.26296120769423403	0.0113655901592281
ACSS3	0.4292534227286975	0.011365961426941497
API5	-0.046187564022556415	0.011391939454188722
FRZB	-0.5759740680012531	0.011395934227003713
TRAF7	0.13685856988032796	0.011412306992782926
PSMD8	-0.12488704259399164	0.011417862128276904
CLDND1	0.16318331557017451	0.011422156373775803
FAM24B	0.30026759427317806	0.011435334037312119
GPR160	0.4006398323997491	0.011450607158292903
PRKRIR	0.1481853747756876	0.011457357368304536
GNG5	0.11837314399749488	0.011458061725371076
INTS7	-0.1986695151904776	0.011461241478405406
DNAJB2	-0.07984324190100267	0.0114644911317881
TTC25	-0.24925062878133275	0.011465387700048825
BBS5	-0.3658322157700491	0.011477888472001135
RP4-781L3.1	0.24918261648496554	0.01147941425501569
ERI2	0.10673451767042685	0.011509514413490506
COMMD1	-0.1860654584837178	0.01152160456899639
MED31	-0.16925585936465914	0.011537192484082952
PPP1R3F	-0.3209879885996223	0.01153947273220603
MYC	0.4522411343020032	0.011548219506292732
DCLRE1A	-0.1468862585889683	0.011549545801798193
TUSC1	0.10525284764410969	0.011564034101107372
SARM1	-0.19243769636403485	0.011564053858430071
TMEM196	-0.6078596651259431	0.01156755991121535
EGLN3	0.6143103789536353	0.011587383957869811
TCEAL2	-0.5809882275144158	0.01159879034779271
ARAP1	-0.2524258252218061	0.011610225501843922
NT5DC2	-0.22448622803133134	0.011630676368891042
GIPC2	0.4378555384799494	0.0116495983534909
PAPSS2	-0.2687012001879694	0.011650576504329949
KDF1	-0.19511765471052467	0.011670086152626236
KIF1B	0.0989643671491276	0.01167032886809719
UBA1	-0.1230646097994974	0.011678346122395565
MPC1	-0.12913382052004785	0.011690600065224672
GPR155	0.21801186974436337	0.011695047465224557
ZNF787	0.2013418029711822	0.011705913662463902
COX18	0.12957694788972773	0.011734723586995517
PTPRN2	-0.44339895757331327	0.01174636104186341
IDH1	0.1687722288659117	0.011746897090365308
LYPLA1	0.12671760696115797	0.011756302716639019
ZNF594	-0.3032359860676692	0.011787223883941676
ERN1	0.17060756437343017	0.011804943073412363
ANKLE2	0.17674174967919853	0.011818272097798206
ZNF112	-0.22818847273684373	0.011838091269430664
HPCAL1	0.22833174275188028	0.011840775742172736
DVL3	0.12991574582957277	0.011842617620743161
CES4A	-0.48782065593922397	0.011844436591314187
LYG1	-0.23658981664849588	0.011860152644282286
DLG3	0.23651479338972514	0.011862791148797043
PGPEP1	0.23076507333145457	0.011862815105555645
ZNF304	-0.17220448696929846	0.01187269221334315
ATF7IP2	0.25086626346052654	0.01188179139706507
RITA1	-0.21166995290413126	0.011881797900590973
DCAF12	0.08036943775689309	0.011886483156219423
RCOR3	-0.18948528625313266	0.011909747050927842
DOHH	-0.17271842639098445	0.011914696252935501
TBC1D16	0.33783944713596625	0.011917948598408114
LOC729970	0.21325250330137635	0.011923917669048852
PHF1	-0.11986981109147798	0.011934205837629674
ERAP1	0.3627360821829573	0.01193589076427391
PPP1CC	0.10267591297619028	0.01194335836710395
SUPT6H	-0.16249578935150488	0.011945433594418527
ABHD10	-0.2150753984461229	0.011945889723406367
MZF1	-0.24138078488533488	0.011947833265816629
SHISA2	0.49232097323997515	0.011974586461691581
BAALC	0.28720423041917265	0.011984485374461572
USP13	-0.26282523607330965	0.011985435728856563
IRF5	0.5284515531177929	0.011986841932764208
SMAP2	-0.12360372748182868	0.011992415679913434
CTC-459F4.3	-0.316698027429827	0.011994144747157239
CAPZA1	0.09337391975563847	0.012006529601936844
ZPLD1	0.5787912516741827	0.012012935690149176
FUCA1	-0.24309241093358125	0.012014665301985417
C21orf88	0.17278860599561519	0.01202844849072113
PPA2	-0.09880694787593569	0.012070044816253808
UBLCP1	0.14612913897870072	0.012078648435799103
ANKRD13C	0.13861727214223585	0.012086126997743068
NCAPG2	0.1757734078145372	0.01209796183495104
SEC62	0.05536294972430689	0.012108058179469843
LDLRAD3	0.24483365913533284	0.012119337395267592
PLEKHA2	0.1559677746710566	0.012136571903433414
CTA-292E10.6	-0.47503326210338326	0.012163338736736992
ALG13	-0.21639023859962236	0.01217534945431632
F2RL1	0.23711462739286304	0.012175944189781782
WASF2	0.1147504087719291	0.012179209567353466
SLC35D2	0.14536816772556627	0.012179628075534197
MLF1	-0.23345098894360916	0.012181457804560541
CBL	0.24385572426691837	0.012193876405778573
ZNF382	-0.2525270319473645	0.01219554111608237
CNPY2	-0.1769354997932293	0.01220723172905885
FBLL1	-0.36232569364912237	0.012208025149789463
BEST3	-0.6569507229041358	0.012210388936194283
CARS2	-0.16344165982581593	0.012224023608032377
NDUFA10	-0.12660378769987624	0.012239126701579098
ZNF33B	0.3476706526967419	0.012256507472231766
ACAA2	-0.1444843997619003	0.012304972664702483
COPRS	-0.1472952274104049	0.01231379744955029
NANS	-0.13279827133459143	0.012330471763509885
MTFR1	0.15156138856766788	0.012331091399420341
PEPD	-0.17206890380763973	0.012334958040089565
AK130486	-0.18638041066290523	0.0123614289154634
CCDC181	-0.3380676943452361	0.012398832261063628
ROBO2	-0.6697659007192946	0.012409983569086172
GPR39	0.4842129769028798	0.012410107065641642
GXYLT2	0.37916723054072854	0.012410984015659581
TSR2	-0.13734110093984597	0.012411896165675848
CAMK2N2	-0.2507212759154118	0.012415627262229322
UQCRB	-0.07017168835213461	0.012428832944904704
EFNB2	0.34395399652505887	0.012430201589867521
SGK1	0.18943679123433732	0.012434610366860064
CCDC12	-0.1344584498389665	0.012441270368534912
ABTB2	0.3543398194248102	0.012446138844212723
SALL2	-0.4475995703571414	0.012448883707014247
BCORL1	0.17074018178257955	0.012481065755150613
SPEF2	0.20608267268922376	0.012491845758796619
FAM169A	-0.25663576348871686	0.012495080626345478
DMD	0.24163016391603875	0.012497714662165302
SNORA72	0.2872696108746897	0.012516360224805864
TFPI	0.2795822496854612	0.012523711918319627
C5orf63	-0.21401565757644736	0.012526482523788888
MICU1	-0.13545115411027453	0.012527493498037123
MIEN1	-0.14725024361904815	0.012571010977425967
SCN1B	-0.45859867854260816	0.012579004230817979
CFL1	0.04986224771929848	0.01261632903414715
SERGEF	-0.16647811452819639	0.012632344895980975
SRRM3	-0.10652242120300848	0.012638392143205616
CCNI	0.050799875814540485	0.012643549680055429
CNOT8	0.14044986024499195	0.012657948857291268
COX7B	-0.08431950157894974	0.012695460253109463
ANTXR2	0.2945598241591494	0.012727641173272837
OGFOD3	-0.2308845622800746	0.012733712676764318
HECTD3	0.15993643784836564	0.012734765599813937
CHRM3	0.34620658826441364	0.012735763728058987
CHGB	-0.4570360255263157	0.012757921871386392
KLF4	0.3522783565501264	0.012776240639840801
TEF	-0.267176678376563	0.012788211172483185
ZBTB47	0.14607631588533998	0.01279321618780615
LPAR2	0.27915813965601544	0.012840113925391439
FAM171B	-0.43807111796303033	0.012873381506215606
DOPEY1	-0.08981597560149801	0.012875820272968295
KRT80	0.42514448143483996	0.012890705953116683
MPL	-0.49798685467481185	0.012909377579491193
RP11-443B7.1	-0.30844181438408214	0.012916554502172809
HADHB	-0.08691109907894656	0.012932794931998339
CAB39L	-0.27327916260463603	0.012944432536811313
UPF2	0.12237156170676577	0.01296729929351695
EDIL3	-0.4986743810588976	0.012972328078812543
ATF7	0.12196821025501059	0.01297927449455608
ALDH1A1	-0.12233461045112648	0.01298185323632034
TMEM254	0.1959757227976171	0.012992169367510336
SCIN	-0.14977396391228304	0.012996225296785659
ALG10	0.3351716566591474	0.013002107323496
GULP1	0.24236452869047298	0.013003892282372916
FAM53B	-0.14296851162782076	0.013019293857262615
SRXN1	-0.21213895117167958	0.013020294502488709
NEBL-AS1	-0.32646622297556416	0.013039733151292867
NIP7	0.23636231439411226	0.013053957019577912
NUP160	0.1592818931328317	0.013068070323829005
NAMPT	0.2089015105263119	0.013077399959010142
TJP2	0.20638703023809235	0.013077568774863463
RGS22	-0.5434337421497499	0.013081835973387078
RAP1A	0.14526860653759677	0.013087750682180753
RARA-AS1	0.23322172259022533	0.01312401685355362
CXorf57	-0.471980103919174	0.013130895401038638
DBI	-0.11603956146616845	0.01316134457615984
SOWAHA	-0.30804757372556857	0.01317876317049546
NAP1L3	-0.5953887839686711	0.013209242477276676
MTHFD2	0.28028688300125815	0.013218014932040415
SOX12	-0.3189797674392221	0.013218761292930498
LOC100288152	-0.3079629371140342	0.01322199753075174
ABCD3	-0.08832936425439009	0.013224985298437261
DLG2	-0.5718007244724337	0.013234623892348635
ELF3	0.15798300410400756	0.01324225588400072
DUSP11	0.13671796965977734	0.013261706008738881
RNF157	-0.29014326067543283	0.013265187826364664
SIAH1	0.17462010109649206	0.013271916853118747
SLC35A1	-0.13517601244674182	0.013277788175995868
CD58	0.23897995122493576	0.013283361086254577
RGS7	-0.6382978240344617	0.013285793624855635
ATP5F1	-0.09099987718044922	0.01329701375323047
AQP3	-0.19135298396616562	0.013307268821306874
C3orf52	0.38250261001128116	0.013312286021252732
ACP2	-0.14707976073183282	0.013316271007249305
PARD6G	0.32184773143295775	0.013329448604535115
HIPK1	0.07925921040726536	0.013333601701273677
KRBOX4	-0.12074393837531794	0.01334773464019751
CLK3	-0.18177720648558982	0.01335902231609468
MEG3	-0.5411931007130288	0.013390565799917875
ACSS1	0.2634007298822105	0.013408406140675455
L3MBTL1	-0.4270736297330826	0.013410172746664091
MYO1B	0.14798611754386037	0.013423151513761165
ZNF579	-0.1714413320388477	0.013441349708913865
GMIP	0.21602488177944945	0.013441406916316286
ZNF446	-0.11172195840538901	0.013447921253768634
TFEB	-0.3250709237142866	0.013461673250804768
TRAK2	0.1153227080263104	0.01346390039786358
MAML3	-0.21860414388847538	0.013465828576472402
NATD1	0.365226541945491	0.013485400853896155
C12orf29	-0.13925140232895394	0.013488256506413868
FLJ42627	-0.13417036770050217	0.013511274189128545
KIAA1191	0.12372367950500873	0.013513049712898002
STRIP1	-0.12067059378821732	0.0135254880519942
PNPLA4	-0.20940262932832177	0.013541614316087466
BBS4	-0.16039380152381177	0.013544919741399682
SGSH	0.21698477724999776	0.01355560046090447
AP4M1	0.21857855573684404	0.01357381037561846
TNFAIP1	0.21039899169799448	0.013587105574408469
IFT46	-0.17289980096115265	0.013601429029556246
CSF1	0.33894027320238074	0.013632806827617347
SLC35G2	-0.19567568596053064	0.013673730442031098
LRP3	-0.113047022433582	0.013693483937879173
NUFIP2	0.130681811629076	0.013701606202702284
EP300-AS1	-0.44941423712092643	0.013734972004035671
MRPS9	-0.16049822739975284	0.013740689443927964
HNRNPA1	0.1828984322681695	0.013744082522640214
VILL	-0.2835282062994997	0.013757891725507626
PHF20	-0.1111943596697973	0.013768080243902808
GNAO1	-0.5162504898051363	0.013769180306768884
CDC25B	-0.1976690051516261	0.013772685381883634
MUC3B	0.37495355588972323	0.013777930868178965
SSU72	-0.06085622411027458	0.013784283307272596
GPSM1	-0.414696421997494	0.01378775575336719
MYZAP	0.382881511103383	0.013792491277176444
FDFT1	0.07352375397243271	0.013794276175793135
HCCS	0.15116537289661736	0.013801572455570286
CCDC53	-0.22083417297368335	0.0138070996782314
NEUROD1	-0.5167429929761944	0.01381423167642452
RCC1	0.28313334537594237	0.013818494804799622
ATP11A-AS1	-0.1277248975438594	0.013825922480587881
NR2F1	0.35119336868609086	0.013828832695508332
CDC42	0.06319233509398536	0.013838672799226449
PRPF3	-0.13688548237092668	0.013841652637459375
DYM	0.18985359038220295	0.013844892192063658
GNA12	-0.174622775464913	0.013873305318623644
LINC00342	0.48535473921177896	0.013878711278777071
BRAF	0.1660674477813302	0.013890581850315954
MR1	-0.30087788683145344	0.013914962280573696
FAM134C	0.12185891359649226	0.013952239222944453
FAM216A	-0.20146399854573982	0.013952958214722002
SLCO5A1	-0.3153912293496237	0.013955406718425944
SHPRH	0.17964158409147934	0.01395617539327772
AP000525.9	0.4405495367650385	0.01396373874606761
SP3	0.06655763450501873	0.01397155892153814
ERLEC1	-0.1212655400939795	0.013987812642319464
RP11-395I6.3	-0.3841140665000031	0.013988057400790893
TNFRSF1A	0.10936583433584168	0.013989946162709455
GTF3C1	-0.17044635157268218	0.01399506382666719
TMEM191A	-0.12355317531453647	0.01402550960719622
AMER3	-0.4976330204943613	0.014033003712790017
FSTL1	0.22602558709774279	0.014044705766070479
RP11-121C2.2	0.1876922984047571	0.014070890969802522
TMEM39B	-0.12334165736716596	0.014080508060478846
TUSC3	-0.26585147659649344	0.01408138234840402
C17orf100	-0.25208671970614205	0.0140818993433931
DRG1	-0.1318476787813232	0.014082220026407794
SH3BP5-AS1	-0.3436527564160432	0.014092047759160715
CARHSP1	0.28934638092543885	0.014095550355709495
TUBA4A	-0.18593089644736693	0.014102353559292752
CHMP7	0.10698258204949873	0.014103124147197707
LHFPL4	-0.44218623894799425	0.014105235658448753
RP11-127B20.2	-0.3374266779906012	0.014122007125133375
LOC101928963	-0.2518062001033865	0.014124386682763036
TIMM17B	-0.1597646714899712	0.014126256120462592
AGMAT	-0.41487414739348427	0.014129702887611418
UROD	-0.1173477938283245	0.0141468146090876
FLJ31356	0.7480224211428572	0.014155214322048084
DENND6B	-0.14255793714724518	0.014159775386741824
CCL4	0.36309141076942275	0.014175295371305779
PAN3	0.1194628364724295	0.014183926896968164
TBC1D2B	0.1497056168195492	0.014207856626132514
PGRMC1	-0.08099083216165326	0.014216136378825116
HERPUD1	-0.09173396961779723	0.014235961127880536
CALU	0.13493874414161056	0.014245061317287293
PREP	0.13817323566040152	0.014247957809378932
KIAA0922	0.2745689203251871	0.014253085460922311
SLC24A1	0.18879056445677023	0.014265534206095807
MIB1	0.12043251812656486	0.014277292546090711
DIAPH3	0.5026461551741859	0.014284028292131391
CA11	-0.3510061978270693	0.014319292948429622
PPP1R26-AS1	-0.27668690888909797	0.014354250829674361
LAGE3	-0.1675903159711769	0.014359317459401551
SLC5A3	0.20355003464348442	0.01435961658058392
ST6GALNAC2	0.41200129854886747	0.014377089413606785
TNPO1	0.0900969196240613	0.01439154756032983
RP11-503C24.6	-0.6274079956898504	0.01439499653201462
MYT1	-0.6237245188928568	0.014414458008507604
ZNF573	-0.2647698462368471	0.014416626793002927
FLRT3	0.2564353617976174	0.014435672520358924
COL22A1	0.4719934658339593	0.014469245502087578
SERPINI1	-0.29193624018170894	0.014476260565475388
PAFAH2	0.1513847478840855	0.01448382230319278
LINC01138	-0.1673695166879714	0.014496357231240145
ACMSD	-0.788315747399122	0.014498829769829335
CELF3	-0.5626767003458646	0.014503357014893303
AGAP3	-0.12409593243733852	0.014508335445408437
KCNA5	-0.6082056741754354	0.014510779219506206
VAMP4	-0.19747438128257855	0.01451674607933685
TSPYL5	-0.26838386728696406	0.014529730946043158
CUTA	-0.1562644956265693	0.014563267056819033
FGD4	-0.16614421882330888	0.014563629258732985
CLDN14	0.2368575955169172	0.014565381625659976
C19orf18	-0.3044314756422297	0.014571704627591386
ALDH3A2	0.25121260729949846	0.01458400232360781
PRSS22	0.1644478005451111	0.01458938123266655
ACO1	0.18643382974624068	0.014589419247966588
SIX5	0.288467998684208	0.014602673771062608
MAGEE1	-0.2321985591942326	0.01463709796597855
TACC1	0.11544701178571515	0.014648895599890773
SNX9	0.13875505615287942	0.014662067830115963
ZNF385D	-0.3900774484423577	0.014679329071304162
RPRD2	0.17905016151566677	0.014681381036282009
MANF	-0.12839972595864424	0.01469326705763731
C15orf48	0.3300161985839605	0.014708268522139103
AGTPBP1	-0.15711365115664044	0.014714393384411526
AGFG1	0.12688502522556533	0.014715910610316222
CYP2C8	-0.3768148839135357	0.014730917562455545
IGKC	0.46159425865288384	0.014737130827932996
ACTRT3	-0.26161728329386236	0.014748984610616522
LOC101929759	-0.4421987646221792	0.014754593642259166
RNF115	0.1534707799185444	0.014779776119748452
ATP5C1	-0.07259761978696844	0.014787703636257641
PPM1L	-0.26975314461341426	0.01479740240713926
BCL2L12	0.20972390499874471	0.01484880213606772
DUOX2	0.39768668297369025	0.014863588984891969
MAP7D2	-0.5528541005695473	0.014876948120637426
CXXC5	-0.13158481843984582	0.01489022196646734
IFT27	-0.17789978025626496	0.014900677201694275
ZFYVE9	-0.142777347642852	0.014901218705967913
TMEM246	-0.20875746184335675	0.014901942354459099
SGK494	0.23006841802631328	0.014912207282867067
CACNA2D1	-0.5453122677869668	0.014926591211822604
QPCT	-0.40424519073308396	0.014929496587487122
CRH	-0.876820512986848	0.014944235167990264
TBC1D9	0.18406433444235404	0.014967201564672005
PCDH17	-0.41707378820300534	0.014979917155449033
NDUFB6	-0.10487122839975349	0.01498373498518608
OXSM	-0.14434097752005393	0.014995160637639742
EXT1	0.2163347308358432	0.01499724909415725
PPP1R11	0.14467338260902096	0.01500061785310138
ARHGAP23	0.24704379303696555	0.015007690843099643
LOC283588	0.2590428640977436	0.015044277896032918
C2CD3	-0.19126946483146057	0.01505378860409971
NLGN1	-0.48798549471741737	0.015081992440148748
ZNF781	-0.40380127361403506	0.015083624495169385
MYH14	-0.2968661220695523	0.01511797820981422
DLG4	-0.4048614939780695	0.015124679060856015
F3	0.21249763251252674	0.01512479338932772
C11orf1	-0.18326752143546443	0.01512675238521085
OVGP1	-0.28991755761153204	0.015146060712252694
DCUN1D5	0.19566013832769436	0.015163228900389139
PRR3	0.19505118852255254	0.015180054551232681
GADD45B	0.22821268501567005	0.015189416576251648
ABRACL	0.14810353804510967	0.01519725240986917
AC007401.2	0.3049361556046346	0.015211959829404358
NPEPL1	-0.2529034847750644	0.015228088175465187
PGRMC2	-0.07849139333959343	0.015229366603374947
LOC101929112	-0.2639993436390906	0.015246940927556714
RPS6KA6	-0.3171019235363435	0.01526748348351165
SOX11	0.6659299299285699	0.015273599049066194
COX1	-0.07868996983082432	0.015279143851696205
BBS9	-0.2872693709937302	0.015314038393788284
RUNX1T1	-0.5039119553226783	0.015315280700461776
GPRC5C	-0.14205371886904672	0.015321783517588101
ZNF34	-0.22073739196115572	0.015330532195692553
GPC2	0.2865541274536332	0.01533620647844191
SUMO3	-0.08274439527568589	0.015352680691398023
NDFIP2	0.27461188178383544	0.015353243666824341
RP11-143K11.1	-0.5542125825332063	0.015361133616431858
LIN9	0.23197218299122735	0.01536582205621824
LDOC1	-0.24954926316228132	0.015401189886021975
RAD17	-0.09880772046365749	0.015415462486408219
PSME3	0.11437323285087508	0.015420160963224822
NAA38	-0.1972436303753149	0.015424059557002778
USP32P2	0.17265441244736834	0.015440790833671142
ANKRD27	0.12907618509836816	0.015445023369081688
IVNS1ABP	0.12104569181077629	0.015445989205204208
RAX2	0.10129797086654069	0.015456664689339912
TEAD1	0.1187695646484972	0.015463356782080908
CCDC108	-0.12286376344674377	0.015465928759820382
RP4-612B15.3	-0.26526141901441136	0.015476351287390288
NKAIN4	0.14128692046992342	0.015484200310591287
PDZD11	-0.10495263931452747	0.015484548830697244
PRUNE2	-0.5569366479780662	0.015488503896077078
UBE2S	-0.18515139153634586	0.015526751617076954
ESRP1	0.1170457937218039	0.015528581692680194
UNC80	-0.6677492045300752	0.015534989372427602
TMEM41B	0.07110088718044949	0.01558645513443739
ABAT	-0.2988264448314535	0.01560088196387504
TMEM38A	-0.22354985639661606	0.015616111342462238
RDH13	-0.22384827187092782	0.015616618288108884
FBXO3	0.21586926137782392	0.015630354858895662
TENM4	-0.5073613330175446	0.015638772850520666
SLC25A22	-0.1873727829718046	0.015649564858491265
RPAP3	-0.17274128006328304	0.015650236551126514
GBP2	0.389788549414785	0.015659315288302857
TTC8	-0.28595679500626403	0.01566871597114213
UBA52	0.051492442268168404	0.01567367227179483
ZNF511	-0.1413663358991215	0.015676261033380844
RP11-728F11.4	-0.42361270310902466	0.015716455730731202
SEMA7A	0.3155880298527558	0.015740857704093943
MTUS1	0.15220033333959826	0.015748464991142543
PIPOX	-0.6588487904436064	0.01575825076430132
HCN3	-0.32429654728320756	0.01576440337211187
FANCI	0.23230692440037615	0.015770464729213392
NUDT12	-0.18490166358897397	0.015789338942095228
METTL21B	0.3264341033446083	0.01580746839333584
ZNF274	-0.22040643184586628	0.015809017605940723
MAPKAPK2	0.1108814463283192	0.0158208558600314
TRIM22	0.4307098510388494	0.01585782381756693
PNMAL1	-0.6042317803001236	0.01590332755578132
PAPSS1	0.17112434386779363	0.015906788583668934
GLIS3	0.18333379518045234	0.015911969429922172
RNPEP	0.16448581412970142	0.015928341460060925
SLC35F4	-0.524882921164787	0.015972375305287948
ATP5G1	-0.1579573586090266	0.015981662922499914
STMN3	-0.4461109244542687	0.01605126342068139
DBR1	0.12174229796428548	0.016053063414127027
DGCR5	-0.5189508682525075	0.016060346331497815
OSCP1	-0.15400436881454027	0.016062746523435492
WSB2	0.0480543665413542	0.016066887378194793
DDX18	0.16575555872807257	0.016073140876973094
CACNA1C	-0.42303767345739374	0.016075129571997394
DPYD	0.2450924318345855	0.016077332356043753
ELMOD2	0.11394941306328121	0.016132543280462663
RHPN2	0.25659902205075014	0.016136214188313236
SLC12A5	-0.5288466763483699	0.016139045347898465
SNRNP40	0.23630676737343137	0.016149970073568706
CTTN	0.17000746995613802	0.016155438680485763
DGKH	0.15418690101190435	0.01619373775778298
DOCK10	-0.5035082365513794	0.016216472046484347
PPP1R26	0.10412868265664166	0.016279044055438292
ENSA	-0.09203330213659733	0.016286372725184683
RTN1	-0.51605088794674	0.01631643730656453
ZNF736	0.14367415340726808	0.016330613823718754
CTDSP1	0.17524032336466178	0.01633278122734101
LOC101929709	0.320585230541349	0.01636760527794682
NBPF1	0.10476962055764893	0.016369305305212724
ZKSCAN8	0.15929159380514157	0.016375215900886902
MAP2	-0.17870317193608543	0.016382259698821018
LOC100288570	0.249824698379701	0.01640646896281506
AP5M1	-0.13292034165538524	0.01643902526100949
MOB3B	0.3471874495369658	0.01648323629933069
GNAI3	0.09661827986841942	0.01651295398181842
TRIP6	0.28641766103258437	0.016584010151326368
LTB	0.5519336938577766	0.016584243427552808
SF3B5	-0.1587330064035104	0.016585331618816854
ELOVL6	-0.1900090477932288	0.016587332090629094
LIMCH1	-0.24629011226190833	0.016625599195769225
GOLGA1	-0.09878263675375543	0.01664640899482118
LRP11	-0.16596428609022063	0.016657907524614154
NCSTN	0.16144880302505804	0.01669793430851503
PODXL	0.1942421275250581	0.016710705685713034
RAB3D	0.25775019728258286	0.016711251158218112
SLC25A14	-0.13592076876566672	0.016716339850121314
OCLN	0.21376843978696414	0.016749975645828166
LTN1	0.1674577115313287	0.016758518756560994
BBS1	-0.1274706571309565	0.01679473805184352
PIK3C3	0.14099123660275303	0.016835108839989326
HLTF	-0.18030007776942725	0.016863457181024135
SNX33	0.23759244608897312	0.016865501144556736
KHSRP	0.1486982597681692	0.016867065496632454
TCF7L1	0.32219816673120505	0.016904840177225936
PSMD14	-0.10349907593985286	0.016912281988348713
N6AMT1	-0.2048024401791988	0.016914669165241796
ZNF836	-0.19007960468734275	0.016934053737124984
AP006216.10	-0.2248179231541343	0.016948861083685558
ACOT4	0.2914634500012552	0.016971226986287728
TVP23B	-0.12963134811403165	0.01697945906637693
SLC35F2	0.2717622433377205	0.016989628404525746
ETV2	-0.20575558409148176	0.017002755805838158
DYNLRB1	-0.07464686206140492	0.017020082909472593
AMPH	-0.6302401956165378	0.017034376114513188
RAPGEF6	0.20526176144172403	0.01704117021268914
PPP4C	0.21747214851754393	0.017045463242166443
MGC50722	-0.11192173265789496	0.017048173625551517
BACH2	0.29097461787719414	0.017058554608841127
ZNF24	-0.13258642532581	0.017066542747073858
CLN3	0.2050671646322053	0.01707811910298696
SDF2L1	-0.18597190287844612	0.01709075602291695
IFIT1	-0.48359744419548445	0.01710861991951556
PDLIM5	0.10155001456766755	0.017110452048064405
SLC25A29	-0.1618602844323318	0.017112166822151827
ITSN1	0.14713952756767057	0.017141242855853635
BRI3	0.14428405095237729	0.017165858918069366
C4BPA	0.7821386805895969	0.017171406272585683
PAQR4	0.23139821801065263	0.017208031091291896
UROS	-0.16894229982957398	0.017241194603313997
CXorf40B	-0.15903119535964905	0.01724257764253289
CDK17	0.17268275654009813	0.0172459451458663
FGF2	0.35687736710338314	0.017262869817203878
ZBTB20	0.13428830111528534	0.017264967513543436
ZNF432	-0.18939213171240787	0.01727559005941625
LARGE	0.22289284722430835	0.017286648259502935
CNST	-0.1386057836090231	0.017308902410116348
LRRC4	-0.3074956702481213	0.017358546093888382
ERMN	-0.5564549510350876	0.01737314788990918
BIRC2	0.13999022629072755	0.017381328084302716
TMEM136	0.19528045046303255	0.01739928522136947
LANCL1	0.09019199634962405	0.017432872306727513
LOC100506299	-0.30271461829197843	0.017451822487353885
ACSM3	0.49222733831390997	0.017460648617004314
VMP1	0.40080136828195023	0.017467521898328724
SAPCD2	-0.10833620028007473	0.017479176426028024
DAGLA	-0.13826051512656612	0.017488763516984532
PXN	0.16455391850438517	0.0174903219275659
HDAC5	-0.17388383541729624	0.01751016759532194
TMEM97	0.18539236226190248	0.017526484236501643
RGS17	-0.26777317642606135	0.017526842210403515
MINPP1	0.2314306573439886	0.017553723530473186
CAPSL	-0.45295368126816893	0.017577373575003875
CLSTN3	-0.2000352206942395	0.017582147381202458
SKIDA1	-0.3624180305432292	0.017624182103415872
TOP2B	0.07801054802005147	0.017624420375086155
DPP7	-0.24817860740476405	0.017627518400437324
RHOT1	-0.09898196205827148	0.017657290171289353
RP11-96D1.11	0.13014492732017402	0.01765743707902981
PKIA	-0.5811159327011293	0.017674910368383184
GRIP1	0.19386174784210475	0.017676216795301243
ITGB4	0.3046202248934815	0.017677496845254957
SERP1	0.20659369810400108	0.017680958017381253
MRPL28	-0.13639328518421046	0.01770055831064801
FAM135A	-0.18959507066416137	0.017711104130570216
ATPIF1	-0.18873880835338142	0.01774325100992889
ARIH2	-0.11026389398183589	0.017750788212839253
DUSP3	0.15780475978696806	0.017773067244629282
LINC01105	-0.5477463012380941	0.017830529788418467
HNRNPL	0.3343271171271951	0.017870149453205062
SH3RF2	0.41027633904135286	0.017870337910000252
UBP1	0.074074503790726	0.017881199397596467
PPM1A	0.11753688490601988	0.01788959865944176
EPHB6	0.27816844837029997	0.017902036019627043
HSD17B3	-0.26578054691854547	0.01792408014072945
MAP3K5	0.15969745518922274	0.017924864378751026
HMGN2P46	0.5352580979880974	0.017930808584250862
YWHAQ	-0.0406951379448639	0.017959731236719383
GPI	-0.18013377374686712	0.017970265839851538
NEK6	0.30164350876566814	0.018000046280315738
AOC4P	0.09444880621742158	0.0180253769646938
ABCA9	-0.3527225958395972	0.0180262362652135
RASSF8-AS1	-0.34985899832017875	0.01802943874277107
SCN2A	-0.7264076089116553	0.018102534031360595
CMTM8	-0.22642141556955053	0.018103198319909954
ARHGAP19	0.19332278377255996	0.01813286918341465
CDKN1C	-0.3809766939398571	0.018161645458590888
NUS1	0.15260441291354	0.018164947346950584
IL6R	-0.25614787114786886	0.018190696728720934
SRD5A1	-0.17506290686027626	0.01825268602698419
MFSD9	0.21335366046992377	0.01825321366622633
RFX5	0.09042195478069992	0.018261885814759352
SLC30A8	-0.48358502615288224	0.018269899502877232
BMP5	-0.584405473210527	0.01827366922539379
EMP1	0.2708631670363424	0.018281001937531214
RP11-61L19.3	0.29964891759210577	0.018286602642481
JDP2	0.20050897494548714	0.018296350551810104
ELMO1	-0.570966626984962	0.01829818892693848
RTN4RL1	-0.31602884369673934	0.018301493142340072
LOC100506302	-0.22824871089786658	0.018375931054626933
STARD7	0.052466182850880116	0.018392742191128193
CAPN8	-0.47190464528007325	0.018441967719578928
TMEM141	-0.2443786810413524	0.018445222133460264
ELMO2	-0.12367715280764457	0.018447567752193503
ARID5A	0.19438948433333358	0.018465953978317445
CLRN3	-0.6996885201040097	0.018469692970371
FADS3	0.21510258363534085	0.0185135725803469
ADCK4	-0.1401843764041324	0.018526267072481978
CXCL10	0.8241675540350881	0.018551660355966882
TWSG1	0.17086171567230402	0.018552950066476757
USP43	0.18102251544862114	0.018566511894289223
TBCEL	0.1586086538057625	0.018625806195499674
OS9	-0.08944219271929654	0.018637105958026822
DIAPH1	0.24362901459962139	0.018646312578841567
PLA2G4C	-0.40793513686340965	0.018662458941902577
SPC24	0.16988619011403383	0.018664297487180657
TRPT1	-0.21470806063283376	0.01867522273016323
PEAK1	0.1724462920219274	0.01869822823391043
CDC42BPB	0.15229048516854782	0.0187209776297461
REEP5	-0.09668852904761671	0.018757049209724017
PNPLA6	-0.16886754847117746	0.018758095824200204
ADCY5	0.2790466209868434	0.01877757420425956
TRIM47	0.34732435595175737	0.01878322592265756
ZIK1	-0.26536057446115535	0.018789943559573006
POLR3GL	-0.13931594220739107	0.01884769618119158
FAM46C	-0.304972666806389	0.018866234701364212
SLC18B1	0.17936654644674732	0.018868729329276152
CFTR	0.3136364153258153	0.018872038189676855
ALDOB	0.4081738246917297	0.01889402752452492
NCOA7	0.22453449322681784	0.018919737274813764
CPE	-0.20684540538220375	0.018923134233275817
STON2	-0.35523538528446075	0.018950869343892236
GDA	-0.3524179372055123	0.01895509496271878
HSPA6	-0.3762234682888481	0.018974475044661973
FAM195A	-0.13760059927944734	0.01898948406189058
KCNK17	-0.5443515155300762	0.019003821793558685
DICER1-AS1	-0.36671356472744776	0.019016210300284307
AKAP12	0.30841829543922294	0.01904593651177693
NGB	0.13771474283521457	0.019074332763486124
SOD1	-0.08953299602129938	0.01907798962729333
RIPK2	0.3040768201453652	0.019155412050235455
ESF1	0.16210233287906917	0.01915767798406988
ISL1	-0.4261233116353349	0.019165653079700612
C15orf52	0.27016016365350737	0.019176718037680823
SRF	0.1816054838020058	0.01917689990213334
C14orf169	0.08143874942356	0.0191780199671081
ELAVL4	-0.6363336172951168	0.01918533553546036
NCALD	-0.5013796203515035	0.01919431861860902
SLC30A6	0.129412066859647	0.01921729998910519
GATSL2	-0.19722615642544028	0.019217344922186297
LINC00515	-0.2786528954417289	0.019247917882025848
PLA2G16	-0.18351014666227883	0.019256181938604313
LOC100129361	-0.12787441662907106	0.019262875793450915
WDR20	0.13043394631328553	0.019332918496809313
HHLA3	-0.15142499568796985	0.019343933296395395
TMEM161B	0.17158604403445743	0.01934934657454902
DOCK9	0.15678864210902432	0.01936546567533688
MCF2L	-0.3008990255375945	0.019383529555348798
NCDN	-0.15843625300187636	0.01940905798125899
ZDHHC15	-0.20875964985651319	0.019409790035334305
FAM204A	0.0749673730827034	0.01942023088772142
GTF2A2	0.09881464517543925	0.019425230060204784
KCNQ1	0.4273456595664147	0.019438223026760605
MMAB	-0.1989465324198001	0.019457831544110356
TOPORS-AS1	-0.2797480032913544	0.01946777252759351
NOP58	-0.16636890807017224	0.019488978588624476
ATP2A2	0.0732976788157913	0.019524662329862916
UBA6	0.10778186494361108	0.019538024197714363
DEFB1	0.4237048543471218	0.019554941543561716
CREBL2	-0.15038625453634324	0.019578683273787006
PDK4	-0.33309962557017236	0.019582272361776818
LOC101929787	-0.22294278282330637	0.01958529521226862
PRKACB	-0.3395411208396073	0.01960684729681191
CASP6	0.25495277270175265	0.019619884122018993
C1orf116	-0.18151255038032232	0.01963046734830039
NOTCH2NL	0.3977970410852105	0.01969157264108632
ILVBL	-0.14630723080639108	0.01972061522195857
NADK2	0.17787427007518275	0.01974221462017396
NDUFS6	-0.13625138474310106	0.019748799912788228
MAATS1	-0.21652169992544223	0.019764104485895436
CD47	0.14290836678571317	0.019791223605687674
MDFI	0.23861373216980297	0.019795253487711127
NDUFA13	-0.20885671241228643	0.01979910040728164
RNF139	0.09051514235589053	0.019809726318045562
ERCC5	-0.10115377669172965	0.01981347946972177
SESN3	-0.28905371429824456	0.01984161054196538
SNTA1	-0.15527742482832263	0.01985036072143028
ALOX5	-0.3007226291948637	0.01988447639573321
CDON	-0.36262248448496237	0.01990705554956541
NFS1	-0.1417221790664165	0.01992022191103275
WISP3	-0.18043124523621756	0.019952359202714265
SLC35D3	-0.4907093731184222	0.019959943094955898
TOX3	-0.25532748715288633	0.019974502630376367
COIL	0.12131718343358244	0.02002405498500742
ERMP1	-0.2023398777894716	0.020038082606582817
PPP4R1	0.1133139819987452	0.020040745617866097
BAIAP2-AS1	-0.24852463505263245	0.020055133744890832
CLDN9	-0.15472429053759384	0.020056716878106992
FIG4	-0.12941364005763667	0.02010661313269972
PPIE	-0.13627800278571023	0.020132808089922304
CCDC47	0.08712091455513793	0.020145139361412795
LINC01420	-0.14500332125940218	0.020180789457679697
OAZ1	-0.05069722019424283	0.02025091038280795
SCN3B	-0.46204587953759635	0.02025592206002987
KIF21A	-0.1400485988157918	0.020261142307676085
ERCC3	-0.14366636456704107	0.020261710843617903
GAB1	0.24101719125250298	0.020262625525684162
CYP3A4	0.42411507189786946	0.020266244638795047
AHDC1	-0.16529947899060282	0.020266473876914947
KIN	0.15252580601128152	0.020287689225028688
GPX8	0.3012844096503784	0.02030083906126386
TMEM260	-0.24148313147556344	0.020302533419729887
RBBP9	0.13567722656327774	0.020328372769143392
ADAMTS13	-0.18492550254323525	0.020350777130345006
STC1	0.19764037031955084	0.020372846888818227
LARS2	-0.17917717246741915	0.020381214742348167
USP51	-0.40329984471616065	0.02041788958184046
RAP1GDS1	-0.10532080705952573	0.020430941050061588
NDUFS4	-0.10608751000000005	0.02043415071788436
IGSF21	-0.5454155196528845	0.0204661839228963
PMS2P3	-0.13018648048183046	0.020487980277240234
ERICH5	-0.235585497681706	0.020506803483838786
ZNF343	-0.1309703339235586	0.02054933598951421
KCTD21	-0.2027531215739291	0.02055526822432769
LOC286367	-0.2932740865639101	0.02057699783556309
ITGAE	-0.13161899647430886	0.020600317008958494
REM2	-0.37225599847431123	0.020641667464105177
MTM1	0.170616177570178	0.02064262715718701
RORB	-0.6389195744022578	0.020681452569572347
WBSCR16	-0.12109827531704198	0.020684264351270125
ARHGAP6	0.3901062400332105	0.02070263594387577
PAWR	0.19996179145488568	0.020710236629910003
EIF2B4	-0.10245136054511228	0.020721910691021642
HDHD2	-0.15502111776942407	0.020722614357827813
SLC26A11	-0.17835823760275993	0.02072279750754155
TCF20	0.10976630422430844	0.020729531186169377
DCTN5	-0.14010389971491222	0.02073096632902538
COL9A2	-0.5117702122537571	0.020753064222967937
ARV1	-0.11292175452506648	0.020784398774100665
CHM	-0.1830050113596542	0.020785208633453692
PITHD1	-0.10680711603383664	0.02079289215496134
EPRS	-0.12296951840852266	0.020795166779362016
GYG2	-0.30126386296992713	0.02081010384952215
LRP10	0.13040437379072678	0.02081021722848733
CHN2	0.3020879588364682	0.020815917392158538
ATG7	0.25361003853508457	0.02081679849908974
MICALL1	0.22813896731077143	0.020838849191373653
SCG5	-0.24798281533835365	0.020843320776330068
SEZ6L	-0.5953117048483669	0.020845554044570707
ERVK13-1	-0.30579907666102546	0.020863566068477515
AKR7A3	-0.19004193687155624	0.020889088571348198
LOC101593348	-0.4045548732374673	0.02090065113120783
C1orf122	-0.1360383279047621	0.02091800365680711
RP11-1275H24.2	-0.24465645500125444	0.020922179924847253
HPSE	-0.42724321900188134	0.020928351901235594
PRPF38B	0.16004509696365865	0.020934574443290384
EFNA5	-0.35204809606328347	0.020969209868285793
UBQLN4	0.16110461519486208	0.020984291143964447
DCBLD1	-0.23501108209021915	0.020988961864402616
HIVEP3	-0.20553229263345507	0.02099286825341094
MID2	-0.1676337828038843	0.021010588133055518
ROM1	-0.1710877262192989	0.021010705841990676
SLC43A2	-0.5523132818508767	0.021039998728878125
TMTC3	0.1491079925983687	0.021044902748699534
MRPL46	-0.12338974326378249	0.021044939567488735
USP48	-0.1617216323433599	0.021086201741923483
VSIG10	0.27014766328383377	0.021116570179206057
APAF1	0.24354911700751813	0.0211355872007991
GRIPAP1	-0.1300362753251889	0.021151949486682114
PARD6B	0.2748316193157869	0.021182614827111715
LGALS3BP	-0.25098206431516346	0.021191302900104285
LOC101927599	-0.2879582081027543	0.02122618564082211
PSRC1	-0.32401826251691634	0.02123570250712558
C12orf57	-0.1995818055977434	0.02123727753601138
CTSZ	-0.339126736942978	0.021238683104821895
FOXP4	-0.22517358893734496	0.021246904759536937
GCNT1	-0.35478178542794137	0.021314891157883868
TINAGL1	0.20024832327255737	0.02131817902830385
TXNL4B	0.1878041446303218	0.021321505470911974
PDZRN3	-0.4779124451290766	0.021330670687524908
POLR2K	-0.1533796340714293	0.02133994931471516
SLC25A3	0.06432584487468773	0.021350092073620163
STPG1	-0.2454346858790739	0.021353825659802327
DUSP16	0.13308651148433803	0.021355104543053748
CALB2	0.5753196109185481	0.021384351625964183
FUNDC2	-0.1251542358583908	0.021384511883549815
IFI35	-0.22874774144486132	0.021401030622577623
PSMG1	-0.10972675687155942	0.021406025233310536
ACAP2	-0.12353020779448798	0.021427891822925173
NAT14	-0.33653022425940016	0.021436542621669566
CASK	0.10884743686090559	0.021476725024981408
TMEM86B	-0.2502119022982461	0.021505561275657004
ANKRD36B	0.34371908131892326	0.021514549586734315
PHYHIPL	-0.2697439493684186	0.021554619669545392
AFF1	0.07476127275062794	0.021563336481443193
DNASE1L1	-0.18144805508771533	0.021590306383130763
MRPL2	-0.19377006684022646	0.021593663308066717
FAM222B	0.13025249187217902	0.021619069886821322
LINC00493	-0.12816446021303207	0.02162108889698763
PGAP1	-0.2824468551503774	0.021656776907124795
RALB	0.2379549896322093	0.021682158013191604
IKZF4	-0.1629463556196722	0.02168560834579993
RNF175	0.3418865217913547	0.021694721850302266
POLA2	-0.16954062990539054	0.021753991528851897
ZNF853	-0.1506290737518814	0.02178469183231675
KIAA0586	-0.19577387231829846	0.021821856321789856
ZNF302	-0.13791862850125014	0.021829638601712335
CSMD2	0.3504676339561392	0.021830193336668555
NBAS	-0.11480849729762	0.02187792328563436
LPHN1	-0.32967780580889716	0.021892999816683585
FDPSP2	0.4797797449047634	0.021895112194686844
TMEM185A	-0.21998220504198152	0.02189578943736335
LOC101929475	0.3603466244736788	0.02192381798713941
UACA	0.22786717906703657	0.021929222819451442
EMB	-0.4509935291503737	0.021958845332818267
APCDD1L-AS1	-0.5693128160570211	0.021968251301804954
PDZK1	-0.38943689221929567	0.022029300697080915
FTSJ2	-0.12327236952568832	0.022043654945853603
FAM161B	-0.1291149402988676	0.022102696058131255
GTF3C5	-0.15276397634899652	0.0221911878104467
PPAPDC2	0.20511092212029958	0.022196897878010383
KLHDC9	-0.21152977652380578	0.022203074944532584
GLYCTK	-0.1345218696635353	0.022212516151699495
CAV1	0.24963637551691242	0.022227198122108365
NUPR1	0.30001979436215365	0.02223196633910257
NDUFB10	-0.1018805630827071	0.02225496679978624
CCDC114	-0.20037626680200304	0.02225754168418467
TAF1	0.14973352341604063	0.022275465600268954
MRPL45P2	-0.2171942822694204	0.022295043063296924
PLA1A	-0.48129814083959666	0.022323014839165267
CGRRF1	-0.15743966385526242	0.022334086209426875
CXCL11	0.7140101978233089	0.02233551812376394
MAPK3	-0.16238627762656677	0.022348174880014955
TTC26	0.17018136798997396	0.022378565508372805
ARL5B	0.1480288927318334	0.02240158920184029
PDZD4	-0.37269681331955073	0.02242189629703216
AX747730	0.4069522997593973	0.022427344698201977
GEM	-0.3611580062399753	0.0224635006902613
ZKSCAN5	-0.1473953808953672	0.02247005036371192
PNMA6A	-0.3295939744229379	0.022476622981118223
MRPL1	-0.14249218280702003	0.022495000325424064
PRPF6	-0.16596043850877074	0.022495151321066272
DNM3	-0.41206884698997825	0.02251454648274681
ZC3H14	-0.09169328310150604	0.022517634013552945
DDX59	0.12263760701065429	0.02251902405524603
COX7A1	-0.355202852442984	0.022540448924279706
CNTN1	-0.5248620316842167	0.022564852400485905
JUN	0.16479880362343735	0.022575641397865404
SDHA	-0.1290436527067662	0.022596359851106255
MRPL49	-0.11471171885338016	0.022620661699497994
TRMT10A	0.2448016711265648	0.02262979710689073
TOX4	-0.10510881883270429	0.022633982496520915
TRIM35	0.14261288837656672	0.02264960424408803
SNX3	0.05324402950501472	0.022694745018329993
PEX7	-0.19688221957769336	0.02272867872018719
GNE	0.2326978080275719	0.02273027880207646
GAB2	0.17344515079260425	0.022734947733111955
C1orf50	-0.18931196820426077	0.02277805802876961
ST8SIA5	-0.3550011156215538	0.022783528211029615
RP11-373D23.2	0.4110372873997523	0.022826352470295835
GMDS	0.1465453883471186	0.022846473888403433
GOLT1A	-0.16764050911653783	0.022849352638989788
GNPTAB	0.1625209263339613	0.022856327596788694
SOBP	-0.4074412740952358	0.022872459072302613
CXCL8	0.2462570346177877	0.022892285075756816
HFM1	-0.4931542565639102	0.02292144508658427
WIPF1	0.27707599139160166	0.022936053505381134
GPR98	-0.33409515141478785	0.02295350963548935
TM4SF18	0.33934854634524036	0.022968767984260077
MROH7	-0.3700061957844598	0.02297374073046634
RNLS	-0.14281983749686944	0.022979775144977857
SLC25A17	-0.14497774922055662	0.022990752372498778
CYCS	-0.07239772410400569	0.023001424152928295
ACLY	-0.14079575350877604	0.023011645425280877
CKB	-0.22526548619987175	0.023014620905938372
VAMP3	-0.06846750231829546	0.02302007405544994
DDX1	-0.0742272906516277	0.023052105490407006
RAB9A	0.18674508899749753	0.023062348557842338
COQ3	-0.1363175118483717	0.023073787762711007
KCTD18	0.2316319463527563	0.02313977972296225
NDUFB3	-0.10965570839599437	0.02314622582849037
IL32	0.3119444946867205	0.023147610594521577
IGFBPL1	-0.4613839402374733	0.023190328668210327
OSBPL11	0.17902145313909834	0.023194900989003068
RAD18	0.2476566415494954	0.023215700050773905
PRELID2	0.3159435082117774	0.023222700674983207
CLDN23	0.2410459213659113	0.023247869901215433
SP2	0.14632139171867387	0.023271365929805977
SPAG16	-0.13037171983521212	0.023334849269148937
CCDC151	-0.2831563816666689	0.02339589367936616
MAN1B1-AS1	-0.2451832345889695	0.023417372042795582
ADRBK2	-0.2737173465112779	0.023417505876207965
A4GALT	0.18176628390601302	0.023427717825846926
LINC00526	-0.22226126891227693	0.02343669537339843
SP100	0.19359817818609137	0.02346004319648872
RPAIN	-0.1017384935231842	0.02346417472327588
FBXL15	-0.17744174012969882	0.023470762245526695
PTK2B	0.1334838658013755	0.023480562195128982
TMEM63A	0.2641634153496222	0.023491350806192253
LOC100506730	-0.31215946847180476	0.023509143333834116
KHK	-0.1327946347506268	0.023542992784050115
CLU	-0.1831268526441132	0.02356065127610661
LOC101927451	-0.3057492963120314	0.023583580683815268
BCAR1	0.11011412741792093	0.02364952617732471
SNX17	-0.12835680472055166	0.023649844499560514
SLC25A5-AS1	-0.30297532714912023	0.02366365709326224
DUSP18	0.1566308531322047	0.023672677784264313
MMP14	0.2501706361929834	0.023707755387309706
SMA4	-0.28003658530012565	0.0237128446957885
LCOR	0.11230507568922476	0.023730875269802578
GNG10	-0.07500928088346015	0.023734383216637386
ECHDC1	0.08204835635965324	0.023760867746121593
CTA-384D8.35	0.4465387547901001	0.023778995307817415
SIN3A	0.12803484492669526	0.0238058504235995
SMIM14	0.07440741788847127	0.023824363382508106
RP11-67L3.4	0.2375789741046379	0.02386940956288977
QSER1	0.09897239205514019	0.023893908266783996
KIAA2018	-0.14623115119109897	0.023894688190384338
LINC00938	-0.17280614093796665	0.023898885257215254
RGS1	0.5110251657092721	0.023928278506451843
FAM181B	-0.42332888594987406	0.02394738646094854
LILRB3	0.17738757484774315	0.023953175417998802
SLC2A10	0.3403910979880944	0.023958170066190287
RP11-382B18.4	0.43019732472431205	0.023959699761663365
GOLM1	0.21513870070175045	0.024077435752715728
ADSSL1	-0.34277799567042067	0.02409038782812402
CTNNA1	0.08789803520050832	0.0241150676238646
SSBP4	-0.20641028510400794	0.024126560479781407
AHCYL2	-0.16839415744298414	0.024152175394714467
MAFG-AS1	-0.11734080097055521	0.024195303904639802
YPEL5	0.08631016412281234	0.02421984160839832
LOXL4	-0.518832941978701	0.02428161572610363
RORC	-0.3105422878577695	0.024323417388982367
TMEM87A	0.10002784444235502	0.02434705537065242
MTHFR	0.17467622663533788	0.02440098021427372
VDAC1	0.09178171199875074	0.024427013620052715
RCBTB2	-0.3708344666271941	0.02443004381054538
CCNL1	0.21948461345238357	0.024431505397916276
COLGALT1	0.20146347223182914	0.024434159536734376
ZNF467	-0.3861660659216799	0.024435134674343394
SHH	0.27517525689599154	0.02443675302344466
PSENEN	0.16370513750375792	0.024438382429339583
TIRAP	0.13451075711090255	0.024452053966306734
ZBTB38	0.10302388593985157	0.024481851475061184
PCDH7	-0.5836096898759404	0.02449579121284286
PBX3	-0.17828222306703978	0.02452423249767191
ZNF264	-0.16140034005075243	0.02455403352718413
SCARNA15	-0.2470989869317073	0.02458782524225083
DPYSL4	-0.49262059383019796	0.024589685878284598
FAM168B	0.14827269372431395	0.02458981274839107
RSPH9	-0.43897314836591406	0.024599840651702464
ERCC6L2	-0.1582045458991228	0.024622162781716802
NR3C2	-0.14424680894799202	0.02463991382756786
INPP5A	0.08711654564034887	0.024662777567042733
HNMT	0.33874159403007553	0.024674461387302594
FCGR2A	0.504079677426688	0.024681107021704965
MYO6	0.1022045168546395	0.024694188463943622
IGHM	-0.09531975593546438	0.024724238508463215
C1orf85	-0.2796283894511298	0.024735475552649766
P2RX7	0.3876479858132855	0.02474419399370747
ATF6B	0.1063391169204273	0.024783902814742412
GHDC	-0.16437398115789215	0.024811491622049365
KIAA1586	-0.16036407001503417	0.024813650790913765
ZNF211	-0.12946735019047573	0.024820354176669942
SHMT1	0.25629317449624445	0.02482118701918007
MARCH5	0.17666534215225127	0.02483645653866291
MRPL34	-0.13184334250313157	0.024888873604700986
MICAL3	0.21036842118734178	0.02492902189694131
DIMT1	0.11938760931704451	0.025004721377713885
ITFG3	-0.1713519494743121	0.025117701014449687
AGA	-0.19630490944236278	0.025178734807715396
ABCE1	0.11467344648495903	0.02519482185766009
NRSN1	-0.5055666153884744	0.025217865573239857
ACTR3	0.06343102708646597	0.02522656831984831
CXCL17	0.4172207461015045	0.02524513304533721
SUMO4	0.0804586458114036	0.025322346028179787
BTBD10	0.08426922102130341	0.025342556929211932
DTX3	-0.28113819082331304	0.025371970002264727
KIAA0907	-0.1408383635150372	0.025384499913170128
TMEM201	0.1616004018364645	0.025396205926568372
RP11-416N2.4	-0.28984990044110504	0.025431692487941075
G0S2	0.3180602592305757	0.02551424879924796
USE1	-0.13722097099060093	0.02551561592198031
LOC102723542	0.3612505729147868	0.02555034015683155
PPFIBP2	-0.26619852309962333	0.025572690316361398
PIFO	-0.26910210575062266	0.025601031366621632
PCED1B	0.43269583661278066	0.025662053931845265
DLK1	-0.5494653484755645	0.02568652027213457
STYXL1	-0.15515998332205427	0.025749690516635212
WBSCR22	-0.14594057411341055	0.025760133972276167
ZDHHC11	-0.2793897227161679	0.025786103325205534
CYP3A7-CYP3AP1	0.3392611460538877	0.025794917799454233
CCDC107	-0.18572591787280324	0.02580748658173529
GAS2	-0.288251883312034	0.025838898581488516
WDR45B	0.11491951420426538	0.02586043891338988
ERP27	0.4111637177675451	0.025889106954358476
ZNF675	0.18137164938032768	0.025912767419929907
TLE6	-0.1550593610281945	0.02592011815927928
RNF213	0.22068046845864764	0.02592295846354593
RYR2	-0.32826049385024714	0.025960000401375225
CDH1	0.06107672542607112	0.025961030721834095
SMG7	0.10577384123433475	0.02596302064021723
THYN1	-0.12221975338283109	0.025974259118035154
HNRNPU	0.04999313537593686	0.025980254639130212
GTF2H4	-0.16694205339473367	0.025993186706903586
ALG3	0.17722890947556635	0.025994839878736655
MBD2	0.14529485412907128	0.025998921720263548
ERVMER34-1	0.44917568494298354	0.026030382020013728
APOBEC3F	-0.1810672458978715	0.026031845290499185
UQCRC2	-0.0795776736779441	0.026058542209905222
PCMT1	-0.12443545610276274	0.026068481292364748
AGBL3	-0.26387384288095017	0.026118506207294803
HERC2	-0.1536202973621581	0.026170416186421488
N6AMT2	-0.1399821142205493	0.026182331434349036
SLC8A2	-0.5085506436954894	0.026193572629930165
SEMA3C	0.36564754296929713	0.026207857595558857
CTB-119C2.1	-0.331290797855889	0.02634183378509952
EFHD2	0.15263845959273326	0.02635260205226977
SOWAHC	0.18687671902130631	0.026424730551897965
AK026905	0.29116347330827086	0.02643535179829752
FOXM1	-0.39448258376942213	0.026439249577374827
APCS	0.6815740899160421	0.02644670333846639
WDR6	-0.09247730288220524	0.02647758043850588
CCDC7	-0.40753301838471145	0.026503583055391532
BIN1	-0.1564308373840806	0.026503883301919672
ANGPTL6	-0.10988386463158051	0.026505245524977555
PALM2	-0.406118569434212	0.026520078026250584
ZNF780B	-0.26590150417669367	0.02655823683216481
ARFGAP1	-0.13679475402694763	0.026613254159832466
PCSK5	0.25492811025125306	0.026636881412184087
NRDE2	-0.11380799196804325	0.02664967405331074
CD3EAP	0.2708052777111529	0.026675096488132096
FAM162A	-0.16103171721177745	0.026694669914154916
AP1G2	-0.15517982920300888	0.02669896219589471
GLUD1	0.08923224445488387	0.026707096523386355
UQCR11	-0.1185241957268115	0.02671040713308048
IL7R	0.49208475988847233	0.026727771992072595
CPNE3	-0.09115976560150685	0.02675119307546529
GOLGB1	-0.1194682396228064	0.026751464732611575
RP11-66N11.8	-0.35579074234837105	0.0267618277136073
RNF34	-0.052927929144745534	0.026772485887793074
MLST8	-0.11983564522556733	0.026792279832094753
INO80D	0.14801770708396056	0.02681983756099253
LMO2	-0.2953994310977457	0.02682703406792867
MIR1244-3	0.08048122567042881	0.02683528292980753
TMEM51-AS1	0.3744374655921039	0.0268571472163176
RGL1	-0.23484544313784284	0.02686351450248066
FEZ2	0.15570455021303609	0.026865785175695486
CDIPT-AS1	-0.19936815009147502	0.02688220752099001
MID1	0.14534733332205718	0.026966075339645894
PRSS12	0.36012610981704274	0.02697026765741645
AC018755.16	0.14217149428070375	0.027004719858352462
UFM1	0.12814232489975197	0.02701941586971959
SIRT5	-0.13861768450563972	0.027050024667055965
TLE1	0.140131819925438	0.02707250714080268
HNF4A	0.13552315521303626	0.027076626580731032
FAM150B	0.25993738890601037	0.027128957712073676
ARMC6	-0.09186560285025269	0.027134923726280607
NDC1	0.1414575568916039	0.027165347967627623
IQCK	0.2021641974122801	0.027182000212939993
PIGZ	-0.267903413835211	0.027190276124894063
BOC	-0.3135654691303298	0.02720687155160122
CDKN2C	-0.11122001934461068	0.02722871638023018
ZCCHC6	0.10510625325814615	0.027240465190372862
EVL	0.09351157571742341	0.0272633599063041
TRAC	0.310060609016916	0.027264330699536425
CTA-29F11.1	-0.3199919427763138	0.027327210208346584
MVB12B	0.2357496597550126	0.02738751126497362
FRY	-0.27543615867230997	0.027390638675448886
EHD2	0.26432746433709653	0.02741063743420088
RP11-140I16.3	-0.3431495535444853	0.02744043879225498
LL22NC03-N14H11.1	0.3458326830902223	0.02747146149461282
DDX58	0.5766781419649121	0.02748931569765887
HIBCH	-0.1428222211033816	0.027494625154749007
ENPP2	-0.3998345347243131	0.027544118408403283
GLRX5	-0.07107286732455798	0.027547872652694354
SLC25A35	-0.28149962821428787	0.02756416389923069
LIMK2	0.2354431192431079	0.027566584172664894
PDXK	-0.15056388403446874	0.02757618010795471
RNF183	-0.3522237722719286	0.027593078323260297
KIAA1324	-0.29409900770050434	0.02760453425591669
CHPT1	0.15613432148496642	0.02766242373681858
DMXL2	-0.16944589479323646	0.027700592528160702
DCTN1-AS1	-0.6027806202656656	0.02770200519489647
SPRR2B	-0.6064645695407274	0.027703483642451114
RIPK4	0.14488011673559242	0.027740017913766873
KIF5A	-0.5628332683471129	0.0277422204865526
LARP6	0.13827471711403305	0.02775167105025547
RHBDF1	0.3074651294373414	0.02775886892000918
FBLN5	0.2988243078270685	0.027784577129686593
SHC4	0.36972440485651603	0.027793927194379488
AS3MT	0.27473416094047387	0.027820066930516515
FAM43A	0.25301207953821514	0.027834438343547097
NDUFA3	-0.2305322131253149	0.027841710008503266
LOC100289230	-0.37298183949749397	0.02787424741866332
DSCAML1	-0.3902852076597698	0.027874448709517677
IPO9	-0.11662223681328499	0.027915132167265825
ATG101	-0.12745926219549197	0.02792274991145043
RP11-708J19.1	-0.3765340475971186	0.027958299802725232
ZCCHC11	0.1375346727406006	0.027973654956826643
TSPAN15	0.3256959273590212	0.027988958842824263
CTH	0.308894280576439	0.02802009912692033
USP39	-0.08393561493859636	0.02815644727518068
PPIB	-0.09489107249373063	0.028169930426525852
NDUFC1	-0.11026540125313211	0.02817306156032247
FLJ36848	0.19479133202318089	0.028193600206788728
MICAL2	0.19539925624059862	0.028198567760084326
USP27X	-0.24134835398621313	0.028206382320445172
PRPF8	-0.19880173546554047	0.028215984176009436
ALDOA	-0.12442674185464142	0.028242180963995944
SYT17	-0.5759528540683014	0.02831408796399782
UPF3A	-0.11776015707582133	0.028322666127932973
WDR60	-0.11394828535337886	0.028336738066913943
RABGGTA	-0.1452064823978727	0.028348312580037845
VLDLR	-0.15688929280326036	0.028367853667545365
WDR83OS	-0.09356352054511063	0.028384265830717858
MED29	-0.10071211111403322	0.02841834164010606
HIST3H3	0.10859119390413685	0.028425638920887248
LSMEM1	-0.28000665887155485	0.028433382264938974
CAMK2B	-0.48925816845864123	0.02848135239420093
CYB561	-0.09759707480576552	0.02848565985158153
RCCD1	0.19353913487155516	0.028522967237640865
PRO2852	0.3450022221917308	0.028528447442805423
TEAD4	0.3367294413834614	0.02853030373123929
TNKS1BP1	0.26172076536779443	0.02853517747932558
PCYOX1L	-0.1925214447631589	0.02855290786181651
TNF	0.49814183524937317	0.02858402012993323
BNIP3	-0.15840710923558987	0.028635418949045914
LOC728024	-0.32690062429260713	0.028641598530284276
B4GALT6	-0.2305959296710558	0.02864321873160655
ST18	-0.576514900958017	0.028663939601512485
CDIPT	0.07581300552881665	0.028675692036343084
TMEM178B	-0.37600136469172796	0.028724493821459102
AGPAT1	-0.1521058027769442	0.02873330526496497
SLC44A3	0.24971249992606026	0.028752657192004295
GFI1	0.37189431106390725	0.028752803438557652
RP3-496C20.1	-0.20310965253383184	0.028781560031088803
MICU2	-0.08273106279448506	0.02878432367290185
SERTAD2	0.19965988257204792	0.028785450799604363
PROSC	0.06330440378446767	0.028822920018004988
ZFP82	-0.2853746451309558	0.028854097096065425
TNFRSF10D	0.27372190114286354	0.028873845492908584
STRN3	0.18247106273182823	0.02892464459075713
MFAP3	0.07089520186716847	0.02892691890716331
RP11-468E2.5	-0.21595318998308244	0.02904736244756555
SLC7A8	-0.4380984753853383	0.02905612965002422
NRIP3	0.26140643849373646	0.02914074592407904
UQCRQ	-0.15948007620300508	0.029147097778123233
STRAP	-0.07524725159775159	0.02916373936143512
HMP19	-0.6184699069505033	0.029216612185470222
TCHH	-0.4104161818201737	0.029253249300565966
CUEDC2	-0.11434443636591318	0.029324679405179133
ZNF286A	0.13382493181578603	0.029350628226427797
AKAP9	-0.14019796232894777	0.02935572136961999
JMJD1C-AS1	-0.2572612319003751	0.029366988925744658
FAM189A2	0.30982841476315937	0.02941879849184872
PAXIP1OS	0.18331312011528755	0.029434406500110442
SIPA1L3	0.14581452832205066	0.02944387751060016
CIDEC	-0.19030736030325368	0.0295445686136416
SLC38A10	-0.19190567338596587	0.029593104438925388
FMN2	-0.4477546212556369	0.029609467185855963
SNX7	0.1416933707449921	0.029610925041459134
TTC18	-0.2612133791911031	0.02961907898579755
DPM3	-0.23236188068295682	0.029645158334182332
CDK5	-0.15978574637217946	0.029645431619451077
ARL4A	-0.16984674340977435	0.029648940268619396
NMNAT1	-0.12436026288471247	0.02965224851764818
GNPTG	-0.12284103150000192	0.029653049635722628
CLEC4E	0.49320840405137645	0.029654926740932938
FGF12	-0.3015859356698005	0.029658971129810537
PAPD5	0.10754027666040322	0.029697719903137753
FABP4	-0.5692309508490014	0.02972395214678588
AVEN	0.20748090829072474	0.02974819433999586
LINC-PINT	-0.17592105275375758	0.02976192663246889
MSRB2	-0.23355489500313276	0.029764669628698406
TLE2	-0.24769681149060396	0.029766382149570364
HSPBAP1	0.16762462242419218	0.02984952616260721
WDSUB1	-0.14393017622368198	0.029862276909707663
MSRB1	0.1512926687850893	0.029903240379939505
ZHX1	-0.1343620369360945	0.029932938454267487
NXN	0.23601227501754352	0.029948160480441816
CCDC126	0.15169201634398455	0.02996209713780131
CXCL12	0.649863761611531	0.03004353730063922
SLC15A1	0.4425982611885928	0.03006809935356835
FAM120B	-0.12275154856641457	0.030083869392130504
ACAT1	-0.18523971709899278	0.030140814977650164
AP1G1	0.04421721897243458	0.030143481278529925
KCNC1	-0.7190211936798265	0.03015022998363649
TRIM3	-0.18902803508771715	0.030153821199297926
ARHGEF18	0.14847111130953117	0.0301796872299845
SRCIN1	-0.4103471339223068	0.03018148727331152
EBF3	0.36616475976315765	0.030208659531350223
VPS37B	0.21813675570613533	0.03022917650622739
ASNSD1	-0.09057205585212813	0.03023458067789342
SNRPD2	-0.10963790886591696	0.03025882504294473
EIF2AK3	0.16369940345175493	0.030263699249476507
RAB3IP	-0.23369109878696825	0.030267757305508677
SIM1	-0.35670930078696905	0.03027063136617642
SMIM15	0.1104645327506315	0.030277329798417178
MTG1	-0.15865056398684274	0.030309866434103213
PPIL2	0.09740691046115302	0.03032261307287906
SEMA4D	0.141349611392231	0.03045305606065614
RAB27A	0.1274096432393499	0.030477061060623197
AUTS2	0.18311304658207916	0.03049107207271688
SMOC1	-0.38117638070614035	0.030514483683543904
MAMDC2	-0.5660871944066432	0.03051938506314242
SYT11	-0.45244989063972163	0.03056821612528382
C19orf53	-0.14754268817042693	0.030580499542067905
TOB2	0.1292742458834546	0.030632670195478093
MTMR3	-0.09335723630012183	0.030644889685370533
UBXN10	-0.37593079138032603	0.0307076833369596
NIPA1	-0.12871302762530412	0.030729427178003477
MUC13	-0.33852800592606336	0.030760415815564515
EGOT	0.4490316793590239	0.03080674515710495
CFL2	0.1241705563596458	0.030813676488223904
KCNJ15	0.31950405399999937	0.03083713061491545
ZNF385C	0.23860764357957365	0.03084105015329064
ZNF195	0.12294274375376091	0.030887050212732046
MED28	0.10529320370927842	0.030921000336775438
DECR2	-0.19338706157268426	0.030931447365420292
WDR61	-0.08899970406015001	0.03094191343091522
NKX2-3	-0.5602260073182999	0.030951441965768326
TSPY26P	-0.3854920431748141	0.030967084957821786
CD276	0.1275552531140356	0.030968207573487012
AC083843.1	0.3100151635946098	0.030976909259420416
FAM219A	-0.1284790509649163	0.031013611603943024
MAP3K7CL	-0.22429306459648668	0.0310467983790636
PLCE1	-0.4832371725802016	0.0310544180980221
PAICS	-0.12442378243421004	0.03105623040787046
ERC2	0.18886639242480996	0.031066147061282978
H6PD	0.33289653217355486	0.0310682931025614
EPOR	-0.233662128876567	0.03107918759817326
STOM	0.1753774004949893	0.03108649904280502
RP11-305K5.1	-0.2315256292468657	0.031098676640628466
ZBTB42	0.20251721407706924	0.03110718897107665
FBXL3	0.11504003495363335	0.03112154172495938
CTDSPL2	0.14475418837092668	0.031143184142756714
HNRNPLL	0.10008738546741824	0.03118345205040371
NEU1	-0.1620843663471181	0.03125735157106569
LINC01278	-0.12871952496553618	0.031260099462993546
LRTOMT	-0.21418205014285796	0.03127072210891407
PP12719	-0.25753979684962314	0.031275652153908255
CTD-2269F5.1	-0.12226863744799488	0.03128569444231592
C1orf216	-0.14833268113283182	0.03131720404130818
HSF4	-0.16272641893295514	0.03132055639265071
SHOX2	0.6434920026804507	0.031338556983778965
RTN4	-0.040709196033832384	0.03138534411161476
MFSD3	-0.1499038051071402	0.031415006397496774
PIK3R2	-0.14092884583959808	0.031423857573743684
DDX31	-0.18135315442418687	0.03143785893528085
PERM1	0.125873880427946	0.03144738956899304
PEX5L	-0.4340166359072697	0.03149683251574969
TMEM41A	0.13994991307644078	0.031521824793061405
C20orf194	0.12187642458584236	0.031529029279666006
PMS1	-0.11726249808083011	0.03155420874082997
PLD2	0.14675279379636397	0.03156152622939242
DSE	0.25598026203508617	0.03157852576350506
SLC35E1	0.12558524037594054	0.031589650714997614
CDH6	0.3636655006284446	0.031590303675374416
C18orf21	0.15243492158395533	0.031610671443360196
JAKMIP2	-0.5219144203696731	0.03163306636784828
PDE4DIP	-0.427257387231208	0.03163942070918891
NPTX2	-0.21340390624060035	0.03164495889160096
OGDH	-0.14543483744048036	0.03172773716653244
CYYR1	-0.5960927333891011	0.03173453082393769
SACM1L	-0.0922343834461099	0.03173878100911909
ARHGAP5-AS1	-0.1821113633082705	0.03180615189680005
HDGF	0.14021356614034808	0.03181736098562375
MEIS3P1	0.17229569958646707	0.03181805059836369
SASH1	0.1509340492098996	0.03182084270832143
SS18L2	-0.08317569757268117	0.031839643911362354
ATG16L1	0.16125248837656514	0.031859061143461535
FANCE	0.18257834091290803	0.03186272760392392
ZC3H18	0.16380806078570842	0.03186743019669561
BCL2L14	0.450421502123433	0.031895896880746774
PLEKHG1	0.4037811963176674	0.03190800026696097
DAB1	-0.5472613416572711	0.03190866430151711
MIB2	-0.23170680341353567	0.031922558082817264
PCNXL3	0.14768541458521334	0.032009003784398346
NFASC	-0.38076815470990333	0.03203640047392948
NRG2	-0.30888604300438516	0.03204041121103551
TECPR2	0.11842565985150255	0.03221680751294698
PPP1R9A	-0.1978010821854621	0.032228166261160374
FAN1	-0.1287872426228045	0.032261236606584566
ZCCHC9	0.13976111453633777	0.032270873103884795
EZR	0.09826268432957797	0.032275648761765516
MAPK12	-0.17558283588095147	0.03232060037370996
RFWD3	0.222150748706766	0.032324634191423
LRIG3	0.20763132288471198	0.03232504971894846
SLC6A14	0.6025262331854648	0.0323362780628104
SLC16A10	0.2576217166998749	0.03235345834459618
RWDD3	0.11849109026315574	0.03235465369988151
C21orf58	-0.5006612065870941	0.03235502399686849
NUDT3	-0.10752441489974629	0.03236155051591446
SNX27	-0.07463270349874485	0.03237248015505455
LOC101060264	-0.28883100652004856	0.032411988799419346
LOC440934	-0.45259455605200216	0.032421311069217286
CREB3L1	0.17509870886654433	0.03242940668071539
WFDC2	0.4920634672550097	0.032438550402255205
KIF1C	0.15844523505701602	0.03245908092266887
TLL2	-0.36671668783207956	0.032499480556350546
FUT8	0.24068273231014992	0.032499868198302036
SLC36A4	-0.20488486565162667	0.03251996131699675
SNTG2	-0.35129681191979856	0.03253231845514069
APOBEC2	-0.33333260202193316	0.032537169092861064
CCDC113	-0.11423186006829056	0.032555935770107486
MCTS1	-0.11870812901002736	0.03269187760676949
TDRD9	-0.4432498149818329	0.03269477927957611
SLC1A1	0.28174946882518803	0.0328299742785751
THOC1	0.12385764659523524	0.03283211370699377
CYSTM1	-0.055239274135340466	0.03288983659992657
NUP153	0.14326230821679253	0.03289054010612605
EML6	-0.3533598563646594	0.032893138239165794
CTC-338M12.4	-0.1630578052286964	0.03289454520834362
CCDC153	-0.21827576164724416	0.03293264870730994
IFNGR2	0.1674013445557616	0.032953358847710904
ZC3HAV1	0.13236870352881702	0.032957221265203174
ZCCHC14	0.14222656325187977	0.0329712136471307
TADA3	-0.14075924677193008	0.03302405251860529
UBE2Q2L	-0.2606639200300753	0.033044496376506596
LOC100506603	-0.21427235778633769	0.03305305644404643
TMEM135	-0.1675285880451174	0.0330606077369437
PAM	-0.21173454902881872	0.03306091266268826
HSD17B7	-0.1300001973590188	0.03307504777572567
LINC01315	-0.27946351283834225	0.03311415682965234
SLC35F3	-0.35359546803947417	0.03317278296941495
PHACTR2	-0.1407450360175453	0.033201804469690815
AC005498.3	-0.30524922862782056	0.0332313014826106
FAM83B	0.24589130005012017	0.03326705430328849
NR4A1	-0.1497630781629109	0.03327504638641464
PEX3	-0.1256803705106524	0.03328107301592347
KLF2	0.25773271402067444	0.033289825610616885
ZRSR2	-0.15016123769298062	0.0333022499984014
MAPK8	0.09108938246866849	0.03330710222569373
MAP3K3	0.15667308270237967	0.033346110947019676
KEAP1	-0.1457536698007491	0.03334677177265594
ZNF688	-0.14650491607205574	0.03337065658335407
LOC100652770	0.3325239881754376	0.03338030412238425
CRYGS	-0.16166639205137745	0.03340838036025296
TBC1D23	0.08713534335213424	0.033421501252092645
ZNF605	-0.19017062070676616	0.033434250515591776
IWS1	-0.09063487226817202	0.03344423883711766
ZNF671	-0.14481947622493951	0.03345839586563826
IKZF5	-0.10450104146929995	0.03350785011867254
TRIM69	0.19472273445551558	0.033519779876664504
SLC9A1	0.28810246313534016	0.03355186401243859
NME3	-0.1913569590319586	0.033624383137108756
IGF2BP2	0.21024917409148003	0.03362459006171609
NKX2-1	-0.0901053586090228	0.03369761831413992
TAF9B	-0.11046443303258435	0.03372279747003131
ZNF133	-0.14334564380388493	0.03383981579938234
ANKRD36	0.22708177652631711	0.03384164194603641
ITGA4	-0.47471737831265415	0.033865963339048476
CYR61	0.2884795191510019	0.033929170226046475
IL33	0.5396713435845868	0.03395256542552227
ABCB1	-0.27885879641291034	0.03398430653721101
PDS5B	0.1282141149561422	0.034014089613259225
XRN1	-0.08921522267544013	0.034041347738861576
ARHGAP39	0.15321658042293151	0.034059497461407136
ADPRHL2	-0.09701478879072489	0.034061402852981856
MT1M	0.3799685841691751	0.03406196748587232
CLHC1	-0.20210684505200227	0.034100750782835254
SYNGR2	0.14818118346491183	0.03415018453832191
ARHGAP33	-0.3638919990833296	0.03415198767485273
ACOT8	-0.09899202972368659	0.034159896717128706
GTF3C2	0.16496850290100262	0.03416980923681038
LOC646214	0.13419396444360387	0.03417262000042322
FAM160A1	0.32316879083207795	0.03417330983624885
FBXL17	-0.1434345593608981	0.03420300058627229
NFATC2IP	0.08447492799686351	0.03420829948372233
TLK2	0.10762021668546495	0.03422199895035021
DISP1	-0.17175913845551705	0.034258218692110744
STMN2	-0.5964253019129107	0.03427038833590804
ACOT11	-0.19083708333395855	0.034279058769166953
RP11-362K14.7	-0.4327403794335849	0.03430338400021259
C16orf72	-0.06591548136591108	0.034334950917433014
C9orf3	-0.14210613542982387	0.034349232283793246
MINA	0.08192041692982599	0.03435852204381728
HEATR5A	0.14902893667042605	0.0343608929114916
ESYT1	-0.09428005173558418	0.03437343404216043
SLC37A3	0.11874325686591014	0.03437949875205142
PDE1C	0.4305975709260652	0.0344612648762534
SYF2	0.07918047360902314	0.03449124383376738
VWA5A	-0.1819311420989962	0.034513720435256565
COX5B	-0.11011556753759422	0.0345228496097038
NUDT11	0.18742782854323536	0.03455405834927498
BDKRB2	-0.16597105156829706	0.034578446726539036
TCERG1	0.13051638248120234	0.03458783429484704
RSRC2	-0.10548938057017843	0.03460084280692281
ALCAM	-0.12621402781954494	0.03462513725646082
ZC3H7A	-0.06946574174435582	0.03465068463133149
NDUFB5	-0.10943893393483961	0.034683294191550286
LMNB1	0.1759235336046352	0.03474398201152337
NBEA	-0.2304397439548893	0.03489652428553535
EHBP1	0.09278115756265848	0.03493602836754823
ARL15	-0.19866443616854923	0.03495809175634048
ZNF669	0.2029044922481189	0.0349761441121637
NPHS1	-0.19195404702255825	0.03499335159644973
PRSS8	0.31628977211591724	0.035005568883692724
LINC00116	-0.2088113243139098	0.03501037169065478
BCL7A	0.16454324206015336	0.035010648102678364
ZNF26	-0.14990245975437944	0.03505153951997327
UBE2D4	-0.08954319710275804	0.035056275095937804
IRAK2	0.22276857032330888	0.03516167255560393
SOX5	-0.5066539749718082	0.03517663614793174
NDUFA2	-0.16358124788972006	0.035194937099049715
SCCPDH	-0.0840246850626638	0.03519549691854757
RP11-379H18.1	-0.16724733464536357	0.03519921817832813
SLC25A53	-0.5193655917111508	0.035204420186962605
LYRM7	-0.19779844942355673	0.0352098958123857
FNDC4	0.3410286149116555	0.035220933598116226
LOC401068	0.18160259800438716	0.035230358337315
MTPAP	-0.11343418312845088	0.035286415650314325
DHRS13	-0.1687773091228113	0.035286783426977296
SEC24C	-0.11475618275250632	0.03533505252113278
TUBA1A	-0.1466281311466151	0.035385124959285676
RPUSD3	-0.22177657046366228	0.03539899251515622
PIM3	0.12957246585212978	0.03540574494654444
ZNF615	-0.15683687456077422	0.035411516655622303
DHFRL1	-0.14141338340852272	0.03547754929443481
PSMA1	-0.07921023209273059	0.03550985334063845
S100A10	0.12342750346491016	0.03551925418646709
DSP	-0.06918217548245309	0.03553142899689556
CCDC130	-0.1262849811215574	0.035566395694577334
TANGO2	-0.20368428540726313	0.035574318560065724
TMEM131	0.10423103981641368	0.0356119865979767
ZNF500	-0.14892232615789158	0.03563281888406057
DNAJC28	-0.23482077391541267	0.035645243255194456
CHN1	-0.39981950403257827	0.03570314833257658
SLC25A15	0.20150716552192804	0.03570619564150703
COPB2	-0.08405623876566537	0.03571996445693214
PTHLH	0.29223919454073144	0.03573724121583755
DYNC2H1	-0.1737116118972466	0.035746805143029
WIZ	0.12094994598496278	0.03578745632486641
DTX2P1-UPK3BP1-PMS2P11	-0.11721266449560996	0.035814723350704514
IL17RE	-0.1754137167913541	0.03581885198735473
SH2D3C	-0.31791827990726773	0.03583337007337866
ANAPC4	-0.0802863017794504	0.035842600989346815
TIMM8B	-0.11002474762531023	0.03587450592131041
SPATA5L1	0.14369520627631616	0.035877907473111245
TBCD	-0.11142306310464178	0.03588837133952367
SUCLG2	0.16259873368295352	0.03590211115101175
ZSCAN26	-0.1720828820488709	0.03591431952949128
ATP6V0D1	-0.13453678129073054	0.03591446077379166
RSBN1L	-0.10295453618232742	0.03596882157144222
PFDN5	-0.0986396211340761	0.035975301716680876
UGT2A3	0.3690300583101509	0.03599409696104201
FSD1L	0.19869111201504097	0.03607417917109516
FAM217B	-0.13870656080263544	0.03608670356805012
SLX4IP	-0.1546498470125286	0.03609863680698522
BOLA1	-0.16334278559211057	0.03612002357791306
NUP37	0.10424139556704048	0.03614898125679707
PEG3-AS1	-0.41606470090288106	0.03617612620409603
FHL2	0.259565577573305	0.036189670720358134
PHF7	-0.15653846078821942	0.03623169607451242
TSPYL4	-0.15871989651628837	0.03623487138161041
WRB	0.19553953038220584	0.0362368873186492
D2HGDH	-0.19198825311904688	0.03624701788895083
ZNF431	0.152258438871554	0.03625843291117605
CLEC16A	0.13533870909586554	0.03627840233949624
TUBGCP5	-0.159687225686719	0.03629329017930848
TRIM45	0.24521843701064938	0.036296255885197456
TMBIM6	0.060660060106513924	0.03630573312952978
PGBD4	-0.1952454298464925	0.0363982340502435
ZBED8	-0.3136417171484984	0.036416947417974084
HEIH	-0.12982199538470773	0.036462641885188364
TUBG1	-0.17606966439536542	0.03649220113730327
CLDN10	0.3076476897224296	0.03649858565487559
TMEM43	0.10165202382832561	0.03654177161892788
RMDN1	-0.131878804122179	0.03656546300511036
THOC7	0.09486165822682047	0.036612802057656296
C5orf46	0.38545674460714086	0.03664074415352962
VAPB	-0.18810468514411305	0.03664294980582476
CCL7	0.6177206834999991	0.03667174466319106
ING2	-0.14724725015226348	0.03671762823994271
N4BP1	0.12998325575939695	0.03673690536248756
DNAJC21	0.1118324531065138	0.03680798615933505
MPZL3	0.14553001209899286	0.036816347144819454
GS1-164F24.1	-0.13006604903383678	0.036839403846336896
OXSR1	0.12016324269423961	0.03684009541478933
PAN2	-0.21630306303571523	0.036861142423418376
AK5	-0.2937767027236866	0.03686509833482555
SMIM13	-0.10257633044486525	0.036896407761787604
TLE3	0.190517331058901	0.036900286052460464
C11orf49	-0.1409484209010028	0.036904570540180495
CBX7	-0.2506078128402258	0.03690542850778642
TIGD4	-0.35577830937155763	0.036911071644679626
KRT23	0.42071761352255876	0.03694681618138173
CPM	0.3923083915488732	0.03696298705854458
NALCN	-0.35699639820739826	0.03696800677216325
C1orf56	-0.20157791272493775	0.036974709929552166
NUP133	-0.11729130814536326	0.03699386181332244
ZNF23	-0.11065699384022842	0.03702648452123384
AP2M1	-0.1070406698421067	0.03704143834078669
GRIN2A	-0.4653255227907298	0.0370534042873438
TFAM	0.16573558808522293	0.03708164332051919
LRRC8E	0.3147592071058858	0.03710616517514659
PTOV1	-0.15670787456829238	0.037170444810269494
CGN	0.18739048110087353	0.03720229334147209
SYDE1	0.10017783666792024	0.03721289363541129
SEC24A	0.07445253048245704	0.03728708139080445
HADHA	-0.09645860195489142	0.03728810792779735
RNF167	-0.10340881787468525	0.037300503999784275
FAM102A	0.18984669270049537	0.03734216933468725
ERP44	-0.08573826535713813	0.03736432882671473
ZNF251	-0.13656059785025043	0.03736851927785088
ZP1	-0.2309871477882215	0.03736997184445265
SLC39A14	0.08053401234335844	0.03742344671034632
KHNYN	0.1728668278809522	0.037438278333342026
CEP192	0.16446543222807009	0.037466857218885895
MRPS18C	-0.13232606359586718	0.03748813755793762
HIST2H2BE	-0.18581409221804712	0.0374904384853448
WDR59	-0.12120004609648838	0.03750389883740582
TOR4A	0.2974003629906008	0.03757874936834995
PAK3	-0.3438754509642852	0.037594977298178574
FAM98C	-0.18258253732330765	0.037598249946954446
CDK10	-0.2259163684053842	0.03762225118454757
LINC00663	-0.35203204795927423	0.037649252756422065
RELT	-0.163984148575814	0.03768837676607836
SLC25A45	-0.2141792568352141	0.03770813781952331
PDGFD	0.36883878750939836	0.03772441008397004
PITPNA	-0.09042795962469086	0.03774969847745896
FGD5-AS1	0.07730780391604242	0.037774255680516323
ATP6V1B2	-0.10188107180451134	0.03787278765507374
KLHL26	-0.13220262352944712	0.0378871819273077
ZNF337	-0.12790794616353196	0.03791293184143554
CTD-2292M16.8	-0.27703323025689475	0.03792171114265321
GGT7	-0.20524333948245577	0.0379289202352917
ZNF600	-0.11823969711152493	0.03794682486624483
YIPF5	0.09810373079573864	0.03799007707936302
LOC101928403	-0.3107139276904771	0.03803562441493954
MRPL18	-0.08211187523809471	0.03808373219163306
TARDBP	0.0525129329573879	0.038107377707310944
CAPN2	0.08774864672305327	0.038120328647844266
AIM1	0.2973360541998744	0.03815728954249303
SARS	-0.11311208161653674	0.03820344778361072
RAPGEFL1	-0.1631032784805786	0.03822336804169019
TRIOBP	0.13666463485839841	0.03822711659582233
SWSAP1	-0.14892560903258278	0.03825701081708699
AC144652.1	-0.18230553313659037	0.03825835875995641
ZNF510	-0.12204871507957549	0.038268193965353366
RAB5B	0.12212601750689167	0.03837965574754576
DROSHA	-0.1021672500626547	0.038414404799778236
MARCH4	-0.44580462034085055	0.038440032999249626
LPAR4	-0.4721919689310763	0.03849652475126975
RGN	-0.23041634660902055	0.038512796853669026
RAB17	-0.2233311523577708	0.03857102091531449
VWDE	-0.4791009884692947	0.03859039106136295
CERS2	0.13796889737719198	0.0386022511064855
MSL1	-0.12228621385338734	0.03861008413652594
PRKACA	-0.11856328483959722	0.03866293804381553
GRIA2	-0.5173712510582709	0.03867606249713902
COA5	-0.14983228693170147	0.03872529353010091
MYO1E	0.20488969748684305	0.03873000452347739
DENND1B	0.16287245168421016	0.038763690103612185
ZNF526	-0.17392461470112863	0.03880594599274804
LOC389906	0.21608439821679237	0.03881228117808607
PON3	-0.3386750293314549	0.038817536435460945
C19orf40	0.12195356754950293	0.03887490239742893
SELT	-0.09989833360401335	0.03887987798168009
FAM162B	-0.35196340285338223	0.03889422929274106
DGCR6L	-0.1453734110056386	0.038939413667468975
SOD2	0.06304455416666954	0.03897576847049689
ATP13A1	-0.14437590108646603	0.03897729587083532
SGMS1	0.146857852273806	0.038997343118311927
ROBO1	-0.33218852892293427	0.03902737784923667
TPM3	0.05280971401002432	0.03903122724036793
SC5D	-0.11082845729949753	0.03903286492985676
ATP5H	-0.0763495384523818	0.039035924595420546
PSMC6	-0.07592975852757	0.03903663680101383
LOC285147	-0.3774726765557652	0.0390686298459562
TNIP2	0.15025654701691238	0.039069578042594776
VGF	-0.28295143013283663	0.03911135248167399
SERINC2	0.3059334455394698	0.03912430246701047
ZGLP1	-0.1382103527192955	0.03917894998754549
PRKDC	0.12166082926754385	0.039239878941896206
SLC25A28	-0.12457836924185983	0.03924425186898285
ZBTB34	0.11706900210401194	0.03935124982604975
ACAD10	-0.10977015449999872	0.03937418147333243
MICA	0.29858992392981776	0.03937610740986106
STX8	-0.10365317380326111	0.03939273474206962
LOC100130476	-0.4524735694592694	0.03942696278736476
CTB-12A17.3	0.039095897913533406	0.039537848824529154
HPS3	0.13164101280701956	0.03954873685104601
TNFRSF19	0.1537128341165399	0.03955100186140236
ZCRB1	-0.07478932666666438	0.03957136772530172
ABCB10	0.1552365512681675	0.03965709792681109
PRTFDC1	-0.2679975489304489	0.03970902400832806
GPLD1	-0.16687310806077882	0.039721312710666624
RELB	0.21113075041228146	0.03976680006561551
SMARCA1	-0.219847434152884	0.03979069563840195
ZMIZ1-AS1	0.2814147478916018	0.03984023476157424
GPR107	-0.07874105191729086	0.03988211517563269
MEF2A	-0.08725201346365452	0.03993161908043516
C18orf25	0.09625620442606575	0.03994506460567741
NUDT9	-0.1053632383897245	0.03997882706501113
SLC30A7	0.0893585279197957	0.04006848841801864
LOC100272217	-0.6201818058314519	0.040082011697802455
IGSF1	-0.4806480090632803	0.040105045551454215
MYO7A	-0.16880532630012457	0.040112162736091986
RAB18	0.12154337450501629	0.040161366946534605
MAPK1IP1L	0.06826623491854811	0.040186331673474365
NPY1R	0.4490240659674196	0.04019512413408732
SHQ1	0.08738777380952278	0.04029743552250725
ATP9A	-0.10031953549498951	0.040300565421548744
RP11-362K14.6	-0.21012554320676724	0.040351609450867396
LAD1	0.2611617912731816	0.0404325234530881
ADSS	0.11336458011278516	0.0404388396647201
MAP2K6	-0.2840992949523802	0.040452469935773165
SH2D3A	0.28958207098684063	0.040473567885334995
OSGIN1	-0.15176494621553616	0.04049565160339635
AMN1	-0.168723858289475	0.04050503717344619
PHGDH	0.2366450837305809	0.040510646082090804
BEX4	-0.2686194181610233	0.0405337230883476
PDHA1	-0.10266499426065145	0.04059060897224261
SMTN	0.2085466005845884	0.04067624885580868
UBE2E3	0.05228508446741387	0.040718125041428396
ZNF813	-0.216820355969924	0.040722134186628296
KLHL41	-0.6082526917343323	0.0407227780181681
C21orf2	-0.18621494696115448	0.04089226275685349
SERPINB2	0.36808189335087604	0.040927563807975714
MIER1	0.08537180964536262	0.040945174628797036
ACKR4	0.3743077964116521	0.04096022318545557
EME2	-0.19124482467418424	0.040982186982408055
TRNAU1AP	0.1592039209461138	0.04102693707411451
CENPT	-0.11582070773245601	0.041036424660460626
LOC101929988	0.21994386485589068	0.041063981622166575
LSM11	0.15014212580200414	0.041082996264319493
RNF187	-0.09889741677318575	0.04111480049988289
USP18	-0.2900138347374712	0.041207338112795935
AFG3L2	-0.11553104325188102	0.04123588061788451
PREX1	-0.40989210788094965	0.0412416516497203
HHEX	0.16281637653634462	0.041243801961434165
EXTL2	-0.2812069262650363	0.04128722445777629
EGF	0.3835096676917278	0.04129246245290075
LINC00963	0.25565986373371175	0.04130648583162648
PRPF40B	-0.12908411007456078	0.04140599917845595
INSM1	-0.4210567954235582	0.04142000088131774
ATP8A1	-0.367123866576442	0.04149728428480128
EIF4G3	-0.10069417929198465	0.04151538098260411
ZWILCH	0.13886042137405852	0.04153561485793196
EMILIN2	0.2612569980413486	0.041569069675808264
EFNB3	-0.39735119894987037	0.04157953718088598
OOEP	0.4455357077675419	0.041603525614429655
ZNF681	0.20411929004949592	0.041612872539703576
ZNF362	0.1003748829761939	0.041658338873136316
CCRL2	0.2654070962982473	0.041658638259118086
RP1-193H18.2	-0.422788230813282	0.0416709265358878
AK2	-0.11707408376566342	0.04172138360292718
PFN1	0.11577423532581932	0.04178514778929933
MLLT10	0.11194556175062687	0.0417875363295536
LDLR	0.23113868218421096	0.041841012004987715
SPATA5	0.20797052960526585	0.041879211664509225
JADE2	-0.12027503844359977	0.04194912505364974
RTBDN	-0.2292976133258131	0.041960154207091205
NDEL1	-0.10049994119361116	0.04196225574696749
TSC22D3	-0.1585534123145358	0.041995466406299156
TTC12	-0.15599973161278236	0.042007796863892735
PTPRT	-0.49143939970050354	0.04202645653289249
LRRC34	-0.41176107351127733	0.04202908565273637
RABGAP1	-0.0853055880075182	0.04203642623815552
KLF5	0.21772160883458724	0.04208522141234764
SYNCRIP	0.12688256716792168	0.04210185940390684
SLC35G1	-0.22910194528697136	0.0421052188028142
USO1	-0.06152010166666422	0.042119633428214426
GARNL3	-0.2145625225682961	0.042169609377829174
VDR	0.13731042278821626	0.04218498249588751
KIAA1244	-0.1488181982957446	0.04220229810529502
MBOAT2	-0.30504214589786827	0.04223633625547589
AKAP7	0.21915055329072075	0.04225660172461802
TMSB4Y	0.25060840778383664	0.042281568812523054
IPO5P1	-0.1446180976660374	0.042300438563014374
ATP5J	-0.05372046045739509	0.04230859109500125
KCNJ3	-0.457639611129701	0.04232119937454346
RHEB	0.09254272194235647	0.04233570549824167
OVOL2	0.13636623877506082	0.04234129928317247
PECR	-0.14767033057330714	0.0423429620229645
RP11-54K16.2	-0.0862575394924816	0.04242222237307828
SLC39A11	0.21643957186214813	0.042476926580604965
GAS6	0.2356278256572697	0.04248637884741492
ZMAT3	0.1272090292951198	0.04252639549095851
SPI1	0.1901677151679202	0.04254743047481492
PSKH1	0.09057742138533431	0.04257264668318827
NACC1	0.1203918192863398	0.04257460283998953
TMEM177	-0.148281627764411	0.04257610925925677
PDK3	-0.2971428756823311	0.042656870094078245
MCTP2	-0.17167380811340927	0.042657431923026436
CXCL1	0.3642053383602768	0.04266275713575374
ZNF623	0.18104059977694398	0.042689260980143785
ZNF785	-0.19793255184523773	0.04269768229143977
LPL	0.327651034715541	0.042725458536281805
DNAJB12	0.06814418099624397	0.04273564987504627
COX8A	-0.07278330088972851	0.042753271763039606
MAN1C1	-0.3413787969949862	0.042757597515814955
CITED4	0.20882360255137744	0.042765009398696006
ADORA2B	0.36595489304198203	0.042794210836021966
KCNJ6	-0.5029233494711747	0.04280269162074566
UHRF1BP1	0.13321161761905032	0.04285026264097327
MRPS6	0.10363564510025114	0.0428899190695805
PPFIA3	-0.2034929053634107	0.042893633114991433
TFF3	-0.4081348915839582	0.04291496504040296
AC145343.2	-0.15277781509523614	0.04294297649223507
GOLPH3	0.13267527470112306	0.042962904233671724
WBP5	0.15393702412656474	0.04298577231864268
LOC100506083	0.1947569226315764	0.043043147964931236
GORASP1	-0.09691379643671993	0.04305795132026604
CACNG8	0.11298681518044695	0.043089273785558005
NOVA1	-0.37418826051190734	0.04309245424584741
RAB27B	0.31654623182706665	0.043100386294935025
OTUD6B-AS1	-0.18581745118421011	0.04311173173954926
ERV3-2	-0.2585522483596492	0.04315719411149493
LOC286382	-0.5453377339160435	0.043186655935846904
LRRC23	-0.18411268421867444	0.043210059170454944
KDM5A	0.12217329461529047	0.04321824280831801
RRS1	0.23060852837594403	0.04335069777183144
PINLYP	-0.26637687808333244	0.04340353730128416
BEND5	-0.1515488755357115	0.04345727483380173
BIRC3	0.25499953712844636	0.043463603708491866
BCMO1	-0.4405463359981212	0.04347768314351179
KANK4	0.5170081919667888	0.043513492779155276
SETDB2	-0.1569476937167913	0.043522711485425386
CCT7	-0.10401942890977622	0.043539336112566385
RP11-999E24.3	-0.43555310378070544	0.043612885513847593
MPPED2	0.27969776896303244	0.043630034460992416
CEP57L1	0.16548466963408703	0.04372751561003594
GYLTL1B	-0.16002205184586504	0.043774411209006936
MSANTD2	0.14780490305639127	0.04377763495829461
ZNF689	-0.12329726172180067	0.043799781152842124
IFI6	-0.3833887425037581	0.04385041548709433
RASGRP4	-0.13883982991040345	0.04385100780034897
COMMD2	0.14529290168546893	0.043891194476368835
PFAS	0.17361447218170412	0.04393202109371316
PPP1R2	0.12191138730576334	0.04395853663984228
RNF103	0.09322862406014742	0.04399644064199767
MTA1	0.09154474668546797	0.044062691821572623
TOLLIP	-0.1093261115664177	0.04406962613094935
TMEM248	0.10186157208019608	0.04410945270340544
TNRC6C-AS1	0.18481399082706584	0.04411145326891534
CMSS1	-0.16569743520926927	0.044116535615543476
TYK2	-0.09265462280764147	0.044197037093666604
OTUD7B	0.1402258419285758	0.044217440821767214
GCNT3	-0.3791675873464939	0.04423618524243191
DAZAP1	0.07483757459272944	0.044251363223776596
HEMK1	-0.13574427999561145	0.044310135566656715
ZNF449	-0.13412767937030168	0.044402395829748476
PPME1	-0.10708073357331216	0.04440323520309132
TMCC2	-0.27517608062280985	0.04442024544728919
IDH2	0.2381793822368472	0.044430483057951324
FAM83H	0.13373063032580923	0.0444414836421652
LINC00957	-0.4391077912963617	0.04445104592253677
ACTL6A	0.1784385850350887	0.04448199440436216
COA6	-0.10429679476190934	0.044502956285402705
SEMA6D	-0.32334542302318603	0.044521658983651874
ACOT7	-0.14184161015914398	0.04454245230829976
LFNG	0.23150226002694296	0.04454641178478053
SH3TC1	-0.28654879817794665	0.04456926709337401
SETD1A	0.10063264822932716	0.04457059471162215
CEP170B	0.13755030308082894	0.04459738151439726
TPT1-AS1	0.11504798919172643	0.044791661433622156
ATXN1	0.12198539932832198	0.04479859024744268
ATP5L	-0.08102529372806977	0.044800976051695786
RALGDS	-0.24274953734210314	0.044835117758822304
STUB1	-0.10011234582706408	0.04486757984907733
ARL4D	-0.26402059056892035	0.04486845731032965
SCAF8	0.08192501796992424	0.04488880103508562
ARHGEF40	0.19927495109398485	0.04489215853938353
R3HCC1	-0.12949825753321065	0.04489723011226346
ANKRD22	0.4854989287412277	0.044939458414000606
Y16709	0.05373417710526418	0.04494839057076073
DDAH1	0.09051484557644329	0.04494999728962737
PPP1CA	0.12230282184837549	0.04496771738949802
ERMARD	-0.1466397937061501	0.0449849030401582
RP11-747H7.3	0.47896206460964663	0.04498737609685094
ZNF844	-0.20772437476315986	0.04502167327119492
NDUFV3	-0.19191193799123063	0.04503163034922212
CPOX	0.20225362226629073	0.04504245568121584
STT3B	0.07268116498746835	0.0450440807687197
PTAFR	0.45823442987656726	0.045044964177591656
KRTCAP3	0.2513350402988692	0.04507258045194997
PCMTD2	0.1481162724373455	0.045087264085997204
VTCN1	0.4408428411253169	0.045142771051922416
TBC1D8B	-0.2698932089053887	0.04523704361641001
GUCA1B	-0.20101628413659522	0.045286793135192634
USMG5	-0.074395569398499	0.04528977639098757
GINS3	0.17128010471428468	0.04530682157781462
CASP8AP2	0.1676495086459875	0.045338315378606435
POPDC3	-0.48192061185839563	0.04534826480667404
FAM53C	0.08577142548871919	0.04536980705222221
PRR12	-0.19287977322117822	0.04538526474398312
SDHD	0.10563575155889637	0.045410412022021514
LHX4-AS1	-0.2174583887932373	0.04542163323444137
ATG2A	-0.11764600591603713	0.0454719778896569
EPB41L5	-0.16463035550438754	0.045472588443973005
CLDN15	-0.10427818523872023	0.04548358348002117
RPARP-AS1	-0.1786130613659136	0.045514822139699554
RAB3C	-0.43620362303947147	0.045544186139452644
FAM13C	-0.36144510576253097	0.04558313013483957
IRF8	0.4269945484843358	0.0455838881107039
METTL5	-0.11032558007518034	0.04559380519275495
TANK	0.11673947380576166	0.04559443696663846
PNMA1	-0.16643043991854967	0.04563478560127834
ZNF329	-0.1225179769686715	0.0456764780513632
CRYBA2	-0.6509725696221835	0.045678696567882385
GATA4	0.35074014294987066	0.04580953689472981
PKD2L2	-0.17445681071867547	0.04586583102844409
GADD45G	-0.23132989852255648	0.04587467633546395
UNC5CL	0.1150993856265714	0.045900604193401695
COMMD5	-0.09950840582393283	0.04598398421208498
GPHN	-0.10216208658208004	0.04598514994917977
ITFG1	-0.08549146336465974	0.04599471999436945
GALNT6	0.1790378470670433	0.04600693851582703
HAVCR2	0.4745379566704244	0.04603226251948233
LRRC1	0.06770371085839777	0.04603475437472906
NEFH	-0.3294672634780733	0.04604812553164253
KIF26B	-0.3649235382888474	0.04609576588922831
CTDSPL	-0.14312879504385911	0.04610560402428718
LINC00202-1	-0.11207526851127625	0.04611475309471046
CHCHD10	-0.13117831296553994	0.04611534325164898
CSNK1E	0.18513800621240328	0.04615867274646016
LOC102724356	-0.29614543285087613	0.04616669050624262
EPB41L4A-AS1	0.15059642090852954	0.04617963087670366
BCL2L15	0.4284038935695538	0.04619219639573778
TNIP1	0.14911753255639404	0.04620001867961758
UTP18	-0.12249295733959542	0.04623778144426292
PGBD2	0.1401942463991226	0.04625764174749333
LRPAP1	-0.1471639659605266	0.0462964781325554
NUP98	-0.08366143344736798	0.046296973217591304
PKLR	-0.2515261601547625	0.04629805523464983
GPKOW	-0.1518758307136565	0.046334939747423406
CHD7	0.11519809921554014	0.04645466105824588
CCDC127	-0.11629466335776684	0.04648483099239906
LOC101927651	-0.2547521922512539	0.046520397849643215
PITPNB	0.07705678077694245	0.04654257357821756
SLC22A4	-0.2718723562951091	0.04656606641268326
IFT80	-0.15543918424247494	0.04658443100479164
RNF8	-0.13443835524185843	0.0466074738246014
SLC36A1	0.18840330802944827	0.04666652767814228
C21orf33	-0.10790127963032603	0.046677076567029394
MPV17	-0.14260440027192622	0.04670181400247876
POLR2D	0.15502375282832226	0.04673328089601299
LOC101060391	-0.6049053161134079	0.04680205008415078
APTR	-0.13958006909962073	0.04681842263555684
APPL1	0.12324363484774281	0.04689646872891021
FAM173B	-0.1306381321585217	0.04698880380641126
CPQ	-0.25201602823558744	0.04702454400382086
TMEM242	-0.10284296830451822	0.04703908158667094
TULP3	0.11202588894674292	0.04704497375155712
RPS6KA1	0.1445405905808279	0.04706774854134486
GALK2	-0.12904287551941884	0.04708012715228165
INVS	-0.17550742784962114	0.04709708200612574
LIN52	-0.12858309853884897	0.047112727515272006
PUS10	0.17977940042982343	0.04712549740079664
CD52	0.4860628339912276	0.04717419018721652
SPSB2	-0.16203716221804232	0.04722145108164786
TMEM150C	-0.2640950403815765	0.04722464526068438
ALDH1A3	0.2039186693233095	0.04723354660263163
RRAGB	-0.15411417253759563	0.04723576965986869
MRPL22	-0.0909355836716852	0.04728069903356246
GNAI1	-0.24235128209523715	0.047350421837835124
SLC27A3	-0.19902341751629216	0.04737664049172497
CCDC14	0.14086512784461291	0.0473942803718271
ZNF248	-0.19526763411466064	0.04746939056674459
LOC101929668	0.321146843600876	0.04750047537367014
RECQL5	-0.15196138900125256	0.04751323959096515
RNF125	0.3662962476297036	0.047548867928667554
NSL1	-0.11895261014411318	0.04755255531244232
SYNPO	0.17482717222243238	0.04756742879343932
ELFN2	-0.7703484102863394	0.04758325252105272
LOC148413	-0.11302570711779403	0.04763244362709865
COMT	0.14349066694297896	0.04763868705591799
RGS3	0.15413249199623813	0.04766120416214083
DFFB	0.19030802717418815	0.04768976356791942
RP11-422P24.11	-0.4747015862111521	0.04769238142002552
RPRML	-0.20309206796930024	0.047732364423371115
BLOC1S1	-0.14594827739975003	0.047761220077256375
NLRC3	-0.27532827513408353	0.047779587397813655
UBFD1	0.12351690422431183	0.04779698621832495
EML5	-0.2521574487080205	0.04781232240957644
ROMO1	-0.095828716334589	0.047833825950623646
CTAGE5	-0.1202675715695527	0.047876530004970656
RP9	0.1782447231760651	0.04792051100264613
HNRNPR	0.05759758829573869	0.047937931578104755
NDUFA11	-0.1599663265538851	0.04794032389234661
KLHL7	0.08097461951127727	0.0479982938265704
PQLC3	0.19665801864912957	0.04803506058822971
PLXNA4	-0.33365175434523753	0.04810502463243543
PIH1D1	-0.14264070910840054	0.048156564067154295
GTDC1	0.13794734463408176	0.048226762228162835
TBP	0.1199373788057656	0.04823639010016754
RBM4	-0.16966292938283623	0.048237228115074894
ADK	-0.12463178850250678	0.0483464856668803
XYLT2	0.20290598017230543	0.048350782359313185
TFF2	-0.8714508084235577	0.048375044112073204
TMEM64	0.17220165368108198	0.04847066451719967
JMJD6	-0.1032260911578966	0.04849653760350478
PEX1	-0.11742693717481423	0.04851052622439635
CMPK2	-0.19658450671679262	0.048584516465603744
ZNF469	0.26199740491603585	0.04862579390275712
SNRNP70	-0.11119080369549117	0.04863131138256715
ZNF273	0.18072410650000226	0.04865236843665898
SIDT1	-0.40619242482957674	0.04866294400948845
PAIP2B	0.29255234814410613	0.048672061428791026
AK7	-0.2844893132944861	0.04880906989799758
SGK2	-0.20011440288471327	0.04881565008044418
AAED1	-0.14744380154072356	0.04884101035344107
VPS54	0.0815073898496248	0.04884915087918714
KCTD12	-0.3600651166804578	0.048871922609152095
HUWE1	0.027389628865920557	0.048973686498796395
RNASEH2C	-0.19866623911027403	0.04899757336597541
IGF2-AS	-0.10359113293859767	0.04900691602532698
PI4KB	-0.10913652443107758	0.04900923530064602
PPP3CB	-0.09534732161027293	0.04901860386787728
PTPRC	0.3890190133552638	0.04904736467751213
XRCC6	-0.07638114278821462	0.049152852226528314
TSNAXIP1	-0.12765945008396073	0.04916332928414655
GRIK2	-0.41886724912281004	0.0491785421700452
MIA3	-0.12090591841729292	0.04918692340326006
KLHL12	-0.09778304627443468	0.049202081956483436
PHYH	-0.16989654265914744	0.049345190614695666
TEKT2	-0.19239244311904535	0.049365513216316305
GCC2	0.08977517149310543	0.04936645724606106
DBNDD1	0.2846220578703029	0.04938487105116585
CTC1	-0.1383761127468679	0.04938728897145112
BMPR2	0.10168317876566135	0.049446382451120346
GYPC	0.19645292681265758	0.049460259404513915
LTBP1	0.23271360439223088	0.049520564567510354
TRERF1	-0.44563677488721787	0.04952186662807373
DDX42	0.09154131790100806	0.0495313107724047
CAMSAP1	0.1507097828652899	0.04953138573675084
DYNC2LI1	-0.1176237532456117	0.04953511250133551
SEPT7P9	-0.15876267725062743	0.049557856341863875
MMP7	0.16496346627819314	0.04963278358924756
SNX30	0.14157766785776715	0.04965451512563809
FDXACB1	-0.2190362989937329	0.04967339441509779
MYL5	-0.13184048737844556	0.0497340276180081
SHC1	0.08254590513158355	0.049734347950266905
FLYWCH1	-0.16431305143609443	0.04975511461929715
RBM12B	0.09961176728884524	0.04976020632808652
CAMKMT	0.1527090401046376	0.04976170201432196
TMEM17	-0.19400635503133223	0.049768541467256934
TMEM187	-0.10869744083771771	0.0498585884533766
ZBED6CL	0.3075603806998739	0.04987504955187566
CC2D2A	-0.2689223109185468	0.0499198833998879
LA16c-358B7.3	0.18059252145613947	0.04994767594971055
DAPK1	0.10535913258145513	0.049952818332637906
SRRM2	0.060171244010032154	0.04999305878496631
TUBA1C	-0.06818362155388868	0.05000809203788564
RNF207	0.08785904854635973	0.05002032636528673
TMEM163	-0.12997509939223129	0.05005366649490435
SH2B3	0.15923932840350652	0.050091991312041714
RP11-134G8.8	0.248230305140976	0.050136971778274246
GBA2	-0.10540216183458462	0.050138769267314726
PHF2	0.14015257058897568	0.05019299062480224
ARHGAP44	-0.17986222342857694	0.05019650000120023
TRIM66	-0.17151666006203037	0.05024022503174322
SAMD12	0.1764652032969991	0.05025440854112692
USP21	-0.1858448613840844	0.050261547882363866
RP11-539G18.2	-0.3530679560363392	0.0502805850464371
C16orf45	-0.15597553703571698	0.05028977608460124
ZNF483	-0.3855388397023791	0.05029399361401139
MIR100HG	-0.18575441994987507	0.05029755275148652
ARID3A	-0.20824249616603652	0.050313251230366236
ACTN4	0.19440489501128155	0.05033713646161842
GLT1D1	-0.4133260478847145	0.050348699267650385
MAPRE2	-0.14965881894360678	0.05036162482329584
GTF2H1	0.09860387135338122	0.05063432745968934
GPR3	-0.22439606414661828	0.05066266161804889
TSHZ1	-0.18678464672493966	0.0507119253960662
NCK1	0.12541395319235704	0.05075807622108026
RIC8B	0.16066826246240318	0.05085001063935531
ZNF271	-0.1326214717462424	0.05086796755103592
MACROD2	-0.31110108242105383	0.050871542840870844
THAP1	0.10478580357142597	0.05089437111753758
LOC728485	-0.352088131045738	0.05096575708859288
HEXA	-0.1806910831065185	0.05106320997536967
CDC42EP1	0.3147439956535081	0.05109233929763138
PRKAB2	0.14165418794987517	0.05110839138104275
KDELC1	-0.18310204582017509	0.0511816478308038
BIN2	0.1772600305708032	0.05118522354096028
RBL1	0.1841481697293217	0.05120321067776284
TMEM258	-0.10940575817042486	0.05121585448989311
INTS6-AS1	-0.2633275419373433	0.051251489449780877
TRAPPC2L	-0.1421568818132819	0.05126010730340379
ACBD6	-0.0942392488734285	0.051275513536079946
CECR6	-0.21038325685275616	0.051377508578754325
CXorf56	-0.11297977437531337	0.05137907803707691
TTLL6	-0.3993256726510026	0.05145801106647538
SAP30L	0.11716685174999775	0.0514584547847591
VPRBP	0.1232633818502542	0.05146453220587092
SP4	-0.14132575539598946	0.051467250236042913
TRPV6	0.2688319462819546	0.05146956441036193
ANXA4	0.16902414702380852	0.0515114520971129
NETO2	0.2649303078176688	0.05158127319517422
SMARCD1	0.12002352449123066	0.05160611141248412
NCBP2	0.0627401374498735	0.05162232387812708
UQCC1	-0.12993319170676454	0.0516842655446011
ATP1A1	-0.1282621396741881	0.05168569667499826
DPY19L2	-0.3562741342719331	0.051708651068227744
C1orf194	-0.3736361411177951	0.05174470561857685
ZNF524	0.1656859427117796	0.05175434892553563
ACOT9	0.200125971444864	0.05175518184759928
DUSP5	0.2580462860758157	0.051838828010477664
COX6A1	-0.07616264257518957	0.05184573076315392
DLGAP1-AS1	0.2420476130864717	0.05192136924176323
SERPINA4	0.4174902727819596	0.05195485812470859
ACHE	0.3389402641911019	0.05199508577371347
SHC2	0.17751850019799775	0.05201373169974577
TACC3	-0.10593769457581281	0.05206607713537075
KCNF1	-0.11917936947869912	0.052072695925542076
TBC1D22A	-0.1635143158728063	0.052075713427058495
NDUFAF5	-0.14628730650626487	0.052076628556196235
CCNA2	-0.12639059261591612	0.05208029350601761
SMC5	0.14700429164536288	0.05208720441509218
MORC2	0.13276213158145644	0.05209733178462615
RPL6	-0.033920387543856734	0.05210415434765087
PSMG3-AS1	-0.25724422913157774	0.05213180696487015
CXorf24	0.20293244452882142	0.05215247034500431
STX7	0.1352506114912302	0.05215560816913845
STT3A	0.1207675815426068	0.05225052951419359
DGAT2	-0.2619125641052644	0.0522653862404744
KIAA1377	-0.43594092754198144	0.052276911260374176
LINC00936	-0.36319599001691394	0.05233851711715818
ZNF624	0.1676345397637835	0.05239187136397884
AK055981	0.33268163029198305	0.05240596405159334
DDA1	0.17307493384774197	0.05242592424538934
MBD5	-0.24246703151002524	0.052495373292409
DHRS3	0.21178831864034642	0.052496063883884704
MORN4	-0.18957993961591946	0.05250056290052132
NXF1	-0.06844035380638758	0.05251130290083825
RAB32	0.2094665142086516	0.05268665268933047
C19orf10	-0.10022390372305878	0.05272859925056651
GET4	-0.09970700992857395	0.05273575022730653
GRAP	-0.2085320282656662	0.052740001542017564
GMPR2	-0.10227881563971941	0.05274016633592354
KANSL1L	0.1872790339392285	0.05277223210594093
BCL2A1	0.44464414194047563	0.05278883917376649
MTERF4	-0.1524576720006312	0.05279693217401611
GUCD1	0.21055295380952543	0.052919611706940865
PARP11	0.1658895353427301	0.05294922430484758
GTPBP8	-0.09896484409774153	0.05295069331427289
EFHD1	-0.3938031653872187	0.053024587452086415
PCDHB4	0.26483201112093013	0.053033721012299403
HLCS	-0.10030715541353352	0.053112008306919534
EFCAB6	-0.17193218153509093	0.05314271645283912
RFTN1	0.22885909280074923	0.05316694191930275
DNAAF2	0.19069723284335804	0.05322039303191445
CYB5A	0.26333835944110007	0.053227410127561076
LILRB2	0.2335069403295762	0.05323112800144827
PPP1R32	-0.11004061569862156	0.053245182276886634
LOC100272216	-0.21130943472932362	0.053248043135517106
FAM175A	-0.24922392657393466	0.05338078218895861
DCSTAMP	0.41754319025313436	0.05340857028978194
ARMCX3	-0.11455754062656887	0.05342415118953031
FGF14	-0.44718512307832015	0.05346318172790096
MED7	-0.11295783637218015	0.053538642412723686
DEPTOR	-0.3979779738796996	0.05354278459133364
TNFRSF1B	0.23080823182205457	0.053543398830229384
NMRAL1	-0.15747841012281327	0.05355924823226741
KCNK1	-0.11582725525062543	0.05357059484749305
TJP3	0.33843120060275744	0.05358722477688738
CETN2	-0.10129430893357849	0.05361456898952779
BTBD11	-0.3690273995012525	0.05364900187336714
ACADS	-0.10145626340476088	0.0536862185606873
TCEA1	0.06629248381579167	0.05379964301199689
OSBPL6	-0.4063484432857134	0.0538255849106646
SLC27A2	-0.23192788398809316	0.05385823650873745
ACADL	0.4217940225814534	0.05386396781439829
RRP36	-0.11932102253320132	0.05387177866952993
CDH22	-0.2819829998966146	0.053889051557578976
ANKH	-0.1984614529354598	0.05390106819151144
DCTN1	-0.1249480989686731	0.05392838733577932
TMEM154	0.25049584113408674	0.05397652725952281
PTPRJ	-0.12352684210902076	0.05399617563352572
SENP8	-0.178115012873433	0.0539997880412084
MARCH8	-0.13575502139097395	0.054004413267327744
POLR2I	-0.14014837058897456	0.054044031087270857
DMAP1	-0.18360094067418764	0.05413496411412644
STK11IP	-0.1372812198402258	0.05427071795664989
C3orf58	0.15333866745676517	0.05427501744914688
MTDH	0.06807206189222725	0.054316042235606626
FOXO4	0.2556480390933613	0.05432493027630388
SREK1	0.12619976371679265	0.05434215969895086
ZBTB24	-0.12800349210651518	0.054361402055530646
WTAP	0.07352056913534177	0.05444483149905322
TMEM222	-0.1115774670018812	0.05448336991963302
THTPA	-0.14881396632518928	0.05454314556889693
IQGAP1	0.05441291394110337	0.05455528251443076
TNFRSF11A	-0.21012223958271292	0.054570796285003505
RANBP1	0.11285814028006946	0.05458302775169482
ICE1	0.06768591630325282	0.054619908567719644
FUK	-0.12130615052881666	0.0546771133437011
ZNF335	-0.11534680777443374	0.05469286399333222
ASPSCR1	-0.11891984952443835	0.05469492902608126
SOCS5	0.10411007594674082	0.054761213662798736
SMAGP	0.29835307103571296	0.05479985148813455
LOC102723559	0.1713242501936083	0.054804844537274536
ZSCAN21	-0.10937282118170621	0.05486676446343587
MRPL54	-0.1713786136008757	0.054897551463002965
TUBGCP4	-0.09074958597869909	0.05496938974421999
OVOL1	0.21370347794736766	0.055005834824518984
SNX19	0.091271166271925	0.05502787387073895
SRSF1	0.04909911632205599	0.0550333443148275
TNFAIP2	0.33070436358270605	0.05504642326664408
NOD1	0.12385269807205468	0.055059387392985916
LINC01116	0.5006512755588943	0.05506734548814143
DPY19L2P2	-0.38449423800187965	0.055090289418659205
TRIM56	0.12650505399185263	0.05511008370099387
SELK	-0.10372282618420847	0.05511855429586803
ZNF416	-0.16784611199248456	0.055125099961889
MAST3	-0.1832447044718073	0.055139269319543646
GLIDR	-0.11811342268044989	0.05515937526421234
NOL4	-0.4119680466691733	0.05516277696343942
LOC730102	-0.20464860439724308	0.055186061873333345
CCNO	0.34031101710651424	0.05523406754947751
GALNT2	0.23661443579824493	0.05531798348580269
MAMDC4	-0.17297874600062535	0.05535634752081893
LYRM9	-0.1556818594279452	0.05536685158255408
GSPT2	-0.12942840625501084	0.0553702379778158
SERINC1	-0.09602717180451315	0.05537138649344294
DIRAS1	-0.1984699788740638	0.0553984658250593
ITPK1	-0.09849038206140115	0.05541297079095631
LINC00965	-0.23966408537593953	0.055414346584848624
LOC286071	-0.18805532791604218	0.05543364154721334
HAUS8	0.10139681529072675	0.05552819871038054
ZBTB49	-0.15335522211904618	0.05559626385956274
SEC31B	-0.347869420590853	0.055605551538294634
APOBEC1	0.40093620913972394	0.0556525754032646
RPS4X	-0.028433303947370092	0.055740636718584244
C3AR1	0.3223093398214285	0.05578294178790753
CRYBB2P1	-0.1741845357894718	0.055799105464941955
C2orf15	-0.1478205366447387	0.05579925686042115
PLLP	0.2997517748740588	0.05582279552883036
SDE2	0.12237402069173164	0.0558311580806937
LMNTD2	-0.10923457701441297	0.05586034373323207
ZNF706	0.08074614819549275	0.05589401492495971
DHPS	-0.14924805099561844	0.05591891873350959
GPER1	-0.3615359579003732	0.055982100351614675
ASRGL1	-0.22658413306015301	0.0559993044986638
KCNK6	0.2386988868001234	0.056110158398982604
GPR19	-0.4517651000438585	0.056112192421282236
SRP19	-0.06785270593358739	0.05612630564735698
PIM2	-0.2022824311760676	0.056138365919376584
ZNF277	0.18585988506077378	0.05616644669811547
TUBGCP6	-0.15896050181766697	0.05633530054148131
DHRSX	0.12917307050626547	0.056356675999040866
PDZK1IP1	0.322480936518172	0.05635890690707032
AAMP	-0.10200259378822096	0.05638286233682016
C16orf91	-0.13058011717606455	0.05638310015304598
CSRNP3	-0.38961497218295893	0.056453955295874055
SLC25A24	0.10032841975563933	0.05649505059249637
CHEK2	0.18051700046490993	0.056544594386659694
RNF144A	0.21526611927443895	0.05654971693908133
MITD1	0.11462165249498923	0.05657784732685528
NKX2-2	-0.4961898612431135	0.056625206576900636
NOTCH1	0.17282347739473458	0.05662799600150472
MERTK	0.2530382234611528	0.05666929993498938
KAT6B	-0.14238290250438723	0.05671529074979756
ENOX2	-0.1284839171842087	0.05672216192938825
HNRNPU-AS1	-0.21638424667481004	0.056742890163283405
ASXL2	0.07731975380952072	0.05680478151861796
ARL6	-0.18665175780639665	0.05689331438392172
POLR2H	0.10293625349624058	0.056927474480237314
RHOJ	0.38149908260588994	0.05698946296058119
NDNL2	-0.13535531740475903	0.05699985150175524
RAP2A	0.1059759128383444	0.057029884256183515
MFI2	0.21111875401253144	0.0570476657621538
ARHGEF7	0.087827104830831	0.05704936107663398
GCA	0.17060945615225265	0.057090930016610635
ZNF786	-0.23849102037218195	0.057096105931211366
MRPL20	-0.07854159934211147	0.0571198924082655
CA8	-0.3233923762863409	0.05713504185587141
HDAC1	-0.0602150697994972	0.05717704684906889
ANXA5	0.08290426310777121	0.05720018739137058
MAPK8IP2	-0.2735527789404779	0.057202809074452396
KIT	0.41779586659586343	0.05727423218404736
NME5	-0.14595556231203233	0.05728793976435943
HYMAI	-0.2974481616384743	0.05734927295213432
RCHY1	-0.14509686083082762	0.057365959243690486
HNRNPA0	0.05293810109648689	0.05736963681990442
CBS	0.18584738216603647	0.057384430319420976
BMPR1B	0.2657267691309535	0.05738897228186026
SUV420H1	0.1687625336723091	0.05742110144244449
CREBRF	0.14581107004386062	0.0574215000678331
REXO2	0.05322421537594835	0.05747795360662616
BAIAP3	-0.3098321906635384	0.05750291536051296
FLJ38717	-0.15113491643044696	0.057535970582668655
HK1	0.1604023586102734	0.057580669607709946
ZNF266	-0.18850328260714022	0.05759942391482425
KIZ	-0.14308790585713815	0.05766067021223337
TIMM22	-0.16144728913721273	0.057692578221487434
GRIA3	-0.4568951831804533	0.05771794708476659
LOC285556	0.8698946503389706	0.057737610426865524
TRMT13	0.1215037650676738	0.057754953308463426
RP11-263K19.4	-0.21407576804949535	0.057758860455688135
ZNF879	-0.22241460767230414	0.05776140878572698
KLC4	-0.1528094389129091	0.05778975829440164
NDUFV1	-0.117540530507517	0.05783796340068324
ZCCHC7	0.07531959770049568	0.0578452018976385
GALK1	0.19731568550313128	0.057937723525586064
RBM24	-0.5018238861077711	0.05802041942522946
WNT9A	-0.18514450829886897	0.058044592844182924
SRA1	-0.10782754354636559	0.0580546911017907
SHISA6	-0.6585926485632836	0.05808952128253742
ZFY	1.4069880093170433	0.058209444774810874
NAT6	-0.14293894055325929	0.058233310125382215
DDX6	0.12106730241228192	0.05825113126391765
ARFRP1	-0.08101181598245866	0.05829279927268504
ZNF783	-0.08591648663470686	0.05837373101996645
NADK	0.0974929232769437	0.05837714360941552
CYP3A5	0.3487249502142902	0.058383365636997864
PLXNA2	-0.24858011346867315	0.05839240294868089
DPM1	0.11165578223057615	0.05839334824347122
RGL2	-0.10690936070864687	0.058442069956908205
CCNYL1	0.17318285628445906	0.058563700551470116
ZNF576	-0.1374650873182972	0.05858000016808872
MIEF1	0.1148492556516274	0.05860474643181453
THRAP3	0.10730771855262944	0.05861760373617436
IFI27L1	-0.11671470276065321	0.05861822188804851
PPP1R14D	-0.3417037469448614	0.05879051299974026
PCBP3	-0.174987042307019	0.05883576231301177
CRIP1	-0.37197056479072543	0.05888400945706093
AP1S1	-0.1315685040294472	0.05888674524685783
C12orf5	0.13838726329198003	0.058908587411625135
C2CD4A	-0.43474419881766835	0.05893493236644956
DIO3	0.13893435717794755	0.05894234726385898
ACADSB	-0.13958027856641486	0.058984190106794704
MTMR7	-0.14421134676754122	0.05899168449538981
STK32C	-0.16119364900814226	0.05904237848851383
SNRNP25	-0.11441750813032492	0.05904370142854088
POLR2C	-0.08216719935777128	0.05906435678200456
RP5-1074L1.4	-0.24895973851441244	0.05906629369176051
CNNM2	-0.15452489079260978	0.05907085199660943
EVPL	0.1726454208634065	0.0591156792479256
ZNF77	-0.1516165112888448	0.05915359126112079
LINC00948	-0.5332150414624035	0.05923482572454144
CAAP1	0.09852212392230619	0.0592517676263357
C1orf43	-0.06437153525689077	0.05932033777823116
WBP4	0.13191270976754588	0.05933272375166508
CELF4	-0.4177035699486247	0.05938374819535748
ELK2AP	0.0911135860783201	0.05944261769652286
PXN-AS1	-0.1780419229724277	0.05946086484822534
SAT1	0.12581587168546626	0.05949197532499087
GUK1	-0.10798186390351106	0.05950011902804986
BRF2	-0.14571127830826924	0.05961135202595707
LOC100506114	-0.1736645056735613	0.059686882095196105
RAB29	-0.17201168412656642	0.05986096960741276
PM20D2	0.07941344848809706	0.059921480604970684
SLC12A4	0.0975908246647883	0.05994950167461947
ALDH1L1	0.21687867990037457	0.0599729864025454
NRG4	0.2368829423671679	0.060000108790910466
USP22	0.07241918511904366	0.0600215501225831
IL6	0.45454654643922154	0.06005254173989156
NPHP4	-0.19303214584022665	0.06005493115195864
MYOM2	-0.20962223902067834	0.06005550503068823
AP4S1	-0.16264159505701947	0.06006834593756985
LY6E	-0.23456662222806912	0.060123651539053004
BCKDHA	-0.1422847619755645	0.0601738793807692
APH1A	0.1412005373728018	0.06017655076339234
EID3	-0.2179465659179156	0.06019637827561822
SNCA	-0.16216389158020306	0.06020766549298207
LRCH3	-0.14481713084022552	0.060249262384833795
MTPN	0.24415708283459026	0.06035211876715724
FADS2	-0.244007378260652	0.06045101754390808
LLGL2	-0.1302267338640366	0.060550830779301436
FBLN7	-0.4274758948565154	0.06055277277314063
SGPP2	-0.23514267915664178	0.06055312755458585
BRE	-0.08712620208646626	0.06076194903312732
ZSCAN16	0.14428278221930135	0.06076456571152969
NUDT6	0.16920350937844653	0.06085334974514597
SURF2	-0.15815221229385834	0.060910361642146825
PPP1R7	-0.1012933417105284	0.060911372030197766
SERPINE2	-0.22250123436716862	0.06104119285143913
CLUAP1	-0.12400619407268465	0.06104699900945222
XIST	-2.186978112296994	0.061131234371548264
MBLAC1	-0.1431623222944829	0.06117340813478052
ERI3	-0.14570529673057386	0.061178569350079925
LOC100996740	-0.11140284499373898	0.061180156144663905
PDGFRL	-0.18110464544548766	0.06119338610633646
IL16	0.1598126054599005	0.061194603013023784
NIPSNAP1	-0.19436286553759707	0.06122333068794055
WHSC1L1	0.05875992911027694	0.06124789924239889
GZMA	0.5191678647687983	0.061313392314374736
PDIA3	-0.07942703500625825	0.061324164260040406
ZFP62	0.09537705978383748	0.06133806380319242
PPIL4	0.10973461213158231	0.061365559712079666
VRK2	-0.07512234747493629	0.0613913419967258
MED9	-0.13203486671428344	0.06147080256549976
ZBED5	-0.07546009294485678	0.06148262657031568
NNMT	0.378438997503757	0.06148647209544653
TAPBPL	-0.1783394830307028	0.061495194597346675
DYNLRB2	-0.3308513445532544	0.061513894913397836
ATL1	-0.14861498400814988	0.06151949288828583
LOC102724017	-0.15687409332707247	0.06156624016047687
RPS4Y1	1.8948133450601556	0.06158241646353728
MED1	0.13521742183333174	0.061608483222506776
SLC35F5	0.11430072666666469	0.061624830256777265
AFG3L1P	-0.14256917466791919	0.0616580918544426
ZNF385A	0.22952431652130478	0.06168716796737076
GATA6-AS1	0.22950324720927284	0.06174511634746502
CPEB2	0.10057624761904549	0.06179839048953279
HACL1	-0.11850673591541216	0.061817797221606324
BRSK2	-0.21228199524624092	0.06186984512642366
CEP89	0.10255309236340704	0.06189633128064461
SNX25	0.11834455444548908	0.061915189176054965
MCTP1	0.43101845290350926	0.06192820960592866
LCP1	0.3129128724780674	0.061956317806144384
TIMP1	-0.22962808465539197	0.06208132363495542
RMI2	0.32827262794486334	0.06218595958454634
TCEB1	-0.07147640355263185	0.06223444944691472
CLUL1	-0.34351455778258266	0.06227970663075829
RP11-486G15.2	-0.3570776834442375	0.06228486580711256
ST8SIA4	-0.4257824696685484	0.06230074736119152
SAAL1	0.12391378711842371	0.0623109406569692
KRT40	-0.31555558257393646	0.06232310739018914
DAAM2	0.12005336140977452	0.06243344188794449
OTUD4	0.1058577003822041	0.06243746143616679
OXNAD1	-0.17208873846741746	0.06246233430469945
MORN2	-0.14608246870425923	0.06246958981856775
CEP78	0.14054040791791955	0.062470709159107546
DNAJC22	-0.2339620483471183	0.06247450474233053
DFNB59	-0.23269003574060232	0.06248689906682547
COX10	0.125424858041983	0.06248952124562104
LRP6	0.09124418905451392	0.06250198885209649
RHOC	0.237685484261279	0.06259830052901914
NSUN2	0.07272216884085658	0.06261011659166199
WDR5	0.13790725112406044	0.0626347204841507
VPS18	-0.11224828167231138	0.06265337208557985
IGLV1-44	0.2517005299530055	0.06270352637631298
RP5-1068B5.3	-0.18675364633458447	0.06289397143536615
PCDH1	0.12705623934022992	0.06291032766137453
SHB	0.15799488453759203	0.06292383886556568
CCL26	-0.5245867654404801	0.06297999906776358
PDE10A	0.23635469975000056	0.06300213091459152
UBE2Q1	-0.07793711027568762	0.06300218986311966
DUS2	-0.10049613791478595	0.06300677905043622
PCED1A	-0.18760619844924875	0.0630540750010323
DNAJC1	-0.081260021009399	0.06318707627007512
LRP8	-0.16540943700500854	0.06319228035887584
APBB1IP	0.4047524734417314	0.06320314325423278
CAST	0.08307070649123105	0.06320977220742713
TSHZ3	-0.23678129586340368	0.06321233316716245
LARP1	0.06475099402881668	0.06335589653576276
BOLA2	-0.12428035793232795	0.06335955482815309
MC1R	-0.1207987155112793	0.06336767970785946
FSCN1	0.24486654408395836	0.06336858702629701
RP2	0.15441527463533866	0.06336889918368745
SLC44A2	0.21828288035463572	0.06346927137965347
TENC1	-0.2282502705068925	0.06350462886483753
SLC45A1	-0.21832045929511334	0.06354034021562154
G6PD	-0.1988743634348369	0.06356006467828601
KCNMB2	-0.4753548146115314	0.06363816733252375
PRDX4	-0.07517987250000324	0.0636418392490512
LAMC2	0.30452419684774235	0.06364306308048866
PPARD	0.15397068083959375	0.06366410026538606
C1QTNF3	-0.17082374013345714	0.06366808581215742
YEATS2	-0.1304100282098979	0.06370201391134621
AP3M2	-0.12458988718107555	0.06371037009795102
AZIN2	-0.15122071282456062	0.06371362024621019
SMYD3	-0.1915389431992427	0.06371390988666903
YY1	0.060831590075187236	0.06372849703389107
C8A	0.3656599575307	0.06378852138875976
HEPACAM2	-0.6007459024360919	0.06378917628996295
STK11	0.10752725495613724	0.06379415550943521
DEF6	0.31852195004761974	0.0638013910163015
KAT6A	0.112025525006894	0.0638189326384319
C1orf168	-0.376604016657895	0.06388857737591105
HMG20A	0.13488199249999866	0.06398118118488692
TBL1X	-0.1225456323370917	0.06399644497470824
C1orf192	-0.28538110383959925	0.06402563005007375
KDELR2	0.03918914604636292	0.0641150943218321
CDK14	0.08961281629386164	0.06416906160900847
ULK3	-0.12639723097305655	0.0641783830500174
MCMBP	0.11650346948871793	0.0641951640766081
TSPAN2	-0.24925016431892288	0.06420302391461134
COPS5	-0.0769170118208038	0.06422873670871428
DNAJC24	-0.09805597478633743	0.06424222906664313
HYLS1	-0.16240996267919705	0.06431471483897856
KREMEN1	-0.18958106784711504	0.06431852027508618
DNAJB14	-0.08267110097995278	0.06437699371095132
RP11-1017G21.5	-0.14803439866290535	0.06438489552514164
SMOX	0.21937321992293235	0.06439240884281387
MYO19	-0.148042989296993	0.06440598838690031
ARGLU1	0.06947466253759593	0.06441840742574734
UXS1	0.11836737239974937	0.06442988130569696
LINC00622	-0.3737023795457368	0.06449709737380056
FANK1	0.1938188051177958	0.06452072346547598
CELF1	0.04963162868421378	0.06452503535779712
NQO1	-0.2672577896954884	0.06452506508631671
SEMA4G	-0.28213001948871863	0.06453019323674337
COX7C	-0.040884208114038145	0.0645430721489222
BZW1	0.08732126075187985	0.06460666873021144
MPV17L2	-0.12494923603571273	0.06465590764878307
ANKZF1	-0.06754688596428693	0.06466945931921275
MMP12	0.657588507609022	0.06469625714342679
PRDM11	-0.1746152400551404	0.06469749779126643
IL18	0.4445815020827055	0.06470957091325244
GLT8D2	-0.413259178189854	0.06473338296186573
RRAGA	-0.08526550164159907	0.06476172424081578
WDR3	0.12359893536967981	0.06479007739717478
BRD9	0.12183689757205585	0.06483390909745845
ZNF200	-0.13449678257894515	0.06489882269760625
SULT1A1	-0.1741243028865913	0.06494235160369738
ITIH4	0.38756601417669145	0.06501590625764529
ZNF492	0.176840831994987	0.0650211536565291
RP11-16P6.1	-0.2285094296672927	0.06511732464021551
CHCHD6	-0.13344026800877096	0.06522720697669919
SIK3	-0.10463790442982912	0.06523395492363758
FBXO4	0.1929228531372189	0.0652887614145793
SH3RF1	0.11692587224498574	0.0653208007947254
HSPB8	0.2656442428314545	0.06543275588291923
F2RL2	-0.46198831681454067	0.06545542536577248
C18orf42	-0.4276534907224274	0.06552798675608533
GNB2	0.1289842432230568	0.06561736565694154
ELAC2	-0.1128456864536318	0.06571906740782973
SNAI2	0.23555873559899432	0.06573928802489076
LOC102724782	-0.270204563222431	0.0658474199282496
SBF2-AS1	-0.18162769981641524	0.06589262896723763
AIMP1	0.13580342627193076	0.06594143292988247
PICALM	0.07735331848370741	0.06594411934348081
ADAMTS3	0.3077342555758138	0.0660597907979316
WRAP73	-0.0915818341008734	0.06613759647547078
ZNF384	0.10189286972180867	0.0662095511231467
OTULIN	0.1640188025513769	0.06621912992850448
PRKAG2-AS1	-0.14452432382581115	0.06634318728227082
CCDC42B	0.19140239759460798	0.06634674894718957
MRPL45	0.10613378334774204	0.0663575032818457
FAM76B	0.1703598410877163	0.06641313097242502
RP11-846E15.4	-0.20316435390037935	0.06641820382658464
CEP152	0.15509239334962377	0.06642977978893246
CNGA3	-0.48550028862468775	0.06643856584360436
GDF15	0.2762072995413529	0.06655514381406732
C7orf63	0.17611530879824233	0.06655843580235497
XPC	-0.13889853529198248	0.0666259151007945
MS4A7	0.4305675996622824	0.06663089538303385
CNN1	0.22061960291791838	0.06669100356943879
SDHC	0.044893163333334485	0.06675489224690288
SPATC1L	-0.11524188972493832	0.06685918901303649
UNC45A	-0.11784444358458401	0.06685978689394025
BRF1	-0.08929964031390814	0.06694015556364528
SERBP1	0.08666169230576237	0.06695222082011197
EXOSC4	-0.1411728989906038	0.06695506865654285
TRIM31	-0.18818035025877222	0.0669652575122627
SRSF6	-0.060099414317040356	0.06709508136706702
DEDD	0.07178640640977108	0.06711612671569049
PIGF	0.06925152903508724	0.06711885897625776
MAST4	0.07716438684210836	0.0671266936156241
ERVH-6	0.10814214597618932	0.06714014104249823
LOC399491	-0.0977623833834631	0.06716264142149768
LRRC48	-0.16711052881515975	0.067186611993369
IGF1	0.15228628123433552	0.0671872231977721
CDK5R1	-0.3665629633916012	0.06723449280653765
CATSPERB	0.3715840904498773	0.06735788085238786
CHST11	0.22812118838408502	0.06741040554702739
TMEM110	-0.1285457537343344	0.06750271076348523
ADD1	0.053979870520048934	0.06754173171878732
RBPMS-AS1	0.24561886962030055	0.0675652242341888
CIAO1	-0.10490230959962155	0.06758408572669689
TFCP2L1	-0.19781547166666602	0.06758849713391393
GSTZ1	-0.18734617564661704	0.06761429383141926
EEF1D	0.074863447362155	0.06762737234484144
MED6	0.16091030225125458	0.06766172494350461
AK056098	0.27434742905263043	0.06778774668196125
ARHGEF19	0.10586585479323407	0.06785623101832051
SMAP1	0.08073778502506457	0.0678736072462431
C1orf21	0.21002861289034946	0.06790203599030915
SLC2A12	-0.22654137681014674	0.06797452695024711
TCTN3	-0.09913827040726808	0.06797717215984779
AAGAB	0.11245667675000526	0.06805468673120177
MAST2	-0.12942878746052244	0.06813226793141691
HELZ	0.07851880827068136	0.06819848066983583
UBQLN2	-0.08371336859022094	0.06820827760327357
HPX	0.2203122587832107	0.06824519448394938
GPX3	-0.3341089381228013	0.06824709210837138
MRPL39	0.11885712116666802	0.06827375975173244
PARP9	-0.12801648125313392	0.06828912758520651
DTL	-0.3705727007468651	0.06831499230719275
SSB	-0.05227524637845171	0.06835451388718265
MST4	0.14389809422869249	0.06840897786995147
BAG3	-0.14917291998370708	0.06842809293593395
CXCL9	0.6734331661842106	0.06846195921927081
SIX2	-0.19213716519862523	0.06847403363308195
TFPI2	0.3677598112863425	0.0685101800406367
POF1B	0.24084892208709796	0.06852266826639407
PMPCA	-0.08918824308458362	0.0685625028662306
ZNF575	-0.2232627966484939	0.06857950844377665
PADI2	0.4162033363452373	0.0685868404879478
TFF1	-0.7915048277337062	0.0686010676368876
RAMP1	0.24786478065225737	0.06861146141514503
PIGN	0.10209132929762355	0.06861828698540454
CYP4F3	-0.3463061163414771	0.06867201381395413
OAS1	-0.38291871110651776	0.0687221694023371
C1orf115	0.24141350129950023	0.0687666770073534
ACSF2	0.22231728716541266	0.06876925327993974
ANKRD12	-0.11025159991729083	0.06880679874364867
PLIN4	0.12742276433333188	0.06882280551621513
TAF7	-0.09002123242481375	0.06883085352673166
RAB43	0.18737833511591528	0.068843840201815
SLC25A18	-0.18164120395864813	0.06886204814701119
THEM6	-0.14364836985213092	0.06896100707550736
CIRH1A	-0.15140644898496625	0.06900952028933617
GRHPR	-0.09481503783834277	0.06901252301256144
DIRAS2	-0.34604000179887073	0.06904719965024549
SMIM11	-0.15482015906140134	0.0690876729182529
AKT3	-0.1434792940037628	0.06912141493301724
MB21D2	0.12248498213846837	0.06913349391875151
MRAP2	-0.32022891298809775	0.06914111388043737
NINJ1	0.19096691255701614	0.06917965552623649
EFCAB4B	0.21824444501754225	0.06918107708429364
SUDS3	0.06921689836465816	0.06923597758648528
SLC3A2	-0.14412478118044802	0.06929965563694597
SELO	-0.09383591058333529	0.06930314247010437
ELAVL3	0.06929866425563969	0.0693323388145743
USP3-AS1	0.13668502404072758	0.06936025145655039
FAM73A	-0.0715283087593992	0.06946461578284868
TTC5	0.12703001453821905	0.06950374919585453
POMGNT2	-0.1667165986228092	0.06952939193290705
LRRC59	0.14205959307017935	0.06953460746788005
DNAJC16	0.10670185388596387	0.06962201194898998
SNX22	0.20203672789285676	0.06968315197515905
EXOSC8	-0.08271041864035489	0.06978252312861122
ITFG2	-0.14932680985150437	0.06980972441107494
RP11-252E2.1	0.09989648409147733	0.06982817416852803
GPR56	-0.07674885125939745	0.06983149225305503
UBXN10-AS1	-0.17203097417669078	0.06984130814348785
ZNF404	-0.2513859843421038	0.06987552556278395
TRBC1	0.2889252352136582	0.06989070336841757
NUBP1	0.12000075531704368	0.06996654510259559
TTC23	0.14426614725313236	0.07000592819983834
LOC100996579	0.6944189439410993	0.07005165255257882
FAM192A	0.059903934241855694	0.07008919925647268
LOC153546	-0.11718819979260431	0.0701104044945417
CYC1	-0.1386472380983701	0.07013170995832076
E2F7	0.3584733545187966	0.07017297389300634
FNBP1	0.15354170327506544	0.0702002229182522
ORAI2	-0.23137936005764104	0.07022538283558828
PARG	0.16259798456265884	0.07022774705687532
MITF	0.19485874871679165	0.07027527552758638
BECN1	0.04825225452380799	0.07028817512056776
TCF7L2	0.078289836090228	0.07029544314321234
IDE	0.0804052564035107	0.07031619739262623
RFK	0.0618096099248131	0.07043118756985348
EFNA1	0.19072920320050102	0.0704620718628378
NDP	0.6353130861923555	0.07048307550860843
KIAA1462	0.2235716777499981	0.07048466151648602
CABLES2	0.11185437292731848	0.07050361660128467
SERPINE1	0.21312792785088064	0.07054597587894185
KIAA1147	0.07115998262531598	0.07062154953509271
PACSIN1	-0.1534961234160388	0.07062980342205875
REPS2	0.12102032674122754	0.07065280171433386
CHI3L1	0.5187184634498712	0.07068447582942142
LAMP3	0.2968172893865919	0.07074423523938095
SLC7A14	-0.4636158131071415	0.07074521734535187
GSTCD	0.1627233595858435	0.07074605985595575
RP11-498C9.15	0.11057066416039874	0.07076314472668786
PAG1	0.19158339108458655	0.07076695046230745
TMEM38B	-0.13148448574999705	0.07078228075623634
ZNF644	0.08038203096491081	0.0707856856062616
ARHGAP17	0.1211240365344608	0.0708189202030429
CTC-429P9.3	-0.09929141622870219	0.0709300720757673
GSTTP1	0.06990140581641491	0.07096464968115725
FOS	0.337609924723683	0.07104910961919822
KIAA1109	0.06876756587092991	0.07107839467737152
KLKB1	-0.18153460255513565	0.07109974516984696
KBTBD7	-0.19147644220300641	0.07110269457317865
HMBS	-0.14170662766478337	0.07112973285283815
ZFC3H1	0.10733117642856982	0.07116350948764978
AMD1	0.08651288151002845	0.07117510818374276
MRPL24	-0.12048811139159987	0.07118352633238009
SIRT6	0.12675125629574424	0.07120197071583857
PIK3R3	-0.21626987045677026	0.07121688356239719
TMC5	0.37087863087782047	0.07123102655418832
FGF14-AS2	-0.1964603366666644	0.07124361090905978
KCTD17	-0.11851529987781628	0.07125304139621713
SLC39A10	0.17084592189975112	0.07126583918010365
FMR1	0.0813990045864621	0.07132484324401807
ZNF185	0.23376122793420606	0.07139171473897529
LAMA5	-0.14771021751566948	0.07147061908789586
GSTT2	-0.44301520354134993	0.07149164610141223
LOC100507564	-0.14333384309022357	0.07150389515650384
GBF1	-0.12432815953822463	0.07151941827445542
ZNF823	-0.12762022079385993	0.07172950703430717
ACAD9	-0.0973064927211773	0.0717497150717509
SMAD5	0.0955512213095222	0.07178651057391688
LIMD2	0.12386166973496504	0.07189910981410376
SLC8A1	-0.569016370706767	0.07190278555241517
UCP2	-0.31415177287280116	0.07191429145436593
CRYL1	-0.124427146833332	0.0719604416395043
RAP1GAP	-0.1847370588352124	0.07199341888525752
CXorf23	0.17269580176566723	0.07201254188979421
CTD-2554C21.3	-0.24875610707456008	0.07206713037969739
DNAH9	-0.3047205917080218	0.07211321815244104
TMEM9	-0.13463035262531164	0.07214193958043763
AP1B1	-0.11906213698433632	0.07215397474998352
PRKAR2B	-0.33506693424184864	0.0721736286334612
ZNF506	-0.1227662870827082	0.07218986901780176
REG3A	0.24617619519423606	0.07221779028785284
FAM200B	-0.1294037998233044	0.07227244941036332
ZNF48	-0.11604611448433744	0.0722842538571286
LOC101928707	-0.10512902988220674	0.07230579071527277
SH3BGR	0.2705661847518801	0.07237872106962608
PDCL	0.11647342479824374	0.07244889649018052
ITGAM	0.37072860400752194	0.07248077329438202
PFDN4	0.16183240132142807	0.07248398945763872
KIF12	-0.21528899752318154	0.07260408538691326
OSR1	0.3535678222901	0.07269609491551265
RAB22A	0.0694511892794516	0.0728050110135896
TP53I3	0.17357257084712074	0.07285162320212142
MYO1D	-0.1316340638721858	0.07292162768938856
PIK3CB	0.0703174855764459	0.07294300405379076
RBM10	-0.11363049802193181	0.07303971603540842
MRPS10	-0.06874846528195455	0.07307165419802125
ATP2B1	-0.12358108158521652	0.07308620927288617
ANKRD10-IT1	0.2586335804943616	0.07310237528240303
CBX1	0.0808367217731849	0.07310290392807636
KHDRBS3	0.1526274172988682	0.07310506037922654
TRAPPC13	-0.11167950486654199	0.07317710211097597
GOLGA8A	-0.17248701384085052	0.07321914444036073
ASXL1	0.06940373800250299	0.07332839608874926
LRG1	0.3689754877769378	0.07341382337135066
FAM8A1	-0.07651538305075078	0.07344578164649411
TBC1D30	-0.18617560446177528	0.0734673124458626
ITGBL1	-0.3144344940438577	0.07348666030603489
KPNA6	0.10329815598370473	0.0735225242144556
MARC1	0.2190774084937379	0.07353842090333047
CNPY4	-0.2307851376353387	0.0735693206163394
RPP25L	-0.14253670695864784	0.07363379568817253
POGZ	0.13481564001252977	0.07364159017267993
CAMK2N1	-0.1058575143483722	0.07366765494636658
SPINK1	0.05926367095864293	0.07370981577590562
RP11-342L8.2	-0.24130158843671712	0.07376738696293744
LOC100505549	0.13671716604636508	0.07390257100973417
ATP6AP2	-0.09305874196114594	0.07393415876003505
LINC00665	-0.2631711216691759	0.07394501011716977
MRPS14	-0.1039846949981218	0.0740444107378088
ZNHIT6	0.08789160040726962	0.07413543077569917
CD74	0.30349349513784496	0.07416527294826974
TTR	-0.2113747407894735	0.07420040277825053
GTF2IRD1	-0.10524852577506749	0.07420639072387909
PIP4K2C	0.051197055946115455	0.07423544319696324
MAFB	-0.26177830257518764	0.07425480113876119
LOC103344931	-0.11329203340476202	0.07425850107023249
APOD	0.36689088036528794	0.07437630170884567
TMEM126A	-0.09928132517544164	0.07439192856314646
GHR	-0.3198011066447375	0.07441060971124096
RGS20	-0.12969364777882397	0.07443939496657284
EIF4E3	0.08560129272368577	0.07449505358304843
RBM39	-0.06390093352757553	0.07452730916819424
PDS5A	0.08984632828321004	0.0745330739488399
SLC2A13	-0.2320173120451141	0.07457781396419709
CTBP2	0.1214663906766944	0.07462058193123447
NDUFB11	-0.08556590098370265	0.07463744058291175
TOMM5	-0.0778527210401041	0.07472245263287437
SST	-0.15654051216165144	0.07474661200505466
TNK2	-0.2134046614617855	0.07489403413514392
ZFP28	-0.17830078975814523	0.0750964736276247
RFT1	0.13028694254887263	0.0751036290799305
TMEM167B	0.09690026392230777	0.07516732086354413
KDM7A	0.11482178468483539	0.0751716829535923
HDLBP	-0.09415975431077506	0.07520245528190828
EPHB1	0.3613524399999992	0.07521297782189028
MAPK11	-0.2403976741015068	0.07521373537133699
ANKRD23	-0.2277059646810793	0.07526843864567263
THAP5	-0.11301654810839779	0.07527077513245418
HMGA2	0.3359059107863418	0.07527573350668328
TCEB2	-0.13108176409147454	0.07541379293621256
AKT1S1	0.1352798140927316	0.07541434205300541
CISH	0.20521417151441135	0.07553253168291177
TRAF4	0.1935301148646662	0.0756061149360737
GMPR	-0.14506936012594096	0.07572995458542224
LOC153682	-0.29713902057706765	0.07576228402397155
IRX2	-0.45262845335588686	0.07579175689679511
KCTD10	0.0585807679323338	0.07580521566608159
RPA3	-0.11918479771616752	0.07582342815890548
ZRANB3	-0.17334452684398194	0.07586983702077392
HAUS6	0.1004860243740584	0.07587767830369005
RWDD4	-0.07617940379072863	0.07589697963180135
HEY1	-0.2365131220570209	0.07599952087406553
COX7A2	-0.09740564028195564	0.07602368761596126
GDPD5	0.251234720369677	0.07604329555647991
ITPR1	-0.20593433134586192	0.07604577273459807
ANKRD1	0.6687600685394699	0.07610562373863355
GPATCH1	-0.09516928487092358	0.07613203352989728
C14orf79	-0.09184541107581534	0.07624312122817643
S100A8	0.5352387572543877	0.07626994434232795
SERPINA3	0.1163265749248108	0.07628672800100444
RNF43	-0.13018571013659042	0.07636017167258746
ADAMTS10	0.0950142035457393	0.07642296876715918
CLPTM1L	0.08274460156015273	0.07646796204122125
ME2	0.10405004114661409	0.07647115870555381
GABRG2	-0.33998341301064716	0.07650786729389002
ABHD12	-0.21851096185025476	0.07652548286864867
EPM2A	-0.14709002829887297	0.07659393334589178
KLHL13	0.22222045763471066	0.07659599962792993
HOXB6	0.19715924278132757	0.07660911133107579
BCLAF1	-0.053550567274436744	0.0766972403622561
TBC1D10A	-0.09265825096553648	0.07672062859905639
PPP3CB-AS1	-0.1571857798496259	0.07673670047538202
COMMD10	-0.11256699348371058	0.07675391740050681
RNF170	-0.08022996267543725	0.07680925870265802
TXNRD1	0.1043076682832087	0.07693465201654912
C17orf51	-0.09487178957456521	0.0770097801170134
ANKRD10	0.0897166645864651	0.07702483874587786
HDDC2	-0.10441714342731423	0.07703853849040819
SRD5A3	0.2262134580050148	0.07704125731922262
GAMT	-0.15899897332769264	0.07710096513555427
AOX1	0.24867709670864713	0.07711934464569994
GDPD3	-0.18048652208082405	0.07725808417392892
NPPB	0.4596142221497477	0.07728071524132257
AIDA	0.03630206770676381	0.07728246525356952
SSTR2	-0.45647461680450796	0.07728257248245553
THSD7A	0.2347786937249401	0.07729342861797493
C11orf63	-0.1272232302606504	0.07737165328116521
RUNX2	0.2849690316766864	0.07740530455607754
DZIP1L	-0.17260537232017814	0.07745152724750108
C2orf42	-0.10868498356829814	0.07747301517522776
STAM2	0.06499795106516615	0.07748255794130467
MIRLET7DHG	0.22955006829949198	0.07752503499503964
E4F1	-0.09417312071553852	0.07759659687930981
UAP1L1	-0.3346961312387231	0.07769257809537337
KIF1A	-0.23205398348747153	0.07770116791708684
RAPH1	-0.08906007080827116	0.07770889156098387
NFRKB	0.09500193731828865	0.07772770055280441
RNF122	0.13346022783897205	0.07773561944963339
ENPP4	-0.12853563694925185	0.07779691487955763
ARHGAP4	0.0988042941046352	0.07783544887384174
LOC389332	-0.21480917028320423	0.07785170762803545
VASH2	0.29864797789285635	0.07789468168228648
SLC25A38	-0.09004498783333403	0.07789854172007452
CTC-550B14.7	-0.13881435723120195	0.07790133202814695
ADAP2	-0.18777658406891984	0.07793194176716295
ARHGEF6	0.26352937710150925	0.07799784487893607
SPRYD7	-0.1423255981328353	0.07801636920488177
SERPINH1	0.23491115856516576	0.07802241015380566
TAOK3	-0.1324154224824543	0.07802668497588698
AGTRAP	0.2841173746585177	0.07807381352075426
ATG4A	-0.09900189699311035	0.07809284174354578
MPI	-0.17444610698746832	0.07813178160306362
PDE3B	-0.3928233698233079	0.07813354388390246
CCDC86	-0.15210945734461312	0.07815054434905343
DNAJC4	-0.12586167288408312	0.07817366312762228
OSBPL10	-0.21568598114410698	0.07818197473682009
SDCCAG8	-0.13480932947055102	0.07818835667089706
CARD10	0.18482628464660955	0.07821321974615487
IL1A	0.4889526652124072	0.07823804093519117
TLR1	0.270027553124061	0.07825917944795528
SLC7A7	0.24821672058521926	0.07828679372522986
TRPC1	-0.2539414605739321	0.07830851924735067
CNFN	0.17620487322117917	0.07832083668789873
FRA10AC1	-0.12632074555638972	0.07836654304743673
ASB8	0.06591934534398369	0.0783984411458552
HMGCR	0.10573641771930298	0.07840218843529945
HTR7P1	0.20363050295237972	0.0784268659762456
GAN	0.13262651240914813	0.07845542891369015
HNRNPM	0.11164124709273437	0.07850317540030295
IFIT2	0.2766669559674195	0.07850989252674707
MAPKAPK5	0.12740240386403734	0.07852538182809941
DNM2	-0.09643678971491099	0.0785464546511154
SLC25A13	-0.058977722397875354	0.07857006032117948
INADL	0.12637163209461022	0.07862256595906428
C15orf65	-0.1308905809091474	0.07864578102997347
PHYHIP	-0.3429174648320812	0.07865866245021517
IMP3	-0.10461365842794557	0.07875561705813716
ZNF652	0.08407189265037651	0.07877294891928595
HMGN4	0.06537226092105364	0.07878209124526288
SYTL4	0.2681307367644088	0.0787854553565354
PLEKHF2	0.10511651757017582	0.07882205027268144
RABGEF1	-0.17012661634210424	0.07883781940762971
ZRANB1	0.06435226424185458	0.07885310309558918
EBAG9	-0.0857080005952362	0.07895233116322595
SPP1	0.2917344278822114	0.07895549040868323
LPAR1	0.19797644699373507	0.07896145315476287
CD55	-0.1414031905513724	0.07904440182491995
EGFL7	-0.17211038855513827	0.07907964978347047
LPPR1	-0.4955893343214308	0.07908893295474548
CYP27A1	-0.1724395839943611	0.07910655279066352
TRIP13	0.2636015530031335	0.0791455669821761
TRIP11	0.1240812651792016	0.07934839594424618
SLC30A5	0.08836119098370787	0.07935316618538199
CAPRIN1	0.06391555815789296	0.07944291333680478
GSTO1	-0.06372016070801756	0.07950955204587996
RAP1B	0.03992251020676996	0.07954273731184396
F7	-0.11878436399436243	0.07954449535298158
ELP6	-0.17356921623057886	0.07955410449204683
GBAS	0.07702914699247998	0.0796174617781279
CEP128	0.1689392753120318	0.07964720993239133
CNTN4	-0.3184801758208078	0.07992270870585534
SHOC2	0.0961979670989983	0.07992760058099903
GAA	-0.17498534714410852	0.08001004562882055
SP140L	0.3065522876497475	0.08004140487907566
TRAF3	0.09503973904761764	0.08005301862137182
ANP32A	0.07090930162907405	0.08012185929610693
FILIP1L	0.20342710868045089	0.08014757633857629
MARVELD3	0.14277076112217912	0.08021248579443717
C9orf16	-0.16799264906954647	0.080215782182216
LOC101927067	-0.22460136209899773	0.08022071145260377
MTFMT	-0.11032218935714422	0.08022948905211742
GABPB1-AS1	-0.21812031354573413	0.08037228404392029
ZNF670	0.20432989416541325	0.08054149786530983
LAMA3	0.2828514571447389	0.08064853376672503
BTF3	0.05837595991854272	0.08066659508300528
TIPARP	0.1434341932362173	0.08071956275169606
STRA13	-0.13369426973182996	0.08073813184612988
SFMBT2	-0.24773722920175434	0.08075709335301554
PRPF19	-0.13733809483333026	0.08075884205619122
MED10	0.15135285887594385	0.08078397749653499
CCDC84	-0.12588665046679637	0.08088549112348128
SRSF3	0.041561165194231364	0.0808905038260559
SPHK1	0.21146124716854686	0.08094631402460799
APC	-0.10146845925376269	0.08099959067130262
LRIG2	-0.14092098170238287	0.08103666152967293
PUF60	-0.09142687685401363	0.08104053558761455
MXD3	0.08605887227255504	0.08105820082090462
RP11-318A15.2	-0.3001671936090231	0.08118215526434756
AZIN1	0.10833530377819578	0.08118929338403942
PQBP1	-0.14255562210526307	0.08121545516694549
SLC25A51	0.17887341363283138	0.08121602705572285
USP9Y	1.6102763720363384	0.08127542668382637
LINC00271	-0.33842229283897574	0.08134603109527239
REPS1	-0.10808227249373559	0.08154451524766267
AK025288	0.2652761677537594	0.0816493816872263
ZNF682	-0.14467880574499237	0.08178736542923933
SAT2	-0.09117741496866927	0.0817901410370563
GLRB	-0.15167149351128018	0.08180649377057429
SCAMP1	-0.05960011438596169	0.08183054108785172
SLC39A1	0.10463218002443675	0.08191961387029724
THRA	-0.16021202975439053	0.08195199361709282
C4orf33	-0.19582044860526526	0.08198024223884308
EPHA8	-0.2594331336184217	0.08198905527199865
C15orf37	-0.16367328647493373	0.08202189062746376
TBCCD1	0.1412889041641634	0.08202565863635915
PAK4	-0.13269772278508807	0.0820285847840105
INTU	-0.15615014773120528	0.08209647353247183
CAPN1	0.13198013661340902	0.0821490713281682
ZNF850	0.21635351204949682	0.08223730303811627
KLHL29	-0.18264178266666597	0.08225528835867846
CLDN4	0.18928207933771368	0.08228174471955499
S1PR2	0.1872222104273238	0.08228505013194488
EIF1AY	1.7496863669436085	0.08238562017535395
LDHA	0.08046565265664896	0.08240479616622097
CNPPD1	0.11179433625313173	0.08246973440526727
CTD-3126B10.1	0.08618852458396109	0.08249968844139835
TUBB6	0.17623074912280856	0.08253341233943438
C17orf89	-0.08084668488596591	0.08253787933362315
PSIP1	-0.14842446244047736	0.08254260081586541
CCNY	0.04839616335839203	0.08257896522585076
BCL2L11	0.129338135380328	0.08264763309269206
RASSF9	0.351818331400378	0.08267158406739651
TPP1	-0.18062663974561488	0.08281387841356394
STK17A	0.19444733977506168	0.08291526817544494
NR6A1	0.1588556898458684	0.0829419410464379
CABLES1	-0.12242349928383334	0.08299419333527708
MCM3AP	-0.09171633364411136	0.08300049249418485
LA16c-380H5.5	0.25929345609022647	0.083028847652034
DDX3Y	1.5028135426929836	0.08306205440143233
SCOC	-0.09540634345864873	0.0831028009620529
ZFAND3	0.15105498516666316	0.08314055041019909
QSOX2	-0.09343024391102617	0.08315417330383539
MYO9B	0.11262810819047608	0.08320308102080613
ISYNA1	-0.1727901733471171	0.08322818881844424
PAPD7	0.07646214349248126	0.08324686331031952
CLN5	0.06867295996241296	0.08328941856837467
RUSC1	-0.08803140279824362	0.08335734636892404
C6orf57	-0.20214701092919896	0.08343510418048088
PTPN3	-0.12782067353821702	0.0834751795106932
A1CF	-0.31109256811215324	0.08352767747904029
FKBP8	-0.14298036114286106	0.08363206864532718
RP11-792A8.4	-0.20608775642481358	0.08363313149668306
ZACN	-0.07267695123120088	0.08363572326651549
PASK	-0.23314052839286603	0.08368624697165937
ESRRG	-0.20208374486842118	0.08370819424150412
CAPN6	0.3334984073214331	0.08370943569628012
CAP2	0.1991899915093942	0.08379143521894214
DDX54	0.15894536911215518	0.08379298825807752
SLC2A1	-0.25704498514661545	0.08381472301250885
GCG	-0.11801674247494098	0.08383638593638756
CCNE1	0.1609650516209289	0.08384263502272872
DENND2C	0.20356661166478496	0.08385542383638087
SYNGAP1	-0.16916459700188025	0.08386193220628423
RAB20	0.17126847625188013	0.08387583009458703
XPOT	0.15995944120426486	0.08395926036822114
CELSR1	0.3240711573245614	0.08399497534711697
KLHL5	0.12224989743358528	0.08408357398741054
TMEM80	-0.10493359040789407	0.08409591843012149
ZNF283	-0.17496007202944774	0.08412536359205144
RAF1	0.1083674103433605	0.08422264772350428
CD82	-0.1761742702399811	0.0844081356344693
SEH1L	0.06631002748746262	0.08440902959238279
RPS6KB1	0.08681995229323647	0.08445101339248931
ZCCHC10	-0.0646299618671673	0.08446158393130372
GMNN	0.172474997508143	0.08450743846919
GAL	0.33003083095175256	0.0846298307606371
IFFO1	-0.1595819182468663	0.08469199342899798
FAM63B	0.131509980819553	0.08491439875363839
C16orf95	-0.1924473113941101	0.08496345490976764
PNMA2	-0.35591140119422704	0.08496450081366012
NME1	-0.1609030406766916	0.08500926069891754
PPP1R14B	0.1495891056904739	0.08501006020294694
LOC441178	0.2149799639078953	0.08508662495301407
C10orf12	0.08148987037217559	0.08515977440087671
ACAP1	-0.1134639127550141	0.08517936523749202
SLC25A11	-0.08656985263095329	0.08524311067333451
ADAR	0.03548930674812212	0.08526382569587954
SDHB	-0.0913420499373423	0.08526816441820881
HPN	-0.2028356376115248	0.08527163077767531
ID4	-0.10674168647243043	0.0852760370982347
KAT5	-0.1315857075776936	0.08530001249872467
RP11-297L17.2	-0.16503918500563675	0.08530931383789267
CCL28	0.3905288777525051	0.08534645722186458
NYAP1	-0.40540904604573846	0.08542162531970253
NEMF	-0.0738521135150414	0.08544843093836398
GC	-0.3684846996754363	0.08546172945411487
TMEM158	0.2538121799429849	0.08546448846466595
PCDP1	0.2520933300639081	0.08557641644873763
LYSMD1	-0.16851179502882196	0.08559181152156525
ARCN1	-0.04789747598371008	0.08574108093023826
MAD2L1BP	-0.09309978498245641	0.08577701369491743
STXBP5	-0.1854454316898515	0.08586318726925629
GLYR1	0.1055024630438659	0.0858784619037784
HMOX1	-0.24544164185713946	0.08588099972896743
ZMAT4	-0.36829236026629175	0.0858912809031667
KPTN	-0.12556029303195437	0.08589402556702212
ZNF512	-0.10852573823871836	0.08591907260064896
ARL1	-0.07797072041979725	0.08595170236802686
HKDC1	0.28879112923621975	0.0859744996684507
RHOBTB3	0.08947879021303429	0.08629515462637612
LOC100126784	0.24491495038783917	0.08631670562832167
PIH1D2	-0.15244964686403506	0.0863409560570304
KATNBL1	0.09104544351817268	0.08636331955763131
TMC6	0.21690721893107856	0.08645147711749367
TOP3A	-0.10543993054010237	0.08646045501822461
PSMB6	-0.07580063643483115	0.0865568718948575
POP5	-0.10269778917042238	0.08663349551853056
PSTPIP1	0.08346605637656879	0.08664661458727842
HIRIP3	-0.18634881337280884	0.08665209095500528
REEP6	0.28475141363408696	0.08668859464262892
LOC100130950	-0.11898315751441402	0.08671437710856515
GPS1	-0.13061876402193384	0.08684338061941181
MAPK7	0.11786849894861984	0.08694849782087335
EFEMP2	0.19068346751378407	0.08702373079007095
DNAJA2	0.08754219212468861	0.08707359992303466
PPIL1	-0.1193210861992462	0.08710228236576423
PPM1G	0.1277117940018826	0.08713293620221832
PLK4	0.21104105161403464	0.08716996192264921
ALKBH6	-0.12262037654197933	0.08717650288065243
THBD	-0.28602907532581945	0.08718698532954744
GPSM3	0.17695314385463856	0.08719744376516748
VTI1A	-0.14981955204260444	0.08727892984921824
FAM160B1	0.06117146592105627	0.08728231340414239
LOC100506014	-0.12083138013659145	0.08731115747213317
ZNF496	0.17057075746114947	0.08732236138122394
AC004692.5	0.10846168373746679	0.08736283636977055
SNED1	-0.23581795975877284	0.08741105827611234
GPATCH2	0.10674145053445727	0.08748490066849002
ABCA7	-0.13338343301942412	0.08748878391133424
C19orf70	-0.19149491232707128	0.08749949833934481
ZNF391	0.19874332787781857	0.08770280700081975
MFAP1	0.08103821014599077	0.087843502998421
RRP9	-0.13053889975814847	0.08788737696335513
HSBP1	-0.05142483087092131	0.08795401722073481
SLC9B2	0.10745601232456359	0.08805396882585188
CAMTA2	-0.1023324586278207	0.08810117686879376
CXCL6	0.3809043032230566	0.0882970857311359
FAM155A	-0.24366686719172925	0.08830446395048364
TAS2R14	-0.16877497397744	0.0884854517708907
ANKRD19P	0.11775024142919932	0.08853298932811667
ATP10B	0.4515411798151643	0.08858439497016427
ELMO3	-0.13042701292919823	0.0886052077576373
DEDD2	-0.11106508168922424	0.0886172850984711
STX5	-0.10869676526065497	0.08865173487068663
ADAMTSL1	-0.4816434889849619	0.08865679684214474
SYTL1	-0.19663136318985064	0.08872798739628313
GOLPH3L	0.06743877283207844	0.08875771733738788
NUDT16P1	0.11624503684272991	0.08881391233427648
FLVCR1	-0.13167596778509072	0.08887430596611841
CCDC24	-0.10298076416102742	0.08895811395497273
AZGP1	0.31968098947180934	0.08903085609622079
EMILIN3	-0.17437478081954705	0.08904761764251931
POLDIP3	-0.08057812600626235	0.0890658129808896
UBA5	-0.07743233156014817	0.08916669474312171
MYL10	-0.0982819898665408	0.08919476266142957
TBXAS1	0.174827415999375	0.0893134944944805
ETV1	-0.3245451875977423	0.08934708920603632
TMED8	-0.12018130177318653	0.0893583907518639
PIK3R1	0.12681617756829588	0.08940361852792879
LOC645513	-0.18275963131641504	0.08956745789561975
NIF3L1	-0.09472117003759273	0.08958783625022249
URB2	0.14874394337280705	0.08960679684360855
GIMAP2	0.309190319640976	0.08961672205507855
TSIX	-1.5844668662487473	0.08965598829646557
NFKB1	0.14353355444987237	0.08965772383544834
GRPEL2	0.08677212285087776	0.08965934434086886
CCDC141	0.27985345511654014	0.08968707908107593
JAM3	-0.20377397097117544	0.08973551046118826
NFX1	-0.11883765344674124	0.0898010528541149
LOC285178	-0.2131763508295732	0.08983576581306758
ARPC5L	-0.0812973105200534	0.08984079743516106
B3GALTL	0.24902386402067833	0.08986950609968543
CCSAP	-0.2233417777719282	0.08988917313634479
UGDH	0.099711537525069	0.09003100802591558
PLBD2	-0.1272238661253109	0.09004012503160358
ERCC6	-0.1600907065025039	0.0900421019761736
ZRANB2	-0.07627152481829214	0.09019994138275896
MEIS3	-0.14154728443734488	0.09026192366663642
NUFIP1	0.1158278004448583	0.0903802198698332
UBE2E2	0.09298839152882188	0.09047851104760074
DTWD1	0.08280970717105518	0.09051150788434038
LOC100506885	-0.3161002656177967	0.09052186427303126
KSR2	-0.22657407766791948	0.09052405171760897
DHX36	-0.07539240432894623	0.09053328242639264
SF3B4	0.07624246358834696	0.0905452048524323
RTCA	-0.09757242206829453	0.09055316676284292
VPS39	-0.07913490505137943	0.09060229379221839
TMBIM4	0.05086049758771871	0.09077328072338862
LOC642852	-0.1837784757048908	0.09080982725987334
PRG2	0.318163080365915	0.09085160770714477
LOC100507431	-0.1372942378822053	0.09090628520031083
COX2	-0.021371817838344853	0.0909221250892054
RPL3	-0.043144482243109294	0.09097852939399306
BBS7	-0.16952875151064895	0.09098825918717597
LOC102724387	-0.2133919201560177	0.0910819688413795
TSC2	-0.12190281502756761	0.09109826397396378
RPS19BP1	-0.10265159913909905	0.09112022949661305
TMEM185B	0.128899383459272	0.09118114423066251
NOL6	-0.1296195442048873	0.09128229180204127
ATAT1	-0.10455872257456367	0.09158688831001331
CCHCR1	-0.0968323456729312	0.09161997564032316
ZNF395	-0.09197160960526496	0.09162223339607228
ZMIZ1	0.05748705465538961	0.09173984671822212
PART1	-0.16927209077192895	0.09177712335495224
MTCH2	-0.08465181699875224	0.09178401909013961
ST6GALNAC5	-0.39957281515225773	0.09182773016657125
EXOG	-0.13675013357706156	0.09189565498553794
GPALPP1	-0.12365279818608954	0.09191200841243566
CHD2	-0.15156443681140708	0.09198057713643087
RHOBTB2	-0.1273738680877159	0.09207446099468092
MIR34A	0.16829188762155312	0.09208987934419642
ESRRA	0.10270972794360667	0.09209665341014271
SGTB	-0.1230402776102757	0.09212529201474468
MFSD7	-0.08122115231453719	0.09213649005803239
ERP29	-0.11829899019423529	0.09217053338223662
MLEC	0.09562035010651293	0.09224719383071786
SENP5	-0.08847427705451061	0.09226092744274818
XPO6	-0.1068901721340918	0.09238004777895285
PIGL	-0.11629921088032447	0.09242622813051872
GPR137B	0.14165719374059904	0.0924278613387574
PDP2	-0.10549059878069933	0.0924320628371321
KCNS1	0.305399583087719	0.09247214847596381
ADRB2	-0.24846770314410893	0.09261520530085993
RFX7	0.07393416319235513	0.09263484112892631
SF3A3	0.15321033512718962	0.0926478730327488
TFRC	-0.09490694966165414	0.09268086287100614
CSRNP2	0.08225424938784442	0.09269077400193457
LNX1	0.11993038156202473	0.09272018360426675
SECISBP2	0.09896230436027764	0.09282191266282101
C10orf95	-0.13931894827380642	0.0928243830647221
EPHA1	0.13672179012030394	0.09282837451960262
B4GALT2	-0.10416932054887429	0.092885065902479
DTX1	0.13658343985713994	0.09299734250391128
MSH3	-0.0924862551065182	0.09301972670132778
CHURC1	0.31776032368170704	0.09319001362898617
ORAI1	0.17765327496240602	0.09320841118351507
INO80	0.08082551954385941	0.09328399939239379
DOCK9-AS2	-0.28678428394235755	0.09330797848736622
SCARB2	-0.05200639588972855	0.0934253289502231
SERPINA6	-0.424700589406644	0.09346032334999818
CWC27	0.052871542015036965	0.09350055650746772
KDM5D	1.5340163995551404	0.09352023770421419
GGNBP2	-0.05551493902255977	0.09352531495188575
CSF1R	0.2399361975112777	0.09352765215254397
FAM174B	-0.10773141531955233	0.09361161831039938
TIGD5	0.0816306187086484	0.09361229124096519
NMNAT3	-0.19847269621177865	0.09363523493013604
LOC101927391	0.17549640604950056	0.09369155428837483
RPL30	-0.016203993214285006	0.09376249972654009
FAM20A	-0.33225301189661494	0.09377704382451692
SLC8B1	0.15744865715538836	0.09393270119050336
SPOCD1	0.1863822348934807	0.09403930957312717
PIP4K2B	-0.1073180729542571	0.09405575380174508
RP1-151F17.2	0.17602361171303205	0.0942120547207239
MIRLET7D	0.1525235320921059	0.09434099700800011
RWDD2A	-0.10771167239473822	0.09440856216670619
STARD9	-0.2369351018953676	0.09440925374049514
PMS2P8	-0.08683626607268025	0.0944557563703822
ITIH5	0.30605118061278347	0.09446513190003593
MRPL23	-0.1351209657725576	0.09451581137501519
ETV4	0.13066870103884565	0.09452207962300611
SEPHS1	0.09772277984335709	0.09452446917371574
AP2S1	-0.09709604684962336	0.09453003414677656
WDR96	-0.23907528292481306	0.09455727811560015
TMEM107	-0.1448598258740592	0.09463549230297452
EVA1C	0.1674004367901034	0.094655546432806
BSDC1	0.08836810730576872	0.09471221677224002
TMEM27	-0.2143276656497477	0.0948666177427939
SSTR5-AS1	-0.3859115337111536	0.09491578668402051
RANBP17	0.14410315370050242	0.09493665583226674
C10orf88	-0.09767222310213164	0.09503945050869123
ZNF700	-0.10497816074373745	0.09504244014145777
TBC1D32	-0.16261026290977743	0.0950424713559629
FAM131A	-0.14451440127443504	0.09536482135859776
HDAC7	0.15830893630451115	0.09539055937201245
CDHR5	0.11586820041979884	0.09552594789730541
RBPMS2	0.2128985363408491	0.09554086707772003
PRDM15	0.11743295128195896	0.0955814051178273
MAP3K14	-0.10507743956391025	0.0956241564967994
FOXA3	-0.17112089072493575	0.09564026002073828
ECSIT	0.14195572993170202	0.09565803403791125
SIK1	0.16131972141102402	0.09586397389273453
IL13RA1	0.05611159989348202	0.09587737368322835
MRPL3	-0.08741257118421153	0.0959687296331853
TNKS2	0.10469770084773877	0.09599397452677924
PIGS	-0.06632914420112712	0.09602209285580349
SLC4A7	-0.12433440327694001	0.096060836290452
C12orf73	-0.09541707217042372	0.09608254104348932
ITGB5	0.10087578262531416	0.09610029291606667
SORBS1	0.10971266852005179	0.09615191897326165
PABPC1L	-0.15356239568922625	0.0962040530972926
NUP93	0.10372786778007281	0.09622790043380952
ACRC	-0.23576001620426013	0.09623861483360549
VPS53	-0.10620709070300727	0.09624976730817252
RPUSD4	0.1433192435119075	0.09629337689024593
CA5B	-0.1657954137399722	0.09636495174942278
METTL8	0.12715335680576167	0.096385288237058
CCDC157	-0.13376997497869514	0.09641970501558295
MUC4	0.6598436807669179	0.09645992306881682
ASB4	-0.39624910457080187	0.09665403420708465
BNC2	0.34069301037155775	0.09673133431849565
YLPM1	0.08556170620050096	0.096756281113459
LOC100287590	-0.12730183351629343	0.09681714162921036
DHX57	0.0906097750877164	0.09681786901778082
ZNF212	0.09528032854386126	0.09682251299761535
LOC100996255	-0.11128421255012189	0.09685570495115275
EPHA1-AS1	-0.4513691169586478	0.09694589379431454
RNPEPL1	0.1310202524692965	0.09695496739657049
HHLA2	0.3382579906911012	0.09699456388783743
SPATA2	0.1255574681986218	0.09700113983634266
PHF13	0.05875038549498868	0.0970028369288224
SPTBN4	-0.09279468438158212	0.09704569255601607
SLC8A3	-0.38546189026065125	0.097134549373765
MYL12B	0.08260282023809218	0.09715478652941606
SERPIND1	-0.4334376564373432	0.0972635848682086
SNRNP35	-0.08311999231892742	0.09728645435762491
PHTF1	0.1287635876040092	0.09731785856249482
GPR173	-0.37509104022493567	0.09742734718454492
ISY1	0.07236174188158273	0.0974392937801158
TMEM229B	-0.23413119896992196	0.09747395918760007
ZFAND1	0.13483511716792407	0.09759571920588198
C10orf11	0.17373852712969828	0.09761980435370342
ARMC9	0.14557183528446238	0.09768411438749869
DGAT1	-0.1160962651265649	0.09772359236946135
MMP10	0.39644831854009865	0.09774329680810619
ZNF646	0.08699135932393531	0.09775604505110178
REEP3	0.1000844184210461	0.09782030940077037
POLRMT	-0.14376814023057527	0.09784336703896754
FGD1	0.16094824854260814	0.09787484078189608
TBX19	-0.22203149809837086	0.09790647889054982
INPP4A	-0.15917578997368942	0.09806608361938832
FXYD6	-0.36494038409712104	0.09812923153293783
GRB7	0.15653462000250506	0.09821304058802009
SCML2	-0.08807892641979898	0.09824655637039433
ZKSCAN1	-0.10073065179824425	0.09837122102321894
HMGN3	-0.06427891273809294	0.0984322543615018
GALNS	-0.15144831329699215	0.09848203989163308
STARD4	0.14694032367481213	0.09857102610678187
NEK8	-0.11759133496992469	0.09864595868376522
DNAJB4	0.12573660491603889	0.09867950947376802
CLIP1	0.050417649598996306	0.09870235135988624
RNF123	-0.11339114547368645	0.09870810997228645
LHFPL5	-0.2758172995933563	0.09873560961318531
PTRF	0.19080713773245606	0.09876875988284027
MICB	0.44906535088032573	0.09884882617198423
NAALADL1	-0.21141286136403625	0.09885479140262204
PGBD5	0.1285879683421065	0.0988917975157411
CCDC78	-0.2735071515563927	0.09894697217800708
CDC42EP5	0.39291212562656774	0.09898295362766762
RGS4	-0.28685162483082927	0.09903039518001523
HK2	0.22105182972994797	0.09914320015480053
PCDHB14	-0.15015873485275577	0.09915073461462343
NET1	0.07979365993734078	0.09926041449211853
SH3BGRL	-0.1295755486842065	0.09928497344132173
GABBR1	-0.2669381400814501	0.09928959621364823
PRKAR1A	-0.07341386647869541	0.09936143058873248
KLF12	-0.2010111827800749	0.09952823618372716
LINC00202-2	-0.09030725712468701	0.09958912975481676
EFCAB14	0.05216467074561493	0.09976686092060445
RP1-228H13.5	0.16196662283020125	0.09989943050458176
SEC23IP	0.10336816797179971	0.09991104738270604
SPTLC3	0.24074374756767103	0.09993113129742726
TRAPPC9	-0.14781828523935037	0.10001319607062784
PSMC1	-0.0813915729699275	0.10003127521830653
RPL41	-0.017469028345857396	0.10009963327413511
UBE2I	0.08809341853383046	0.10011242635805254
MARCH2	0.08590144948684397	0.10023212861490764
HAMP	0.5656433220219306	0.1002576980471467
PCDHB15	0.18295126586215638	0.10035110598087967
TIMM21	-0.09450767755764389	0.10040328925146068
EIF3G	0.1802877883796956	0.10044112662765219
MIR210HG	-0.22730296820112805	0.10044454499555101
SPINK4	-0.4003933432819533	0.10046338062550936
ZNF664	0.052428701271933775	0.10046744780123675
EXOSC3	0.08868933628320796	0.10066244966966975
PPP1R15B	0.10134156148496132	0.1008402460869846
MMRN1	-0.3879368034899766	0.10087149210096356
NAGS	-0.14777881164974804	0.10088123914925091
VPS52	-0.0794587249636649	0.10098105917623035
HIC2	-0.1449241207913552	0.10102518179551498
SLC17A9	0.07205665715350662	0.10111679979393172
ARHGEF3	-0.09388903199874576	0.10117394107698066
SMARCAL1	-0.12277724558583536	0.10120980757211406
MRPS7	-0.1239077378659168	0.10125889442168043
SLC29A4	-0.3709603810426092	0.10128286054399192
MOB3C	-0.14432004477819493	0.10132012588728538
SNUPN	-0.0925812318872179	0.10134291450584879
LOC100288860	0.2252749319874674	0.10135091218526793
CHCHD3	0.06585571320175454	0.10140771502648332
PCYOX1	-0.14807648390539185	0.10141548538908732
HDAC11	0.13903733512719185	0.10146479337947371
C4orf48	-0.16922155369987557	0.10147155369236403
ARF5	-0.11671040947556044	0.10147474535009023
SCN3A	-0.3918382056134124	0.10149366115516477
ZCWPW1	-0.07592075562405753	0.10156906153160979
RRP7A	0.17470285396992313	0.10159196937493495
MORC2-AS1	0.23399514752005324	0.1016078717154793
RIMS3	0.2876857532474961	0.10176158068203658
ZBTB17	-0.09370390288157804	0.10176580346534074
TBCK	-0.2428153385043874	0.10178283994716518
PIP5K1A	0.09644562244423938	0.10181479975628874
RP11-212P7.2	0.13596807141980083	0.10181564414985253
MRPS18B	-0.06478568407267637	0.1018573744586364
SPSB3	0.10861305797180876	0.10186246480184048
LOC102724689	-0.49128813570614493	0.1019023374617181
ULK1	0.0992502373916011	0.1019743164764047
LZIC	-0.06943159930325571	0.10199072569092223
TOM1	-0.12168520799561211	0.10203941224043704
COX6B1	-0.06765579544486755	0.10207827432070399
ZNF284	-0.22641314995551376	0.10217695711899155
EAPP	0.08984782532894542	0.10224124250917792
CMTR2	0.07481702755013053	0.10230232411663881
DOPEY2	0.12672440892982095	0.10231067860580131
NSUN5	-0.0904007457644127	0.10236206562914969
INTS10	-0.06515137173746766	0.10236259134101577
YIPF2	-0.08216991874059865	0.10236845593270737
SSBP2	-0.15689847370238397	0.10236968933530709
RP11-73M18.8	0.11795696781328324	0.1024138501456979
PCBP1-AS1	-0.15625690399749637	0.10242354682005256
OTUD3	-0.14621718352819713	0.10243805230392704
ANAPC11	-0.08940119010025604	0.1024430405806324
GLMN	-0.0955346298677906	0.1024532920795592
SF3B2	-0.06772796469924813	0.10248676754338647
RND1	0.2862664109680484	0.1025192403292594
GADD45A	0.11308283681077391	0.10261019909042919
EPB41L3	-0.2542724351885983	0.10261255555434454
DRAP1	-0.12970602269486342	0.10268510752970622
WDR11	0.09341217381766853	0.10277303341264138
LGALS9	0.24933665672431005	0.10279056364288411
CREB3	-0.11232614026942578	0.10292401721789696
AF070581	-0.1939663103521294	0.10294572544063069
HECTD1	0.0651929244235614	0.10295168581121428
ZMYND8	-0.10875165522555896	0.1029710636093781
C4BPB	0.36257643847431176	0.10303893226782292
SRSF4	0.09696284433208469	0.10306817965766513
IGFBP4	-0.35627134317418196	0.10320314800807338
MT2A	0.14923179303884382	0.10320558981876593
PIGP	-0.11289552522556612	0.10326270146323549
TADA1	-0.09530815939159965	0.10329547840262955
OR7E14P	0.17585686670050382	0.10330481359584415
NRXN1	-0.42013307531015087	0.10341553614272064
ANK2	-0.41910982810776787	0.10341853461494188
PRR13	-0.07213221441103101	0.10345323200663153
ZBED9	-0.15176276134398226	0.1034632567066532
C10orf25	-0.1651470015043861	0.10351338971281474
SBNO1	0.10028652132581861	0.10354914278840761
UHRF1BP1L	-0.11541191040225662	0.10358134949548495
SCYL3	0.07818451848621244	0.10373164222713037
KHDRBS1	0.04738206035714576	0.10373708972241069
ZNF692	-0.1034546973145325	0.10385499845889651
PAPPA2	-0.4071865536923571	0.10386538444773234
RNMT	0.05108453120926981	0.10388440544816731
GAREM	0.12692420900000378	0.10397446095561158
GALNT12	0.18648410021052975	0.10400063472630533
ARL8A	0.06719183837907927	0.10403655519815413
CSTA	0.4248711372926097	0.10403927909699345
DENR	0.04262698573308121	0.10413420904420836
CBFA2T2	-0.1090889963721775	0.10416643730554234
PRKXP1	-0.3749730877675459	0.10427089026781375
MAN2C1	-0.13851844906829225	0.10431708405576905
CTNNBL1	-0.08333128991791305	0.10443524229760875
RPP38	-0.08057724072118155	0.10445402204302603
OSGIN2	-0.16076095872556717	0.104461868529234
HCST	0.14364300999310764	0.10446403844950851
RAB33B	-0.10959344928508763	0.10449328812539799
WFDC3	0.18459846159774873	0.10459481321608514
DNAL4	0.11788969917856917	0.10480267438862323
MRPL12	-0.15796321238345357	0.10482238576287502
PCSK2	-0.4361966450582653	0.10486561083513803
ND4	-0.026376478339603437	0.10510409240798613
FAM20B	-0.05429415585651576	0.10516097896574852
LARP4	0.0767929634968656	0.10516751249515888
SPTLC2	0.09521898980827537	0.10522993322629602
SPRYD4	-0.19302792372368227	0.10530851766792691
HMGN2	-0.04163451099624105	0.10537131595266556
HSD17B2	0.40204425392481724	0.10545046346605458
CHCHD2	-0.08288768428572446	0.10553107661959862
H2AFV	-0.08658327026942203	0.10557787557533224
PPAP2C	0.21922044679135055	0.10562588109162767
RP11-251G23.5	-0.14947832349373513	0.10566163587970706
SUPT20H	0.07459425823433818	0.10570507660172825
LPAR3	0.5023619730827065	0.10572779543739369
POC1B	0.11763275360212688	0.10575866075858306
EOGT	0.08503773147744376	0.10578160638281689
EHD3	-0.2409444894091486	0.1059005541499065
PPFIA1	0.11813995268985167	0.10592027046993775
GPS2	-0.09627621807518594	0.10594242641184545
CCNT1	-0.06940453898496202	0.10594668065135972
UBE2U	0.5890157933759417	0.10600112913062454
ADAMTS17	0.33110982458646543	0.10601160430363707
HECTD4	-0.1425077846553915	0.10608989535569863
FBXW2	0.08587853483709296	0.10610262726126651
FZD6	0.1910044845996186	0.10614755970022755
LOC101928487	-0.15901632903571095	0.1061531348763985
TIAM1	-0.23607288709210827	0.10615565812497216
ZNF137P	-0.1397047774749378	0.10620970557296736
ASB13	-0.09150098336653656	0.10622296296773492
LRIF1	0.15355326851002715	0.1063425011346033
RP4-781K5.2	0.1123862831403537	0.1064035422675178
RNF212B	-0.23487444706140526	0.10653222547693621
RBP5	-0.10671973262092838	0.10662393864484568
NIFK	0.08258616301378119	0.10665522782921538
BC069776	0.15903274696930048	0.10683737363972719
TPRG1L	-0.08867719508771899	0.10692717294103728
VEGFB	-0.134787324688598	0.1069953645008566
GADD45GIP1	-0.11727986431453452	0.10707666868954621
KRCC1	0.10224496828634067	0.1071239457128471
TMED2	0.05659420774435908	0.10715553579483973
GTF2F2	0.14000387052631247	0.10721187720218348
SPTSSA	0.14952878918546553	0.10723980931575867
EPC2	-0.09923356554448404	0.10734894083911269
NELL2	-0.4108352950833325	0.107430429351664
NICN1	-0.18612503161215344	0.1075506334989622
PET117	0.08799865508772875	0.10756744983843085
GRAMD3	-0.07629212828947018	0.10762845785239956
EME1	0.09897845421052587	0.10763952010251171
PHC2	0.09465758978759276	0.10773214398640316
SECISBP2L	0.06481531131453089	0.10782285780703452
OXCT2	-0.110790887817668	0.1079343101875843
DBF4B	-0.11447319549874457	0.10795737435686506
ZBTB8A	0.12830766610088062	0.10796315647413302
LARP4B	0.06884643215538766	0.1079777764662506
MUC1	0.17327767694862395	0.10806644789003508
F11R	0.10897885758145698	0.10808084216160596
GBP3	0.3933229825319575	0.10813178756908154
TTTY15	0.9520415548540093	0.10819818763590092
PARP14	0.09264981254135307	0.10827519084527207
ENTPD7	0.12078336431202708	0.10829649231377148
MASTL	-0.15425911052506258	0.10835927829749209
LRRFIP1	0.15179020076440963	0.10836814813378877
BRD1	0.08901227858270744	0.10838218003417747
MX2	0.23755300684210479	0.10838543322429123
C19orf26	0.09127396919360642	0.10839610974734586
SLC14A1	-0.3994096679254362	0.10863065660411733
ADCY9	0.09663205441666634	0.10874257580044291
CCDC59	0.07828665269423496	0.10880167999882279
GPC1	0.16110484691416005	0.1088110428639335
TBC1D19	-0.15681410517042238	0.10887559769636618
PAQR8	-0.26282328629322915	0.10892513974827112
ZSCAN2	0.12070250712092268	0.10893633373146036
POLR1D	0.11719741004385753	0.10895397570966736
TMEM182	-0.14952461931704253	0.10902501658123846
NFKBIE	0.14812703056892218	0.10905967361425088
CTBS	-0.1846185034379726	0.10909183837269644
PPP1R9B	0.09348769799875001	0.10909809816904696
AP006222.2	0.19569433662782032	0.10918595176276845
LOC401220	-0.34872370207894576	0.10927900932423258
COL18A1	0.2045687443446127	0.10934406667291754
ACTA2-AS1	0.26994199822869813	0.10937070612970622
RP11-690I21.2	-0.3094965964981222	0.10945168353026702
QRICH1	0.06563269267544669	0.109509591697567
ZNF776	-0.08612189070426268	0.10956292748309328
SECTM1	0.2569565146898469	0.1095634456034362
MYNN	0.10483705341854588	0.10960883520896389
MSMO1	0.0775055278634067	0.10964290811737629
PLSCR2	-0.20680822615789385	0.10986465035055454
GLB1L2	-0.16026071692543997	0.10992740259845876
LOC101930415	-0.23273764410275977	0.10995388673345295
TOLLIP-AS1	-0.19445689501378727	0.10996497994493275
STK19	0.11889044306641239	0.1100091921453003
PFKFB3	0.08611104452381468	0.11010914671368817
RHOA	0.042458549342109464	0.11019582352379742
C3	0.25448828287593805	0.11020621147598776
POU6F1	0.1474322737305762	0.11021644329998394
HNRNPAB	0.09905793855763712	0.11021841893164323
CAMTA1	0.07048879084585913	0.1102990937932046
WDR18	-0.13825760730200454	0.11045400483029201
LNPEP	-0.07108121552631452	0.1104622930191638
CAMSAP2	0.07600374610902172	0.1105477790223539
AUH	-0.10803393033708808	0.11070750789864604
CASC4	0.0677349441729298	0.11070854003022612
ADAMTS2	-0.4214759046704266	0.11072599234706391
SNAPC1	-0.11275530058333416	0.11092442071911983
LOC284023	-0.15494099866729094	0.11093831662326294
FIS1	-0.1515513603759402	0.11094656895681375
SLC25A23	0.13521401792731957	0.11098240300786924
TMX3	0.08941504454887195	0.11099388765846378
PTPN4	-0.1371599313997489	0.11106782034243448
ADTRP	0.21379642930388343	0.11111244574423798
LOC100289098	-0.1479742646723068	0.1111435037012275
PPTC7	0.11053508778195109	0.11116737193512573
ZNF572	0.16550955344674012	0.11124538100138834
TRIM4	-0.11137405760463892	0.11126389173791706
TBL1XR1	0.04426657392857081	0.11143405128639108
GREB1	-0.44759184559085075	0.11162832950146652
HP1BP3	0.04904074603383535	0.11166219652966083
MOB1B	-0.13595152683584288	0.1117102440756344
KCNS3	0.24746913876441212	0.11189823327503437
RAPGEF5	0.20567265911591548	0.11193973522764462
SMYD2	0.10856890382519069	0.11196430675884093
TMEM14A	0.08553263823935175	0.11198801243179858
SLC35F1	-0.27367934043358666	0.11220591600692999
ELL3	-0.0981087750100258	0.11225837470104098
PPP1R14C	-0.17474761132644012	0.11240221305637889
SULT1A2	-0.12548187357456442	0.11247566876721479
SND1	-0.07829543994924748	0.11247611219695981
ANKS1A	0.0677844364805793	0.11259122873123327
ZNF835	-0.13789004160964602	0.11264985997944585
SYNM	-0.3449893093101508	0.11268491803491551
UIMC1	0.09851730223558697	0.1127280701351634
ZDHHC23	-0.09744229409774796	0.11274262645822429
ACD	-0.09787560664473638	0.1128250925050742
MAP3K9	-0.07668566270738886	0.11286437218589243
LAIR1	0.2823332548270656	0.11294278237747478
ANGPTL2	-0.35512246353508914	0.11298634954002708
TFB2M	0.09326867713596343	0.11302806597361674
EIF3M	0.0822436776691724	0.11303590362771349
FBXL4	0.10605353531954975	0.11310320366531862
RP1-118J21.25	0.0760880175131593	0.11312414702328276
BTF3L4	0.06973537414786968	0.11312738949386315
MIR3682	-0.14846277431892307	0.11322752764148683
POLD2	-0.11403251784648738	0.11325892411374174
ITGB2	0.30523672317919814	0.11329064986039122
N4BP2	0.12073564237782364	0.1133100328408366
KCTD6	-0.13315520225062727	0.1133950455821948
QRSL1	-0.10558604112970293	0.11349583177611494
LIG4	-0.08446180210401266	0.11355352685283371
TSLP	-0.44557729190037687	0.1135910299767227
RHOD	0.17445244781579028	0.11363263231641699
TMEM69	0.06811492487218374	0.11364051405563953
PLEKHA1	0.07189206303258366	0.11365087457108751
LOC100505501	-0.24455961106453739	0.11366227515573253
RBFOX2	0.08376852632205534	0.11368667146535956
DUSP19	-0.20290171479698937	0.11371718600020755
PIDD1	-0.12639133725626905	0.11373704719146625
CXXC4	-0.27080820347869405	0.11375145212271184
RP4-714D9.5	-0.16694142311027527	0.1138424760301526
MEN1	-0.11405609095050195	0.11390782339975779
OCIAD2	0.06739501131579573	0.11398129242318943
LOC101927972	0.38047669864222833	0.1139885090174717
MOB2	0.07571022650563908	0.11405158443413455
STARD5	-0.12566616270990227	0.11409742925001337
NAIF1	-0.10799197268671623	0.11410104659934281
ZFP64	0.11270081651190544	0.11410630837665253
DOCK11	-0.3417545584348387	0.11411289786723142
KBTBD3	-0.13584679426566204	0.11415278803561574
PITRM1	-0.1263515292543893	0.11430228518532548
PIP5K1C	0.10853162292857199	0.11432883227411282
RNF180	-0.21267710092355774	0.11436900055729804
FUT2	0.24847908946240516	0.11441815027621127
PAPLN	0.30732010441478774	0.11441959892291156
LOC389765	-0.1899004261052717	0.1145262725639075
INTS4	-0.0851044090350932	0.11453086490839053
LINC01128	-0.15281135862469064	0.11456547359268494
CKLF	0.11657211406077472	0.11465060481049798
COL4A3	0.3102369448872144	0.11465550344851291
VNN1	0.3517385853771966	0.11466253699956154
TMX2	-0.06719115313910251	0.1146637105388648
MTMR9	0.10634227187844658	0.11467267061664782
MAVS	0.09122094934022229	0.11475938341075441
DACH1	-0.35048889602255606	0.11479946266085281
PCK1	-0.5421960158189281	0.11483466639146421
R3HCC1L	-0.09518397962342995	0.11485952067923501
APPBP2	0.09255906651441137	0.11487878440263817
IDH3A	-0.07836016952004776	0.11496200725932751
TXLNGY	0.8511939943452358	0.11497040360904996
CLDN5	0.23387063055200308	0.11502610036271002
KLHDC8B	-0.13121116069548755	0.11507581904430915
IKZF2	0.11599552686842252	0.11509082373310114
GBA3	-0.4362417550125306	0.11515409182156446
TMED9	-0.05942660333959893	0.11521592228487036
CNOT10	-0.08247129631579142	0.1153000070950513
KIAA1467	-0.1032645865043822	0.11548609433399698
BZW2	0.06366984789473662	0.11548732028589086
SLC35A2	0.06716003046365948	0.11561392699908744
PMCH	0.31990157398120456	0.11564336654870547
ETV3	0.10868033167105473	0.11574341808082106
APBB2	-0.14416940797055133	0.11579005881131882
DHX8	-0.1168532464937364	0.1158212136077544
TRMT5	-0.044230638433587544	0.1158223076021804
ZNF418	-0.14248963026065375	0.11582469238114527
S100A9	0.32286700978696636	0.11586046004934925
OTOGL	-0.3641683384686729	0.11590395085915331
RP11-320N7.2	0.3579751423295727	0.11601047993523385
TGFBR3	-0.16408987004134978	0.11602552635811159
ZYG11B	0.06914642691102557	0.11606733636292975
UPB1	-0.2395092404028789	0.1162385330806447
KCNIP1	-0.26706881193170506	0.11624584408157308
LURAP1L	0.13820715372493275	0.11633824129876193
ZNF45	-0.09352246785024931	0.11638843123663568
FRK	0.10112451934836741	0.11640160856200485
RP11-355B11.2	-0.22870597863345932	0.11645410681033369
SFT2D2	0.07633071446742434	0.11649434245286179
WDR5B	-0.12167315449999982	0.11652578714598201
FAM92A1	-0.10269085596992333	0.11653345490377384
RP5-935K16.1	-0.17977163863094958	0.1166224827903983
RORA	0.13069450625751955	0.1166590637191983
PDK2	-0.09177521876127948	0.11677627002875726
PODXL2	-0.08296492217543872	0.11677930346145413
BRI3BP	-0.07077469768796973	0.11680550405692901
CNTNAP1	-0.2669822264730577	0.11684540348140934
IL17D	-0.160245898172934	0.11695028155942554
KLHL42	-0.1234834200939865	0.11698305853442688
GMPS	0.0841819161904791	0.11717383600859194
CLDN3	-0.12894209186716576	0.11717518661338244
PUM1	0.029847428477443927	0.11721438748997266
POLR1C	-0.09971529570989723	0.11723443423746209
GCH1	-0.12112814879072609	0.11726353775856771
CLK4	-0.1315801860902308	0.11730120163232514
SEC14L2	0.1661511573157899	0.11730762683097518
RP11-631N16.2	-0.22968428329260604	0.11731356733666627
RASA3	0.17198652147994853	0.11731553317495776
PTGES	0.3829211249511246	0.11739076261210579
KCNH6	-0.290056807092105	0.11741089116878548
SLCO2B1	0.2562439887080199	0.11751534389402576
TMUB1	0.08521947082894687	0.11754206692411473
LOC102724094	-0.09760664857205725	0.1175876938046614
COX16	0.10319078662906911	0.11760032738859987
AFF4	0.04983177570176167	0.11772361762845762
NDE1	0.11580034902569114	0.11772665342938182
KCTD3	0.08177668260651494	0.11775124559072346
OSBPL1A	0.17988986467794277	0.11776812420333344
SH3YL1	0.09929015860902446	0.11788250697603542
POLG	0.08726284192856681	0.11790610209049153
TUT1	-0.06488161933333014	0.11791991268997458
ATP6V1A	-0.07120828562656456	0.1179604557325043
XRCC4	0.09200351001503826	0.11803139133440889
RPS16	0.020006330469920286	0.1180635723337267
GBP4	0.2730085852781965	0.11816483959353519
LOC100507507	0.13939107914974613	0.11819738413486773
SCYL2	0.056783779028826586	0.11825864479975266
FAM198B	0.18340883237029892	0.11837680572032512
EPS8L3	-0.35352129656641473	0.1185759118775495
SP110	0.14924507595112857	0.11858338526669707
ADAM22	-0.40263356952694007	0.11858668895058788
CCL22	0.4358496090870929	0.11862797377959818
NLGN4Y	0.7540798900858405	0.11865698874585444
EIF2AK4	0.09296599890852342	0.11869439064889208
AP2A2	-0.09784608173684539	0.11873567270446987
MKRN2	0.06479582799686767	0.11875357360828695
CD164	0.05673441504385934	0.11875434875998435
ODF2	0.11536720377318854	0.11880082200118501
RTN2	-0.1580239032650379	0.11886423455220443
FASTKD2	-0.09901099587781914	0.11888788779212506
YPEL3	-0.12274096199874585	0.11895208219522879
MKS1	0.07436342137844587	0.1190084550881437
NFAM1	-0.18712352369047736	0.11902258356905213
MBNL1	0.05443273635338031	0.1190639536771358
MAFF	0.15295341283208153	0.11909605414813117
UGGT2	-0.08725887769486107	0.11913702297333824
TNNI3K	-0.1566320882706771	0.11914114154772876
NSMCE1	-0.10308355008834624	0.11917487552485612
MTX3	-0.06854193035400868	0.11923296272867916
LOC100130331	-0.45658961633395734	0.1192978540592183
TNFSF11	0.36988694362030206	0.119315090810328
AC005523.2	0.1765522198114038	0.11933626432923022
THAP2	-0.14594100752004646	0.11944938250916683
MGP	0.3403472606391045	0.11971524105310274
TMEM50B	0.09077398277945292	0.11974887782962211
HMGCS1	0.10834142436090666	0.11990746876708885
SMC2	0.09115902443985036	0.12002068800492276
LOC100131053	-0.17731050416228022	0.12021303297524705
DHX30	-0.11831424684523562	0.12023876130928725
VWA9	0.0655427053552664	0.12027476730949009
OSBP2	0.10365482976754503	0.12029282271607751
NFATC3	0.08047949846617009	0.12031910127032393
KLHL15	-0.11268437602757153	0.12032996341525354
TMEM5	-0.08532126591290812	0.12034298040049018
PSMD5	0.06973463247493861	0.12044526775486064
ARHGAP10	0.12286882103759211	0.12052996999116344
PPAPDC1B	-0.09021635079949952	0.12055465882104956
CHD9	-0.13551747390977553	0.12057922229291602
KIAA0930	0.08322421269423863	0.12068272752720897
RFC5	0.025996120532578715	0.12068527245577643
AURKC	-0.17516499508145245	0.12084790934530339
LOC102724561	-0.08596729936842173	0.12085510399417045
DENND2D	-0.1623405699442344	0.12090917144152645
ATXN1L	0.06866531838972101	0.12101091665415215
RBM18	-0.10100350152255722	0.12107470263191801
TLN2	0.13056436461591758	0.12108423118632959
ZMAT1	-0.2480229209743161	0.12108464525083427
FYN	-0.12330681514536224	0.12110485728863594
VPS33A	-0.10099118345989311	0.12115739109468768
DNASE2	-0.08843266560275609	0.12116702850067569
GPR64	-0.42696405713910224	0.12118186764733896
STK16	-0.10319743615726473	0.12124278364470126
ARMC7	-0.08175055827255662	0.12129232801432632
DIP2C	-0.14809607881579367	0.12134677476866176
ZNF214	-0.1962852832205524	0.12137670467024121
FKBP1B	-0.1318052233972491	0.12138150895044222
DSN1	0.11942744470300859	0.12139658291692361
EXOC7	-0.09681511676127919	0.12140550937159265
UHRF1	0.19828803755827273	0.12153335948831756
RAC1	0.04379452018797281	0.12159406245431477
ZKSCAN7	-0.12354889758145582	0.12161903942035346
NSUN5P1	-0.08445143888346429	0.12168570648512418
LRFN5	-0.2176556909041354	0.12173715932357711
RP5-1085F17.3	-0.11065328003133068	0.12176296543994615
DAK	-0.09559059748120458	0.12177678589412307
RSBN1	0.10150846445488781	0.12182288667549027
MREG	0.12557202637844433	0.12185659799130849
USP5	-0.08007163368859427	0.12191897482282138
HSPE1	-0.06262295520049932	0.12192661688533428
PALLD	-0.07008756876567013	0.12196344432211019
TMEM129	-0.0810619013809557	0.1219731069838841
NBEAL2	-0.08336343311653938	0.1220418203160582
LINC01137	-0.1422592438659125	0.12207249051242168
LRRC37A4P	-0.495764395267547	0.12212584987066426
GRB14	-0.17371784035212912	0.12217902838726948
MYBL1	0.21941484865914695	0.12219484021038404
C3orf70	-0.42872778239410714	0.12220590327977131
DSCAM	-0.3437841100795751	0.12222177255812787
ZNF407	0.06256158208458729	0.1222322607993452
KIF9	-0.10751406378508399	0.12227293036765506
CREG1	0.07843403796366566	0.12235106997780598
VPS33B	-0.07399688847744557	0.12240500960379806
SLC4A3	-0.16596024676691812	0.12243333208749968
BTRC	-0.07068692633333384	0.12249549862592324
HEATR1	0.0748000323746858	0.1225263653405586
WDR34	-0.1005065452926086	0.12253040153129878
LINC00621	0.06852997151503715	0.12258763962278119
SIK2	-0.06965656517480845	0.12267264754068478
C1orf174	0.12204803419235688	0.12273360622424855
SMG8	0.10822180680827209	0.1227724599143726
HOOK1	-0.09930341678821719	0.12292733362618839
OXLD1	-0.11486855183020239	0.12296208571183903
RP11-550I24.2	0.23082146935651426	0.12296378337662549
VWA8	-0.11266550337781744	0.12301489843573792
NABP1	0.2450014009655419	0.12307941204338621
RADIL	0.08426221589912153	0.12312802142301518
TRIM36	0.16009158934022683	0.12322160123042018
VSIG4	0.3942431503834607	0.12326885119297924
INO80C	0.15803543626065242	0.12337923442258203
TMEM178A	-0.2943072482738103	0.12346876227647775
METAP1D	-0.1511009352681718	0.12355364978498486
UNC13D	0.10040963439097705	0.12355550822590415
RAVER2	-0.18247523711529112	0.1236003642758684
HYOU1	-0.10476767574937718	0.12361759648267989
C16orf13	-0.10387216959460943	0.12368204600918167
AASS	0.1697435168088992	0.12368477197618076
MRPL48	-0.09880863766102266	0.1236987801583301
ZNF502	-0.1482401044423547	0.12382873610417595
RPRD1A	-0.0604840882832125	0.12387473554403103
CISD2	-0.07344623037594111	0.12393904061825806
ZNF527	-0.12524722434962676	0.12396602775386618
SETD4	0.07374285249248125	0.1241441852580206
LOC202025	0.17083277840538713	0.12415643301293616
PHLPP2	-0.06403847261027451	0.12419453974574082
RLN2	-0.25072291403759284	0.12420362071241589
RELL1	0.09655503293859269	0.12424156537145362
ADCK1	-0.1440230067243089	0.12439701208278553
CCDC174	-0.07919816419924963	0.12442274467406807
GAL3ST4	0.3408563320726836	0.12442403757227681
GPAA1	-0.10809526633771682	0.12443031461991712
NMRK1	-0.13606740914536175	0.12452700922095031
ZNF267	0.09085324073120837	0.12455272244395675
RAI1	-0.08769664910964714	0.12455561845821891
PPP2R2D	0.09838706594360502	0.12460862039817237
SEPT6	-0.19585768543984372	0.12468358553078289
LOC90246	0.12222186045488925	0.12471533121683606
FOXN3	0.08467859962405733	0.12472532811630692
TMEM186	-0.07243048786591544	0.12481572049031261
DYNLT1	-0.06925535443608943	0.12483034192424153
IRF6	0.06785202132831891	0.12484923242473703
CNIH3	-0.23107032276629091	0.12501897275871582
ASAP1-IT2	-0.2060209988452364	0.1250937751557829
KLHL36	0.0859699515689254	0.12510784764904612
NEGR1	-0.25362919039285714	0.12512627135547466
HPS5	0.08341558806829141	0.12518380099325782
CCDC121	0.13041675346992498	0.1252125019375602
PHYHD1	0.20627595859273118	0.12530802167013205
KLHDC4	-0.09997470868859892	0.12531712036549444
ZNF585A	-0.11041499568107938	0.12538387540873644
MGAT5	0.10343111215225953	0.12540790700441173
PITPNM3	0.14960257746741767	0.12541053518964396
TOPORS	0.12695207719360724	0.12542790208713644
GCHFR	-0.15844147800501496	0.12549298284778748
CSDC2	0.19736264506077728	0.12551228226179814
FGF18	-0.10565411877569097	0.12552581131618568
SMIM24	-0.40401430356767065	0.12553444777602862
LRRC16B	-0.08258902704636384	0.12557322945886812
SCD	-0.11167953992481294	0.12563024343919504
C16orf87	0.09697109470802268	0.12563657171940307
SZRD1	0.07660024018796818	0.12564349432922012
GPX7	0.14123458984774828	0.1256629907496588
TM6SF1	-0.1021666627562654	0.12573558669134804
GSTO2	-0.10227917176127654	0.1257742519066727
ZNF92	0.10235023324247905	0.12580203734148998
CLP1	0.09335628485275826	0.1258619740465561
IL22RA1	0.36056169038345853	0.12593902478818716
ILKAP	-0.09677177673308357	0.126023287112317
TRO	-0.16606122503446308	0.12607887883124042
MARCH9	-0.10618119339410992	0.1262466042085049
MCM4	0.07603628497932569	0.12627573908809347
SUGCT	0.2528966148082743	0.12634807755623975
GAD1	0.215754166973686	0.1263843134908872
STAT3	0.061976543038841925	0.12639959997312405
SLC25A46	-0.04930041856516176	0.1264734631929581
RTTN	-0.14962235376377997	0.12663974132714564
CSRP3	0.5426692646892235	0.12673682909558398
CLIP2	0.13320237337531537	0.12675995485991487
ZNF428	-0.09171052007769287	0.1267892450529334
FPGT	0.09274452332769734	0.12679659534939744
CXCL5	0.466240055773806	0.1268140663702781
PER2	-0.10232400394110108	0.12686670922762372
LOC100289283	0.060992312650375524	0.12695242336268084
GPRC5A	0.24063826260777077	0.12699810998833871
ICAM2	-0.2521785576190476	0.12705550222564624
TGDS	0.15182445589849358	0.12712145724194768
PUSL1	-0.09363776004072477	0.12712171149966975
RBFOX3	-0.2482095752700504	0.1271618883533218
DALRD3	-0.08793977221115057	0.1272121794451447
PSMF1	-0.06536307874060299	0.12730545279296018
QTRTD1	0.11900662907017256	0.12745770048119184
CIAPIN1	-0.08925355570989701	0.12755016379246548
CNOT1	-0.07064702937343093	0.12755112042442868
APOBEC3B	0.34130019102004816	0.12759323850099055
PYGL	0.1961461323264464	0.12761610386658293
UNKL	0.1465342580025064	0.12761892273086667
TOMM34	-0.12677499104761836	0.12763719032470056
ALS2CL	0.17313676553697022	0.12763930614978664
ZNF703	-0.16394679893484287	0.12766075443777658
WHAMM	-0.12307074806390972	0.127740888996828
WDR36	0.09736495795363709	0.12784422986808713
SERPINA10	-0.5051115743464916	0.12786111714270246
CSF2RB	0.3511910244198022	0.127879992306906
LOC157562	-0.1589361380858394	0.12790845429962344
ZNF215	0.23245106649686686	0.1279166076748384
SYT16	-0.3656200329009991	0.12798072650608422
KLHL1	-0.4636714989530075	0.12800029082723247
IL6ST	0.061801980814534474	0.12801014521856144
PICK1	-0.07317580598371354	0.12809049980331572
RPL38	0.021188815632831037	0.1281225467185582
LCLAT1	0.06908879820175429	0.1281420866600784
AC017104.6	0.09715119836841701	0.1282963190299578
HEY2	0.25598896387155623	0.12835748449645382
ZNF365	-0.3054304084010049	0.128413193540385
UBA3	0.04206564070802443	0.1288181446835723
MT1E	0.1545885771804496	0.1288770998275095
KIAA0020	0.11229272134084844	0.12888718745424455
SENP1	0.07138733379072448	0.1289045823774634
PIWIL4	0.1942508286585216	0.1289242814004303
NDUFA9	-0.049691185595243326	0.1289774566405932
TTC31	0.09757411921365744	0.129078811433647
PRPSAP2	-0.0738035261817025	0.12912501990844796
NUDT2	-0.14582525590163087	0.12913067876192363
FARS2	-0.08948116460839728	0.1291474309535019
ZMPSTE24	0.04742921134711864	0.1292150784697226
SERTAD4-AS1	0.13786077462343194	0.12929678409380432
MFSD1	-0.08433428862781334	0.12939934823187016
UTP20	0.12679993759273245	0.12947442207220825
TNRC6A	-0.0928342883847133	0.12951976245464802
SPACA3	0.18519122543483668	0.12965631779558948
MRPL36	-0.1009131121290725	0.12969626585645003
SKAP2	0.16934804436215423	0.12971711415282902
DYNC1LI2	0.03669065132206306	0.12972136193707448
NPNT	0.17197343201127602	0.12976097896740268
FAM13A	0.20968545939787298	0.1298291813008613
KIDINS220	-0.044941185670426265	0.13024069483089898
TNS3	0.06843293835213338	0.1303180121437501
NIPAL2	0.12401440914222839	0.13037996471134855
CC2D1B	-0.1176040368471174	0.1304956059276559
ARHGAP24	-0.1416037740946159	0.13064105083266453
LOC102724312	0.14364383143233184	0.13065682312532778
RPLP1	0.03012668607142288	0.13066230494511563
CSTF1	-0.08946406891040759	0.13069823989641277
GATA2	0.1425853168471125	0.13071533327725457
CENPL	0.12395316816102753	0.13073818641867785
CORT	-0.09906896567857171	0.13079059127287404
CCDC85A	-0.38251591435025123	0.13085923341078612
SEL1L	0.0534453804824544	0.13088999633017886
SYNGR1	0.20431827349874787	0.1309280027941387
ORMDL3	0.168474941482458	0.13100704448456987
DDRGK1	-0.09736107614348377	0.13103973906447675
ATF7IP	0.07114687752506299	0.1312113959608963
DPF3	-0.2114147241409734	0.13146209301421308
IQCB1	0.1306214697362158	0.13153761165149194
RNF157-AS1	-0.3350543672518791	0.13153892376600362
SMARCA5	0.04380514772556232	0.13171258197203745
EIF3K	-0.060262559097740365	0.13173241839300448
MAGEF1	-0.08172062563345328	0.13177219398303952
IGSF9	0.21982494951566167	0.13183105902012157
NKIRAS2	0.09042402170551078	0.1318339656663544
RAB42	0.21242249264661872	0.13195041277587435
DAP3	-0.0867277127255619	0.13195755539412807
TMEM184B	-0.059281176518801715	0.13198124734186686
C16orf58	-0.1123777362030065	0.13198595466813515
TMEM79	-0.11043295771115158	0.13206213040620723
BFAR	0.116508385519424	0.13212683991302634
EFTUD1	-0.08868315548433792	0.13221249046965405
TAF1C	-0.10893163163847142	0.13229322464025903
IFRD1	0.08711600108396134	0.13232389315418144
ANKRD18A	-0.17879019630764503	0.13232473624532456
VPS36	0.07094945533772012	0.1323731248910223
SF3A1	0.06901698151253122	0.13238594809783918
PORCN	-0.08857298156015148	0.13243694189509206
LOC101929243	-0.24341370680388508	0.13250714837308275
RASSF7	-0.1071817064298255	0.13264743683798597
LOC100507250	-0.16011295031265682	0.13268060391887293
C11orf30	0.08408098242606599	0.1327066216585713
TFAP2C	0.2932335410770657	0.13297393516443667
CHP1	0.07406325181703721	0.13303728930942008
CHD3	-0.1331253613051384	0.13315913955591616
RAB3GAP1	-0.07305989815162839	0.13317145838378236
MAG	-0.08003304691541491	0.13318664479494072
SNX4	0.069190397850873	0.13319224727254658
PDE3A	0.14308327828633693	0.133223362417507
DDX55	-0.16640265986403868	0.13324424577575092
BCS1L	-0.11347415468984856	0.13328627058324288
PRKD3	0.07353671211152779	0.13331821746632033
POGK	0.06897258096052994	0.13342116021118403
SEPN1	0.1054122275482463	0.1334405384381799
SPAG1	0.11154216249999394	0.13348390511601013
SH3BP5L	0.08170248426942806	0.13349062487330413
PRDM10	0.07364862824937113	0.13349810012172972
TMEM176A	-0.2840820735269407	0.13352566283433928
HEATR2	0.07310698447556696	0.1336547915595829
S100A16	0.16948868369047787	0.13367449967248468
PDLIM3	0.2889416660620281	0.13372994138753777
BBX	-0.09683093569548973	0.13379959652688486
TMEM209	0.08782819048120061	0.13388135970436552
RNF150	-0.3171261469060127	0.1339674311882819
ZNF711	-0.1314414402105264	0.13400561034233913
C11orf96	0.17704487675940328	0.13409809221366098
C5orf28	0.1018668126572706	0.13416156851999853
ATF3	0.1804163487086452	0.1341619786012488
JMY	0.0951399083815776	0.1344503281393943
RP11-769O8.3	0.18663309379824344	0.13452907594756014
ZC3HC1	-0.07130267185839934	0.1345482933012126
COMMD3	-0.097709533790729	0.13459062977870923
PLXNB2	-0.10764165116604119	0.13463198477298682
FHL1	-0.2198091708032539	0.13466014975769336
C4orf29	-0.10918467738596327	0.13466580125229594
ZNF155	-0.13667812123057654	0.13493068688474308
FRMD3	0.22908846412342854	0.13503839458186495
FREM2	0.2987731440996253	0.13516248922344712
SLC27A6	-0.23650036970864985	0.1351667659150977
DZANK1	0.11802539059711847	0.1352282930968557
ADAM17	0.06835490193295435	0.1352392025985859
PRRX2	0.05586720327819439	0.13532038263750096
KIAA0226	-0.07652489306014765	0.13532188034621018
WWC1	0.05999587085840119	0.13532627008335665
ALDH1B1	0.17935137815163138	0.1353884870437055
GLCE	-0.11312398081516228	0.13548794123742572
ZNF565	-0.10008265060087584	0.135497402767327
SAMD14	0.06829853961904675	0.13553263739123114
LOXL3	-0.17040185650877238	0.13582020142143006
ATPAF1	-0.07475745675439072	0.13585004006873178
PTBP2	0.10019068616228388	0.13585045956999592
NIFK-AS1	-0.12612646869799882	0.13590048556771867
ZNF655	-0.0619150092656664	0.13597565947019694
GAREML	-0.12365920780639161	0.1360023461877424
KPNA5	-0.12337194126629036	0.13604886539260183
ENKUR	-0.338520267468045	0.13618906540892278
RHOT2	-0.053130861224936154	0.13620041612030276
TIMM10	-0.11957428801378711	0.13623288143817652
YIPF4	0.11818627373182622	0.13623777755101893
SBNO2	0.07376495304448749	0.13642369082801112
NEURL1	-0.2547264420689217	0.13642457139182834
LSM5	0.0945831550689249	0.1364469052297824
MDFIC	0.1446760997161629	0.13658856105369335
ALDH4A1	0.08156602767982246	0.1366469090173439
NDUFA4	0.0711345568295716	0.1366561867332212
ENOX1	-0.1310668853703012	0.13680779668565926
WDR1	0.1190681030275691	0.13683365179995371
HEBP2	0.09329121235588644	0.13690169631132038
MYOF	0.1799179701134026	0.1369360091667999
EFNB1	0.12462775407832094	0.13702530482427183
VAMP8	0.13175087994361157	0.13712970423309406
CDC16	-0.05946543219298128	0.1371574882265861
CARS	-0.08738223531328515	0.13722061547149794
TIGD6	-0.14009961579135233	0.13744313583140957
NCOA4	0.031481046591478545	0.13744937824770898
ZNF141	-0.15784848677380658	0.13748211265173432
RP1-74M1.3	0.19086594257832434	0.13768703207813282
PLEKHF1	0.12911983563283425	0.13772500576009075
NUDT15	-0.1032642278671716	0.1377529414659844
TBC1D20	-0.08368043533834779	0.13778618667836995
LOC158960	-0.28936839706829964	0.1378410418241982
SLC4A1AP	-0.08243269575626577	0.1378593734485178
TRIP10	0.1581573667280729	0.13786310261797477
LTB4R	0.12497952686716651	0.1379600231399566
AKAP1	0.0738487838728048	0.13798525652757448
HIST1H2AE	-0.18707517572180432	0.13800337747487296
EPS8L2	-0.08892351028633882	0.13800629843302153
FBXL12	-0.07837945883208342	0.13803051314892412
TRUB1	0.14234089407080397	0.13809264410169156
POLR3H	-0.10925911603446536	0.13818233239805208
CHADL	-0.08505814512594156	0.1382910752888308
ENTPD2	-0.14967375169047514	0.13829526812246803
AL833181	0.21937488031328378	0.13829867495240328
SHF	0.08478949566729188	0.13844745984508858
PLXNC1	-0.28499773459022393	0.13848545060265524
ZNF354B	-0.17160748040539087	0.13851722812784073
OBSL1	-0.1257154689749349	0.13851831279029608
FOXP2	-0.19728018680263126	0.13861744704512607
TMEM70	-0.0856153833345843	0.13864818474054477
UBAP2L	-0.07298270652882621	0.13874679146295288
PPM1H	-0.11270299570989906	0.13886900461215257
SLC25A20	-0.15658238775814226	0.13888306582664356
PATL2	-0.17325398717042528	0.13909931435973533
FRRS1L	-0.41780370898057395	0.13917552543037975
DRD2	-0.13085384696867042	0.13921961169144864
TOX	-0.2146072936428478	0.13940039091493478
H2AFY2	-0.08745245111277988	0.13949311722031876
LOC286161	0.10813179946052465	0.13951102509919172
HIBADH	0.12271498415225679	0.13953981342557173
C3orf33	-0.3017491714680416	0.13954733085647603
PTGDR2	-0.1774206949893502	0.13964192805663417
IGSF10	-0.2410229453596502	0.13978278489628992
MIA	0.08307196547243123	0.13982149902698393
DNM1L	-0.05493688154135157	0.13982390361018943
DOK3	0.21120621397556327	0.13986781017640698
AVPI1	-0.1619605487543856	0.13990366272166044
KB-431C1.4	0.08771618838157824	0.1399369068580822
DNAJB11	-0.07712730238721832	0.1399775444401213
LEPREL4	-0.11213946380952411	0.1400688013613709
SMC6	0.08289478787468063	0.1400729314914718
SUMO1	0.05207499348997047	0.14016630996062526
VPS13A	-0.12681828007017693	0.1401994748350046
PHLDA2	0.16612442636841962	0.1402114689387707
C5orf55	-0.1262947543834576	0.14026634435856275
PCF11	-0.09846819919800076	0.14032224249182662
SYNJ2	-0.0815503351416087	0.140335767830134
POU2F2	0.12098786718483989	0.14043615159007802
ABO	0.11999234045990015	0.14047056464832525
HOMER2	0.20883624884649166	0.1405315937815345
CAPN3	-0.1893543197512546	0.14086672804762762
RPAP1	-0.12132757684335971	0.14095228989806383
SHISA9	0.33405462534774344	0.14096537491412345
APOA4	0.06689010826002662	0.14101056021107797
PLAGL1	-0.147215592234339	0.14128943925688328
RSL24D1	0.07348640033207943	0.14131567609806608
EPHA10	0.11060599726253173	0.14133543459061393
FASTKD5	-0.062526902521304	0.1413527403613755
BLZF1	0.10496115550125573	0.14147492346620502
ZNF829	-0.0897720236397257	0.14166532995638145
CSDE1	0.034981505225564646	0.14173922807408734
LOC400043	0.24321745382894733	0.14175094579547276
TRAM1L1	-0.1505598645513775	0.14187159201522978
MMADHC	0.06702943050125398	0.14192563286563187
TMA16	0.10274583324373587	0.14194341999917806
C7orf60	0.08402966923935118	0.1420931684463374
KRT7	0.19059370146867138	0.14224687769530034
RP11-182L21.5	0.24245798095426352	0.14232821795438
KIAA1652	-0.14203609449874488	0.14248894375669044
SEPT5-GP1BB	0.07578794916541565	0.1426467181434482
TRAFD1	0.074100149667915	0.14267931663667263
TADA2A	-0.09699829939849725	0.1427501671106539
FAM129B	0.15995444849185425	0.142885064652421
SIMC1	-0.10265959610400976	0.14289924799977793
EDEM3	0.09679776454260569	0.1429871111465317
COL26A1	-0.10102198324623934	0.14309112583693023
GTF3A	-0.06528245516918219	0.14319418704899786
RP5-930J4.4	0.04519007862781699	0.1432212301861017
FASTK	-0.0723861996503743	0.1432293096575272
CLUHP3	0.07804404383395802	0.1433916813624307
OLR1	0.3225519717556393	0.14341571354304827
DOK5	0.3200655934843395	0.1435089937222828
EEPD1	0.1111960748778209	0.14352281315397825
KCNJ16	-0.2523926036309536	0.1437610320753928
SRSF8	-0.08811539375438748	0.1438521799260091
NME4	-0.10342670903132856	0.14397222045040767
ZDHHC3	0.08339702985839992	0.14397432750001057
LRCH2	-0.3373462627349637	0.14398659464803823
ZNF791	-0.0984382053703019	0.14401105556461344
ATP6V0C	-0.09373521050125255	0.144056374875863
FAM3B	0.15301246258772316	0.1441329581862526
GRHL1	0.12673137501941945	0.14418373504195595
YBX1	0.05524947077067566	0.14419843616856365
LLGL1	0.12256179281892532	0.14423600236494472
LOC100128108	-0.28401650598245975	0.14426881602741046
LOC100131170	-0.07007131157957325	0.14432502338634887
HSPA4	-0.04591598348998005	0.14432811976732685
SKAP1	0.2811997597988709	0.14435166393788665
PLTP	0.28771820805952686	0.14437381982984612
TUFT1	0.09750169959899502	0.14438744575912527
TTF1	0.0887690673026249	0.14450997738938662
NT5DC1	-0.057201233865919576	0.14474273766066315
WDR45	0.08148572104260587	0.14477040728519963
MRPS31	-0.061192627543857014	0.14489932458388574
GPX4	-0.09868306275689598	0.14491576769213463
DLG1	-0.054199948972431855	0.14501955483302184
PILRA	0.21258763089410948	0.1450554897247222
TNFSF4	-0.3676367897167916	0.14513089353207587
KIAA1024	-0.17737263523371283	0.14515275769104508
AC091133.1	-0.09619058354322974	0.14517725918797683
FAP	-0.3681782680056358	0.14520104485348156
MYLIP	-0.10574675515664644	0.14526163598475844
FCF1	0.11782360331453745	0.1453092020448979
MBNL2	0.04775840716791713	0.1453125611397936
KANK1	0.0865308472907298	0.14549803040693748
RCBTB1	0.13336403487844528	0.1455912475075031
ABCC10	-0.11472945844424132	0.1456084533246679
LOC100506922	-0.24465456744423442	0.14565955092797142
BCDIN3D-AS1	-0.11139505621930201	0.14570321602912722
CYTH3	0.11045531307331125	0.14584520659006753
C11orf71	-0.15353242276378687	0.1458757301952323
EP400NL	0.1461342011096507	0.14589134214452926
TMEM106B	0.10170215857769627	0.14589903520350905
CHST10	-0.0977724474010051	0.14591125364582555
TMEM68	-0.1377956596278196	0.14598751930966503
HIST1H4J	0.14996678968546195	0.14599686601057482
IRX1	-0.29861242833897084	0.14601794167319712
NQO2	-0.13551751644924614	0.1460689629415244
COLCA2	-0.1639123687280719	0.14630079082510614
AGPAT6	0.05412010005638912	0.14634970498247313
DPF2	0.09986438593546154	0.14638219209413367
GPR135	-0.16333453683270616	0.14655340829953742
TCP11L1	0.10475130591102833	0.14662918601337385
ZNF740	0.1052329131773222	0.1467062377756665
H2AFX	-0.09296071508395976	0.14678028843442664
H1FOO	-0.0681969561528799	0.1467937421964688
BCHE	-0.43018489385714087	0.14681408563784223
BAHCC1	-0.0954902323314526	0.14688567647933745
GLUD2	0.10222018017042345	0.14692711694044897
ZNF74	-0.06926035214912485	0.14700975054252924
SNAPC4	-0.07759578712218484	0.1470931329982775
PAIP1	0.061006443765665	0.1471194990310817
ARL6IP1	0.08706740464285545	0.14719204327470203
KIF3A	-0.09549738738095037	0.1472450671834577
ABCA11P	-0.17134572601127562	0.14727996702288226
LZTS2	0.113560724315791	0.14736451707747691
GPR137	0.06587013698496236	0.14771690342958788
ICAM3	0.17910002158959948	0.14783804606496082
MRPS34	-0.09865599234711908	0.1478406413458646
BAP1	0.10658606367543833	0.14785057883805897
R3HDM1	-0.060382424981206384	0.14786568364771896
PRB1	-0.053649633309523104	0.1478728405737371
RPGR	0.10508702384022506	0.1480504498048837
SCAF4	0.14448456416604039	0.14806815733071632
SLC25A33	-0.09414487627882195	0.14813285216716585
RANGAP1	-0.09886971493358132	0.1481380388870265
TGFB3	0.286807499713035	0.14819068724574638
CLIC2	-0.2706992843621556	0.14827568334067304
NEO1	0.13454028890789616	0.14854637847380314
FXYD5	-0.18120639436904185	0.1485772623324888
GPRIN3	-0.1571986499686684	0.14870160513853914
SFXN1	-0.11787091815163464	0.14889203171931023
WRNIP1	-0.04674325838972493	0.14898841659356934
ZNF654	-0.07873243639160599	0.14912552242012792
KCNK5	0.21701321584836997	0.14916488653732754
NSFL1C	0.10019834012155648	0.14919921082904966
TPCN1	-0.10408436209335825	0.1493759585897024
TIMM17A	-0.05903196617794748	0.14945542889766206
NISCH	-0.15746970913972191	0.14958855511944819
TMEM223	-0.11211116868734727	0.1496177402855081
PGK1	-0.08295434566416304	0.14967472175989918
ANTXR1	0.2983745859949867	0.14968833812603877
LY6G5C	-0.1440721288107749	0.14970236088360317
SFXN4	-0.09923241544799488	0.14970501681129916
FAM32A	-0.08042641795112893	0.14977215511242956
ABHD11	-0.13797729430263317	0.14983609146744303
RGMB	-0.14885984726127965	0.14991928904966237
LOC729680	0.14455762330012334	0.15000430181143354
POMT2	-0.09547457809774329	0.1502740283285447
RAD51-AS1	-0.10912983110965069	0.1503448117732889
CCDC115	0.09355170969360671	0.1504378176686074
ASH2L	0.040149457506261754	0.15045382066045077
CPT1C	-0.26913276134022546	0.150480513940069
APOE	0.11885480251127856	0.1505391279638271
ENTPD3-AS1	-0.16472330316415906	0.15060925147682655
FZD7	0.3032170480238099	0.1506339366902569
PRC1	0.19519305327506498	0.15082784213824663
CCDC93	0.08851208267543953	0.15091985274346525
ARL8B	-0.033848188778188515	0.15094023266087608
PDSS1	0.15399471655890018	0.1509687835247322
PSG6	0.40197791457518495	0.15103702286741294
CABIN1	-0.09316352961591345	0.15106539668847532
UFC1	-0.06024052063283136	0.1511713891295844
STX3	0.0792315533771859	0.15127063168532445
FUT1	0.15592862610714064	0.15127476765073608
METTL15	-0.07892645937844733	0.15133505984866027
LOC100507656	0.12015618601378186	0.1513481217368819
GHITM	-0.04219362345237698	0.15141518095749001
BCL2L13	-0.07808613158709043	0.1514270165012901
LOC285095	0.2702907064279447	0.151470877085285
MBD1	-0.08462173656579175	0.15155033638328055
FAM3A	-0.08261909602756923	0.15166130151596097
RP5-1136G13.2	-0.09754555881641558	0.15184263236115367
ARRDC4	0.12941064578634176	0.15186295841281558
RRP15	0.0981984985100226	0.15186704668270126
DEPDC5	-0.07515740753195743	0.1519797685497291
LINC00467	-0.14124055869799435	0.15202864649016096
HOXC4	0.19742354006453677	0.15208416449396323
CCDC159	-0.10748978289849909	0.15210935485827082
C5orf42	-0.16077072835088213	0.15211427806569897
EXOSC9	-0.075180835839598	0.15220945312155898
COPS2	-0.07235001050751677	0.15228938823965404
NDUFB7	-0.12262799719109907	0.15233234772917126
CDC42EP3	-0.1347107198120252	0.1524564501776882
ZSCAN31	-0.12524608303634288	0.15251291014907128
ODAM	0.43809179500313533	0.15261211065246746
TRMT61B	-0.09714472777506167	0.15269226884388284
ZFR	-0.04082518579573424	0.15269744949441338
SYMPK	-0.11817139660839615	0.15271214757932478
SAR1B	-0.0939073420050125	0.1529561435465333
EXOC4	-0.07586020178885455	0.15305622377250724
ECM1	-0.26332162764411393	0.15308756390317102
CCL18	0.374927587385967	0.15332979014929413
LOC100506990	-0.1427723800501326	0.15335992570141135
LOC100286925	-0.2498165287192986	0.1534879096440811
RBM26	-0.0735918378139111	0.15351545278538048
PGR	-0.3669332108302008	0.15359560081180712
RIN2	0.06638462100250742	0.15361915865852085
NAB1	-0.07003994717418571	0.15363799849070717
ARPC2	0.03644276112781952	0.15364089920847784
CTPS1	0.12338045329762437	0.15373281664162794
MYEF2	-0.10569593379072728	0.15376107056319563
LSR	0.12446154055952086	0.15388914868314144
HSPD1	-0.07502686980576456	0.1539177722329359
RNF166	-0.1508029720676678	0.1539491832124476
SPTLC1	0.03399044378446625	0.15405329670466275
FBXO15	-0.17287608242355912	0.1542244755373376
ATG3	-0.053908015162903666	0.15435543188297793
C6orf141	0.27746117453007635	0.15439631444970853
POLDIP2	0.09987245824436108	0.15445771106276554
TPRN	0.20218156094361195	0.1544611075341767
GPR27	-0.16386609803822338	0.15446634394124667
PTPDC1	-0.09224196690476205	0.1545215231695395
BLOC1S3	0.09286632638032799	0.15452778708326081
UNC50	-0.057991378408521754	0.15461854617022283
RASA1	0.04318392124060111	0.15461870089026908
GUCY1A3	-0.19377248036716743	0.15469637570522038
PBX2	0.07463076925939305	0.15476681806625922
AP1AR	0.17321842234649587	0.15496632533038135
C7orf31	-0.14307413665413904	0.15515686995079317
U2SURP	-0.0632212269423551	0.15517950560495106
MCOLN1	-0.09310246628446173	0.15520897157987854
ZNF770	0.0627205619147908	0.15536995641907894
NCR2	0.059730641775063376	0.1554770436332424
KIAA0485	0.2635238510720548	0.1554922901222783
IPP	-0.08459659278759712	0.15556056977949212
FTX	-0.46949776730952664	0.15561850793796744
HMG20B	0.1576721098483711	0.1556854113019579
PSMD7	-0.059333084016293114	0.15576515181404607
LRRC32	-0.2538343776647851	0.15585493160456032
BBS10	0.09896987371929811	0.15585808436564522
RNF212	0.11224363047368513	0.15596129764958447
FUBP3	0.05137753667293765	0.15606634874314604
CTD-2537I9.5	-0.1659981898433589	0.15607465930075845
RPS3	-0.05731213723057671	0.15610916972107422
TPD52L1	0.18091277094800162	0.156198244575285
TRDMT1	0.14425430704699505	0.1562117154463584
MGAT3	-0.10813532500751588	0.1562662951212523
YWHAE	0.035340621265664396	0.15627470347522265
USP40	0.08499464895300868	0.15631961332490174
VAV3	-0.24976106820112598	0.15633619134763105
CTNNBIP1	-0.09496491888847025	0.1564242206822092
PROSER2	0.18506973136278315	0.15645685712316806
LOC388692	0.08357357756704342	0.1564857540810982
NOL11	-0.06357371668734402	0.15656893830972454
PMP22	0.23191966692731825	0.15678791461816216
CAT	0.1445821075545144	0.15688507719998152
RP11-138A9.1	0.29995377316604	0.15703265541532938
GPD2	-0.08288171355263074	0.15719859179117554
GINS1	0.19392822677380828	0.15739817098434875
TRIM24	0.08107083899123069	0.1574866160564378
FBLN1	0.24179948695300446	0.15758250462617626
TSPO	0.18881987065476125	0.1575883635290439
PIK3C2A	0.06670229617418677	0.15761268580737162
EPDR1	-0.13303519434461286	0.1576550393945812
C14orf105	-0.16794101910275394	0.15768568436418312
NLRX1	-0.09573579412844246	0.15771215731148858
TSG101	-0.04741842759398196	0.15781310129601334
PLEC	-0.09274926325438404	0.15781776822481136
ZZZ3	-0.06724335504761747	0.15785666817860203
TRIB3	-0.15002449662092587	0.15788794841154416
MYL6	-0.03814830850250317	0.15793684798027893
LOC102725017	-0.16067738964285638	0.15801250795985022
NCS1	0.14884853097681727	0.15803242916217594
NFYC	0.04102624530701782	0.15804916806099403
TTC39C	-0.06897186445488757	0.15807076111437351
EPCAM	-0.03329789812030093	0.15816272646075363
PUS7	0.08585334914787346	0.15829377659635033
TMEM18	-0.08567611933020025	0.15833971944467576
ICMT	0.07089166230576538	0.15856412600827172
ABLIM1	-0.05621794184837192	0.15860940798034998
LGALSL	-0.09235163161403648	0.15868755248876246
BLNK	0.2345417035162889	0.15922216416463802
AP3M1	0.05128900516666235	0.15938311559107504
UBE2A	0.06846868214285351	0.1593850196705245
PAXIP1-AS1	-0.10102781401879568	0.15948390699526901
DCTN4	-0.0517940522869722	0.1595442144832789
GRAMD1A	0.11508849568420843	0.15957802208864896
WDR46	-0.11197532851754488	0.15964054875813838
SHFM1	-0.051519113383465154	0.15976949075792
C8orf33	-0.10706687609273047	0.15980141880294657
SLC25A36	0.08431691123433893	0.15980382690580286
BBS2	-0.11671303300250457	0.15982684622927862
LINC00883	-0.2045282985307013	0.1598912179280559
GSKIP	0.06686293609649319	0.15990651548094661
DBF4	0.11633596252318412	0.15991775535115213
AMIGO1	-0.1587991049548858	0.15994580067137892
WDHD1	0.13511632302005339	0.16003335366812818
RNF10	0.09586353533834746	0.1600910048317053
GPR153	0.09344518040288552	0.1601064111585609
PRB4	-0.07723835851566108	0.16015385890779296
CARF	-0.1552317302324573	0.16023446142071884
ABCB9	-0.14723215498934739	0.1603070519802407
FLJ46875	-0.09710936765538847	0.16041186629747944
GCFC2	-0.07832552075501376	0.16047571225176957
NYNRIN	0.1972081223947333	0.16051275117541308
FCHSD1	-0.08275878124373381	0.16053645078011053
KRT19	0.1431375076691772	0.16058222109064296
FLT4	0.05681294033458517	0.16063134516129857
SLC22A15	-0.1475569152167946	0.16069961318631626
CACNB2	-0.1871562424899782	0.16071535133451967
ZCCHC2	0.09135384604322994	0.16073798494919475
ZNF280B	-0.13170634717919683	0.16079831816284434
ZC3H6	-0.14078844273558921	0.16079995540808054
IQSEC3	-0.25473625567857017	0.16080709593467263
WDR77	0.06183363266854869	0.16092068622762565
UBE2V2	-0.061016026986214555	0.1611461451835153
CEBPZ	-0.05959752786341177	0.16121850223176634
RWDD2B	-0.08357626561403286	0.16126739520297353
TMEM206	0.11918773886466028	0.16128868638596355
IFI44L	0.44931604832268146	0.16135190533363272
LOC101928230	-0.23504053519172796	0.1613889558870012
HIST1H2BK	0.17698420191165454	0.1614012223046155
FAM71E1	-0.0839339762405995	0.1614315269206619
PLEKHA3	0.0515925679573872	0.1616633781475492
ADRB1	-0.281018722490602	0.1617317334426663
STAM	0.09764090150501836	0.16173283498941768
SLC22A5	0.06348983628446447	0.16173649954335637
RP11-1094M14.11	-0.13286743822618696	0.1618868860985814
GPAM	0.12907058535713833	0.1618980591881352
DHTKD1	0.10490790385025228	0.16195020124783352
SAFB	0.08059969360212804	0.16201551455716584
LTF	0.3497765821892198	0.16204222790582098
SEP15	-0.03855681298871971	0.16204716972379807
SLC6A20	0.2728548296998783	0.1620700508980244
LOC100129722	0.07230978495175666	0.1621274500708744
GLO1	0.04531284088345622	0.1621531595236672
XAB2	-0.12008876346428554	0.16218775273783628
KIAA1328	-0.07929485906516387	0.16228843573041277
MOXD1	0.259016563552005	0.16229771096884693
TM9SF2	0.052957245614033255	0.16230771233500146
HECW2	-0.33016889212531453	0.16234591227962053
NUMB	0.14702733962657	0.16242441251349113
EIF3E	0.03422912904761688	0.16251355843945328
CDK18	0.17929729830074947	0.1625711341270984
CDC27	0.050452176159147655	0.16257584391331306
SLA	0.23099715982581426	0.16270588271582925
CSPG5	0.16439312892919933	0.1628147608068963
RSRC1	0.0739377684385989	0.16326218022410932
SERTAD1	-0.11606293106704335	0.16342843799881165
FOXN3-AS1	-0.11089249930513478	0.16348248292360162
FLJ37035	-0.11909251972180801	0.16348667641454778
AIMP2	-0.042069573208024735	0.16351274425354684
UFD1L	-0.0778092343107808	0.16352354190878632
MAN2B2	-0.08766654340851865	0.1635429806053315
RAP2C-AS1	-0.13909867602568848	0.16357250467032258
ADO	-0.0688909926942376	0.16362590024665913
XPO5	-0.09087607948934817	0.1638357471942363
LTBP3	-0.16038675780701972	0.16384135329980773
HBEGF	0.22272984728759937	0.16392178826975745
SNX1	-0.10053148287155445	0.1639874714236453
RPL23AP32	-0.09170225439849933	0.16403016301237233
SLCO4C1	0.2146883018872181	0.1641521707442114
CCDC3	-0.3126253205582703	0.16417748427845985
USP42	0.07347724475000028	0.16422126295660366
FLRT1	-0.20974567698183133	0.16439962334560834
GOPC	-0.0727865214053871	0.1644765871240042
IMPDH1	-0.1048645507568935	0.16456923968240111
SLC38A7	0.08361439357581801	0.16459781442370477
ADAM8	0.11226481006140432	0.1646658849525829
WDR26	0.04855343265037604	0.1647168716949895
SDAD1	-0.09860085417919429	0.16482940715087843
FRG1B	0.16258898228696506	0.16486193473637692
GRIN2C	0.09674409330263245	0.16494666401955074
ZNF324B	-0.1198552139523823	0.1650434300409412
NUMA1	-0.08286359835213197	0.1650780604172707
KIF26A	-0.2411437331491264	0.16520763285420997
APH1B	-0.15575645788283055	0.16532273590065333
RHOV	0.1688500174448624	0.1653459718945834
PRKRA	-0.04990951959461576	0.16535961297527288
RANBP6	-0.07932672695488918	0.1653912855480662
C4orf3	-0.08053135341478956	0.1654689154835188
SLC27A1	0.16603743139473526	0.16553022788595276
ZNF610	-0.19459331179323325	0.16562624276920795
MPZ	-0.13943303991102773	0.16591546115030686
LYAR	0.15637019783145512	0.1659205134457925
CELF2	-0.18727701988095546	0.1659944332058624
EBPL	0.1154989732593954	0.16607565922165382
SPATA6L	-0.14390742702568815	0.1660873563734541
RPS6KC1	-0.07627708021240487	0.16625862503467037
RP11-1260E13.2	-0.29306393752944704	0.16628043551926625
EPN3	0.22072845860150192	0.1662930035946776
PSPC1	0.1021997135808217	0.1663254413956723
SLC25A44	-0.05439740714911778	0.1663764370747775
FAM209B	-0.11368352026879602	0.16638767474584404
GRTP1	0.2141785034517527	0.1664412349820615
BBIP1	0.03897418551378351	0.16649476137106087
DNAJC13	0.051976967896617765	0.16660528476020758
KIAA0513	-0.09971530127882211	0.1666596970342501
BMS1P5	0.1579791789937346	0.1667138360672885
MDH1B	-0.2775826671748147	0.1667395893730879
LINC00478	-0.25431525194486415	0.16678580618580618
CYB561D2	-0.11909782684899284	0.1668012051080267
MAP3K15	-0.14781852961278563	0.16680834562679608
IMMP2L	-0.12938789749060042	0.1668323597097944
FOXRED2	-0.2032650444630324	0.16690632645229697
RNF19B	0.10354645216226999	0.1669157929574246
LOC102724156	-0.14528199630826766	0.16693089549191542
CPA4	0.39727831450751694	0.1672202418625249
NARS2	-0.08042346760839081	0.16722332281650748
GPT2	0.16061353217167884	0.16722413476832143
CERCAM	-0.18452791075563812	0.16738287580596795
LOC101927811	0.13515390012531459	0.16738376655799228
C17orf97	0.19548225333646485	0.16741728573286518
TMEM116	-0.09183874654260471	0.1674790028436201
INPP5B	-0.13756793578320625	0.1675873358747077
PLA2G2A	0.4267073879360872	0.1676147698035215
KCNQ4	0.27024395853007377	0.16785676006503678
NAPG	-0.06764860079573687	0.1680874435108457
PSG9	0.4973969514404768	0.16819834158909006
JMJD8	-0.06780840025564316	0.16826004750035814
DGKZ	-0.10498507894611464	0.1684317691809467
PSMB2	-0.07228940273809492	0.16844685836695836
ZBED3	-0.09674414333270676	0.16846241710715673
P4HA1	0.17232799729072568	0.16853313972428532
FANCG	0.09104285725000061	0.16858048483593863
QPRT	0.21532138489661445	0.16858645909858527
DDX41	-0.09123921950814307	0.16868626673806567
EVC	0.11401728096240493	0.16875498341432799
SPX	0.34411476195112556	0.16882260097722226
RP4-740C4.7	0.14160201470488776	0.16882577333436247
FAM98B	0.06392015765914749	0.16892669085476164
TMEM56	0.1180106023533849	0.16892722709820815
FGFR1OP2	0.15406441844298335	0.16893643455879376
EIF4E2	0.0922846712719263	0.1689468628247351
PGM3	-0.08369571795613773	0.169077810137048
SERINC3	0.044149560971174395	0.169084526220611
ZNF528	-0.12790121114473507	0.16927781956677657
RNASEH2A	-0.0860562422268174	0.169297877145257
FAM175B	0.07345250413784044	0.16946515644867555
RP11-498E2.7	0.14341408484335805	0.16948133177419106
TRHDE-AS1	0.22005209454260566	0.1695219436170362
FDX1	0.07962932752506191	0.16952650727181223
RNF6	-0.07280746026942353	0.16953253442265726
C4orf32	0.11954594168796717	0.1695686632085052
EMC1	-0.06537420583207876	0.16959106427726947
PANK4	-0.10147976668796943	0.16970454961041329
PLEKHN1	0.0776111488652882	0.1697478405648223
FAM218A	-0.24048963665852163	0.16978205665631577
RP11-448A19.1	-0.11085473273308466	0.169924196556253
LOC100132057	-0.18103436444799392	0.16997367236942212
IL13RA2	-0.3650034100820765	0.17003625606684117
LYST	-0.1498895357249328	0.17004023063261076
CCDC167	-0.11917658389035068	0.17011332297876272
DAXX	0.1267290082293222	0.17011706628849996
FUT6	0.21381545280701797	0.1701242149319976
TBCA	-0.054310996967412706	0.17026140342533577
NDUFA5	-0.07753655426691886	0.17033831942716682
RSAD1	-0.07516163871741455	0.17038117361954797
KRT10	-0.064143325971175	0.17039453341676966
MKNK2	0.08314882650376276	0.17040998143223635
CTSH	0.2330140315357152	0.17042603728398922
TANC2	-0.0760775107832039	0.17045472458924124
LOC102724316	-0.14636579827192975	0.17069309486837597
TMEM144	0.16401524438471426	0.17095147281567702
RIPPLY3	-0.17463201855388544	0.17099136195690273
NAGA	-0.09722584024185643	0.17106336910465306
NAT9	-0.08422997672368027	0.17109116195228602
PCYT1A	0.04486269651002317	0.17116017046226317
ZCCHC8	0.07652183176002403	0.17128167824484633
CCDC68	0.22527635773872223	0.17134596963474097
CENPW	0.1353497231754428	0.1714012940057822
LOC283075	0.19229269879511346	0.1714715096010207
SSC5D	-0.2585830657575201	0.17147787651332083
PRMT9	-0.07423043062594203	0.17149338441050543
ZW10	0.10492399419548804	0.17151424516135141
RNF141	0.09583543845802467	0.17158186026508745
TNIK	-0.13147450115037707	0.1715967199935675
ANXA3	0.15348127340225481	0.17167268982306066
KIF5B	0.06048129827067861	0.17170380944443733
SMIM2-AS1	-0.21913872076065033	0.17192677211664945
PTPLA	-0.10289247461466466	0.17197046952790573
LMTK2	0.06354052567042245	0.17201636073463497
ATP8B3	-0.1571633206284453	0.17203271744794366
MT1HL1	0.15166149778195148	0.1720476915143523
FUT3	0.25072109962719047	0.1720523880289304
CUL4A	0.07028493765037247	0.17211159076641358
TMEM170B	-0.10982859292418823	0.17213429928864551
ARHGEF10L	-0.09878984070802588	0.17216526887336522
PDE7A	0.12916116988471416	0.1722882265769787
CRYM	-0.14663576247242993	0.1722952642965777
PTX3	0.3167959414981203	0.1723795109688291
GPR183	0.22092699854010078	0.17262776447414147
TARSL2	-0.10658781538533901	0.17262886706676192
SPC25	-0.36513662649561773	0.17267902493767598
RP3-525N10.2	-0.37923183707957264	0.172709790245266
FGFBP3	-0.17273155424310804	0.1727942544751164
TTC27	0.10578129931202795	0.17294010672743113
STRIP2	0.21525942910526208	0.17302568338523847
TRIM44	-0.051395341879699075	0.17304917797587796
ZNF662	-0.07936654206516458	0.17306072189886781
PANK2	-0.047351659718041006	0.17307855278211381
KIF20B	0.11247481286090455	0.17314341560949587
CTU2	-0.05765920998496288	0.1731487960323073
NECAB2	-0.20357154489975038	0.1732083997344822
ENOSF1	-0.21932310720175785	0.173292623862223
FBXW12	-0.06475067548433522	0.17329943870461692
ZNF93	0.1287199677525077	0.17330873555489118
EPS15	0.03582348164160365	0.17347940250498173
LOC100289019	-0.1684201404279495	0.17362150287615025
GYS1	0.12013323679887478	0.17362467481522464
PAMR1	-0.24611235142042442	0.17379750800239105
TARBP1	0.07920899924435965	0.17380195826619965
SPEN	0.04798097744360419	0.17387032851267548
WFDC21P	0.27253450831829795	0.1738886529756745
POLR3F	0.09857512917105105	0.17394301895752706
CDHR2	-0.16997213883959628	0.17396643567207618
SRSF7	-0.05593304011277844	0.1740058461248689
AKR1B1	-0.09970437359649154	0.17400735037537607
ATP5SL	0.06440382179198423	0.17407313033535965
PIP5K1B	0.21485998556014874	0.174074182988875
LAMTOR5	-0.05141585932957149	0.1740951895667843
ALAS2	0.33681109556077615	0.17419738258885303
ABCC3	0.18205062289787222	0.17440023061063353
PCSK9	-0.09860583136904744	0.17440399320493216
ABCA1	0.1597998521284456	0.17442635543201548
KANSL2	-0.07620662613345708	0.17446047052354843
GGH	0.1329563128439819	0.17476281377896324
FAM110C	0.12282348771177709	0.17485581543514428
RPGRIP1L	-0.1582224297355923	0.17497514933639516
FAM179A	-0.25873787942355975	0.1750067089065973
FJX1	0.15814740548934836	0.17536764320842213
TMEM65	-0.07843323892857157	0.1754116011207387
MTCH1	-0.030663601134088836	0.175450144486348
DOK4	0.07174481822054979	0.17552183798970464
ACN9	0.16269855900313335	0.17560096075390222
NECAP2	0.08482998328321045	0.1758906126698384
ABCD4	0.06009560386403656	0.17592374068089017
ZUFSP	-0.08612281616478512	0.1760277270764174
ANPEP	0.2349254225889723	0.17604586230634856
POMGNT1	0.07324695092856892	0.17607995704676463
FCER1G	0.3114474455939842	0.17619568200614252
PAQR5	0.19733640942731956	0.17622031552204648
DUXAP10	0.2696585074047606	0.17630726642466946
GRIN1	0.05773590244235294	0.1763437105236921
KAL1	0.26172011777443593	0.17656523198278826
DTX4	0.12440073794987505	0.17661414072648454
CSNK1G2	0.06958383561716097	0.17672805554632506
ATP6V0A2	-0.10556668755701715	0.17677003797378965
NCL	0.08224709593985047	0.17692754948003458
OSGEPL1	-0.07653538685275763	0.17695076018532885
NIT1	-0.076099331288221	0.17699143069539777
ADAM15	0.06923043474435708	0.1771044200841118
FAM122A	-0.08822271032080131	0.177219495370899
CTD-2287O16.5	-0.18541235087907637	0.17732313385597356
BCDIN3D	0.09201206747055313	0.1774998270460842
GPSM2	-0.04787361925125211	0.17764954409489853
CEP57	-0.07107837221240665	0.1777876326303453
NAV1	-0.1527356522236829	0.1778747189678056
KRT8	0.16456022296365447	0.17793341392899642
C16orf74	0.05819032942794511	0.17796086390111204
CBLC	0.1834422859398499	0.17798994938516183
SMEK1	0.11875344774999697	0.1780517532560243
CD99	-0.10710460714912173	0.17812511260713787
C19orf66	-0.07912425255576672	0.17813563064976065
TRMT1L	-0.12827504489787067	0.17837029551047326
PERP	0.03998833223684173	0.17839054584183534
LOC284926	0.12628735398370505	0.1784358131138019
F10	-0.2674274165607784	0.17860022780871745
RP11-196G18.23	-0.17408378360401144	0.17886583247077795
EIF5A2	-0.09613595038157996	0.17891815691659246
DOLPP1	0.1141160678295714	0.1789352331636597
RP11-803D5.4	0.2581235819141616	0.17893990609119387
PLEKHA8P1	0.16100553453070532	0.17894755781675462
RP11-308D16.4	-0.10599396305952347	0.17897331577309766
CDCP1	0.13789770449185923	0.17907301389516056
MRC1	-0.2665195069335855	0.17915836230538887
ARFGAP2	-0.07002788567481488	0.17922594740727446
ITGB7	0.19483665595363142	0.17927505271016364
RP11-2E11.9	-0.20993195675125342	0.17938687881081142
CNKSR1	-0.09963265585902015	0.17943719518431528
ITM2C	-0.17818132753132865	0.17947583741317502
KANK2	0.15224546628634172	0.1795019824603811
TMEM262	-0.07290752667041644	0.1795771167845277
CA2	0.20444433906955162	0.17971345634982877
RP11-53O19.3	-0.09901989394674082	0.1797247323316383
WDR37	-0.06718538694924803	0.17975138551600278
ITGA1	-0.24450742553070448	0.17976698523465645
FAM96B	-0.08105056367167407	0.1797973338456293
SEC61G	0.0690085561528857	0.17988411323705372
SPRR3	-0.46044367316165324	0.1799169339759473
RP13-1032I1.7	-0.12422815765225792	0.17993029342763095
EYA3	0.05603156897744377	0.17993686197209652
NPY	-0.3961114959260623	0.17997808617936667
WDR55	-0.056966613048871295	0.18002300520789882
MT1G	0.17850950397243004	0.1800617292438666
RP4-581F12.1	0.12630536544924986	0.18007063277085888
ANKDD1A	0.25090613598433364	0.18011071667120832
POLR3A	0.07038312431203053	0.1801553956747256
CD151	0.13047325895551687	0.18025453660833432
TMPRSS4	0.38981851964912195	0.1808134476237971
FGD3	0.11884265467105148	0.18082772301518402
WRN	0.09500306370301281	0.1810810619867555
USP7	-0.0485847059335871	0.18108118021135933
MOB4	0.07517252790726836	0.1811576683689391
DERL2	0.05339275044486058	0.18131276974023686
MVP	0.1203339215125343	0.18151493297176569
SF3B1	0.040172073283201826	0.1815365222237196
ZNF320	-0.05787460777568754	0.1816614712922409
KIAA1549	0.11359834856767215	0.1817123408854493
PARN	0.0648183501265649	0.18171943342827973
NGLY1	-0.07612257421051893	0.18181138318696455
LRRC58	0.11220349138534047	0.1818450554456708
ZNF552	0.09023480326817257	0.18185360953369373
SFTPD	-0.20794714721929974	0.1818882383258995
DHRS7	-0.05190732403508669	0.18191106416875832
ENAM	-0.2033937988884702	0.18192873546358304
AHSA2	-0.0838372063251871	0.18200121186571194
POLI	-0.11711054455889425	0.18201738096293738
SLAIN1	0.08177900984273201	0.18205898561603825
GRIK5	-0.07109154939160423	0.18209835601839283
KIFAP3	-0.06516621532769307	0.18210177472736472
DYNC1I2	0.07753045671679892	0.18212883684417133
LOC284014	-0.20874130298809668	0.1822308900996253
GDI2	0.027369451372171838	0.1822646751423143
SMIM22	-0.09442210906578907	0.18229458292461775
BCR	-0.10277097986215544	0.1824378261351308
NECAP1	-0.10245139255451541	0.1825966496392459
MDGA1	0.07825126812092886	0.18260590970025944
NEK1	-0.12075668920363647	0.18263695047282663
HYPK	-0.09630855639223057	0.18265680873478218
DPP4	-0.21715485734273088	0.18267860956952525
TROVE2	0.08589856399373197	0.18276090539226988
DNAJC3	-0.034197151140348936	0.18295864506433981
SEMA3E	-0.34967685686842387	0.18297970129191665
MCUR1	-0.09307056562342986	0.18303336987696867
CCDC25	-0.08845158602756875	0.18303944671663006
SEC61B	0.07101950751253305	0.18317119707146765
FAM13A-AS1	-0.11431678515977506	0.18331598356602152
BCL9L	0.1169753135852103	0.18338132004182733
KRTCAP2	-0.05357881828320821	0.18340059380318097
CXCR5	-0.059946829501254406	0.1834017925605611
LINC00472	0.22111677706265898	0.18351107356637372
SS18	0.08365144681578762	0.1835770584692796
RNPC3	-0.07537125919235876	0.1836755830333747
SMAD6	0.14176848857831637	0.18383975703175856
TM4SF4	-0.31919748651691826	0.18385554162957382
ATP1B3	-0.0766161962656593	0.18388062577389366
KNTC1	-0.09300272759774408	0.18390361073097897
PLEKHO2	0.1418824655870914	0.18393262216856185
DHDH	-0.10551108043420854	0.18395096103122827
CCDC67	-0.44052686327443613	0.18404177649298434
METTL14	-0.055473422625944124	0.18410211993596384
RBM43	0.11471005722869965	0.18413596782673508
PDGFRA	0.2628443938057625	0.18421921563016314
HAAO	0.1194503118189223	0.18431573898494377
MED4	-0.07512117303634369	0.18436353160185312
DDX21	0.1070356985964942	0.1844022075059603
TECR	-0.10113193206453452	0.18443215609275126
RAE1	-0.07404948538972889	0.18446246203238964
SNX29	0.13365113440225684	0.18466467324361774
MIER3	0.09025138711090541	0.18472809026208611
ZNF557	-0.17690835239849356	0.18472832121668267
LOC101926907	-0.11896466017230534	0.18473800406248372
FXR1	0.0588141290726778	0.18477258639435432
ZBTB1	0.1170594613308289	0.18481925653841544
CYBA	0.19328267703508573	0.1848951627883661
MCM8	0.10420516132644142	0.18492912182023963
PIK3IP1	0.14374877666040398	0.18508922067065475
SLC12A6	0.052199118688600166	0.185096341604187
AGAP9	0.15056585056014793	0.1852351087373471
RPS6	-0.021409328677943762	0.18523901908508222
BPHL	0.0961597070300737	0.18533882681883113
COX19	0.08137445913095487	0.18549138657453706
FABP5	-0.19321286811904592	0.18551324537320293
RAB11FIP4	0.14338967264473546	0.18554693780142037
USP32	0.0822961089793246	0.18574678017275817
C21orf15	0.12893215218608933	0.1859081957016849
NLGN2	-0.15251116543044674	0.18594912420124513
ATXN7L3B	0.06866689602130194	0.18596599855323787
BLOC1S4	0.1267938402512545	0.18600645931217866
MARK4	-0.08250057457957283	0.18609010091540634
SLC7A1	0.04508657211152922	0.1861618087147029
B4GALNT3	-0.1504434869987481	0.18621328638164142
ASGR1	-0.10945153598245572	0.18627820844138576
CA5BP1	-0.11567870486967369	0.18635528774539142
ITGA5	0.11626158784398122	0.1863632237404526
GTF2H5	-0.07936149063533904	0.1863861118338129
ZBTB11-AS1	-0.08536252572869785	0.18650412888311235
BNIP1	-0.11025208878257864	0.1865355700420203
LYPLA2	0.07217568810024844	0.18653562067061233
FAM122B	-0.09413909503696694	0.18655756234122453
BICD2	0.06590167049937534	0.1865680992304862
HLA-DRB6	0.19477674092731512	0.18657149702200532
SUCO	-0.05405964398496721	0.1866372754133306
APIP	0.1022472584573908	0.18668761643443593
HAUS5	0.12221197780952675	0.18668764375352742
SMARCA2	-0.09991243900375935	0.18674095401966098
RP11-539I5.1	0.109196429686091	0.18681612523100183
RSAD2	-0.21511365366791857	0.18683995502547418
EIF4G2	0.03278885742481563	0.18691887003199964
TXNL1	-0.04125632013784397	0.18699212713160038
ADPRHL1	0.1544602155902277	0.18721031254979228
TOE1	-0.07018272821867289	0.18721410493366847
ZNF451	-0.08534691675437855	0.18726056259984297
LOC100507217	0.04617831271930051	0.18736236599899947
LOC101559451	-0.1598610895119048	0.18753081689709095
HAVCR1P1	0.13712137197681606	0.18762233576168647
RBM28	0.102829351732451	0.18763251880906986
FAHD1	0.09422719469862173	0.18773349554897964
LOC93622	0.07218774909147818	0.1877542006117714
MDC1	-0.08218374831453445	0.18783318326647927
AC005306.3	-0.08007043694110472	0.18790016774267546
PCMTD1	0.05526364382832227	0.1880280323380168
CACNA1D	-0.24875523409022726	0.1882904314489587
ST6GAL1	0.21215195480826843	0.18832505771679395
LOC102724275	-0.16460390423308713	0.18839422178850312
DNAJC30	-0.07262581523245792	0.1885105014791807
TNC	0.25007804209711715	0.18858089558399846
LPPR4	-0.41862517436591773	0.1887217123105352
SLC7A11	0.13924516647494123	0.18873358102795493
FAM214A	-0.06586609618922168	0.18874914758030964
DRAM2	0.061505258934836604	0.18885764757463147
SOX13	-0.062367670206768366	0.18897784313674537
MAPK13	-0.08833798502256052	0.18910789858973714
LOXL1-AS1	-0.1569450268057686	0.18931076255815452
YEATS4	0.12573919922431287	0.18933237566150857
ARX	-0.3559592760144117	0.18940353891770167
TMF1	0.04758368397054724	0.18955848494163638
MPP5	0.09541158062531352	0.18991556324239806
TCN2	-0.1616691795382188	0.18992879614286132
SAMD5	-0.2054622382719291	0.19001003523234694
USP54	0.09448634949185575	0.1901119709870343
ITPR3	-0.09948511953258254	0.19018928139935015
LOC100131541	0.2059482766015046	0.19020104879046956
DPM2	-0.0799841661140368	0.19024918664345833
CBFA2T3	-0.1582296820394724	0.19039970418569
PRDM16	0.10443290561152985	0.1905171086088243
ATR	-0.06964400068922316	0.19071825578521562
TPI1	-0.0667723326378411	0.19079119441163658
BRWD1	-0.14482895119674133	0.19081075668196767
EIF3C	0.21810260097368595	0.19086561010802336
SPAG9	0.09771194354009793	0.19098478250113105
CDK19	0.1428615677230578	0.1910372456430006
TTC22	-0.11660274990977548	0.19122652055972056
PAQR3	0.09582792123057615	0.1912287448495718
LOC101927278	-0.11815385165852099	0.191249568207252
LAMB3	0.19905265364536184	0.191339240207706
LOC100128079	-0.06858046945300522	0.19144369858360494
EVA1A	-0.1949200850200521	0.1915367294636102
GAL3ST1	0.07445497404009949	0.1915402371126854
P2RY1	0.2381826693170428	0.1915636970857701
NRK	0.3884467112230565	0.19161698896550902
SH3GL3	-0.17228259440789628	0.19170298098639962
DPF1	-0.05814683996929659	0.1917780450649274
NCAPD3	-0.08722560595614048	0.19183623546624015
RAB30-AS1	-0.11549261875564376	0.19188245921161615
FUNDC1	-0.07644609728132856	0.19197904216245681
ZNF486	0.09945769456014997	0.19202648935415492
EPS8L1	0.1647152467919799	0.19210902222919032
BD495725	0.1940549653195518	0.19212486886756633
SOCS2-AS1	-0.19981761492481542	0.19223248960523548
TM2D1	-0.08266713898245825	0.19224119969708922
RASL11B	0.21661212548433717	0.19242060558383364
NOTCH3	0.2515339319110268	0.19243335368487183
KMT2D	0.05334205199874553	0.19249524370698748
DPY19L3	0.07464227780325317	0.19260662118858143
CISD3	0.10519636680012745	0.1926266188445242
RNF113A	-0.07630302622430918	0.19268478838063832
CD53	0.28489370337656794	0.19268544420631703
DPYSL2	-0.12550076233082663	0.19269992476933157
PIGX	-0.0791279667343332	0.19287817226189957
LOC728353	-0.08625883886027719	0.19294119815607852
SCPEP1	-0.13702791045802165	0.19294962283677095
PTPN13	-0.11760876168859724	0.19296582351690764
LINC00959	-0.1604051844028822	0.19303488353909465
IP6K2	-0.11141824128822186	0.19325413782010337
ZNF580	-0.10289442283458783	0.19328061706090596
HSDL1	-0.07520624028759748	0.19328948826186726
MTMR1	0.10416203540099644	0.1933167700112376
TULP4	0.04402162523182973	0.19332679702931974
GEMIN8	-0.10407578272932483	0.1933772451841636
PNO1	-0.0795731219862148	0.193412612797126
SLFN12	0.1920317540482488	0.19346123582419703
DENND2A	-0.18813609883646532	0.19351281208778545
CDH24	-0.12757670359336082	0.19355419644921612
LRRC75B	0.17733372446491025	0.19359930951025905
RP11-388M20.6	0.09755615097994763	0.19364581954664017
NMB	-0.12177695994736837	0.19366936960696526
GJB2	0.2635861339598984	0.19372425726340572
PPP1R16B	0.23662187228070142	0.1937415222954761
SLFN11	0.24104003183708933	0.19376374100530402
REL	0.08083603503258452	0.19380430379391908
LIPC	-0.19552584837844567	0.19385744157537216
G3BP2	0.04273344433584114	0.19389129857662857
MED13	0.0369700137030069	0.19389714856796553
SFRP5	0.21842311595927288	0.19428031491581293
S100A3	0.22326953500187852	0.1943251781077342
LINC00312	0.23549910566353383	0.19440750690938272
MRS2	0.08157770064097924	0.19446664393671328
KCND3	-0.15233159671867114	0.19451382908319187
DUS4L	0.09538069036153018	0.19481494377063796
C8orf82	-0.10860408960150636	0.1949509650834731
XYLT1	0.11726279222995117	0.19512138610755772
SMARCD3	-0.18769099350501683	0.19531705680634576
STARD3NL	-0.05098332285087359	0.19533561883046263
CCR1	0.27024200926440933	0.19545656589883242
MOSPD3	0.08835043018108024	0.195495461151081
USP10	0.0651386513702974	0.19561197519976825
SOX7	0.2261822780820788	0.19561758498154772
RARRES2	0.2289338942863406	0.19564872978806153
DUOXA1	0.3287476133314531	0.19576087596105998
SLC16A1	0.17132562232017534	0.1957990637792566
MUC6	0.174209759703003	0.19595596534364731
PEX2	0.08884480076629231	0.1960403368579926
ZNF708	0.09955907413596421	0.19607904649809202
KCNK3	-0.11273416633521016	0.19609117923317215
WDR83	-0.07269643500376333	0.1962429941360331
LOC100130741	-0.2119606391522577	0.19630813329665023
CECR1	-0.22097890866102965	0.1963817105708002
C10orf32	-0.12869921538846896	0.19650539418932414
FAM111A	0.11317601414849499	0.19657349586847586
SLAMF7	0.19429401322932272	0.1967821791187663
ARL14	0.2667564057813312	0.19680960826167915
EFCAB12	-0.16234278739097885	0.1970691407908369
H3F3A	0.06376516166667123	0.19711711091213308
STARD13	0.09296204184461487	0.19718172731535674
SMPD2	-0.1417319564097772	0.19719674059792605
LINC01003	-0.1139560606397243	0.1971972774275692
TMEM176B	-0.2521527974367199	0.19732018686633723
LOC101928728	-0.16743407524373577	0.19761742890728923
ATG12	0.08306115360964839	0.19766009853811115
FRYL	-0.056997448595861755	0.1976690381644018
GPN2	-0.07764257273308495	0.19767992302837575
AL590762.11	0.07638730171052543	0.1976837554158479
SNHG19	-0.14429819925438814	0.19776117734606502
SLC25A34	-0.3644552959730598	0.19798670506455526
LZTR1	-0.09642183727881992	0.1980717670241474
HS3ST1	0.21250563390664468	0.19811282913169082
AC007362.3	-0.23470288866666422	0.19812783093484942
ZNF503-AS1	0.19677175664723912	0.198213004959869
DHX58	-0.0754719310495009	0.19824426097963507
DNAH1	-0.13194726303445936	0.19832025285795252
FAM19A5	0.14194237273245314	0.19833727402869974
NRG3	-0.2553360509749405	0.19863230342648364
CD163	0.3212897903728047	0.19865111152745957
MYRFL	-0.27171534764348504	0.19868113245477706
PINK1	-0.09261679729323369	0.19868804231806445
GTPBP2	0.08869308343170346	0.1987709149765565
LOC101928000	-0.17008656113283482	0.1987862126234033
FLJ22184	-0.15280962557268207	0.19894724018009546
FAM63A	-0.0756674677625302	0.1989487746704161
KDM1B	0.08500687272931984	0.19895858417418008
LOC100507316	-0.11853852148120225	0.1989848021102658
ING1	0.08144628062030002	0.19902038609085243
MIOS	-0.07873332848182812	0.19928938191435253
TSTD1	-0.08756044714285949	0.19942542670099292
EEF2	0.036130959598995815	0.19964091684504287
RPRD1B	0.059250694245609026	0.1997964360251331
PRR5	0.09353319301127971	0.1998366958822014
EBLN2	0.1367426391240567	0.19987142142535014
KLHL35	-0.06800347381140259	0.1998738755934746
NADSYN1	-0.0665990635476188	0.19987427614408654
LDLRAD4	-0.24555158613032724	0.19988144170051209
LAMB2	0.14512496118984686	0.19994745485971704
ARID5B	-0.10468768012593443	0.19996563319445093
ATP10D	-0.12829417037343482	0.20000764637677465
PNP	0.13037932664285634	0.20009579652998066
GGT6	0.2332758771497474	0.20016638732795375
RBCK1	0.10747793407267814	0.2002094181541442
MT1H	0.16236979763157144	0.20026684686238794
IL34	0.05982305472869687	0.20028819945267318
PREPL	-0.10566534464286192	0.2004060999621941
CEP85	-0.08911116780262773	0.20046868583478827
SOD3	0.16708874686027464	0.2006180159880266
NAA16	0.09613606678633957	0.20078051612371495
TRIM2	-0.11731606364661751	0.20079569636332892
LRRC45	-0.05797178466165498	0.20084996032877017
ACAA1	-0.08156928115852224	0.20125720753289184
LAPTM4B	-0.043294963464907354	0.20129267740436727
PPP1R10	0.11267102718546518	0.20131878442456363
PLS1	0.0988878400513773	0.20139238772680754
PUS7L	-0.11879210713408561	0.2014178693620254
LOC101929340	0.17275532461842058	0.20183178576516728
ZNF57	-0.09237788170927708	0.20199298258689033
LYRM1	0.06033530123433728	0.2019955653326642
METTL9	0.03716976814536466	0.20202477552543432
NUDT14	-0.1397277826867125	0.20205657014006786
IGHMBP2	-0.07880607386528737	0.20209647953136467
ZNF84	-0.0797548430858388	0.20213943342441507
TXNDC15	-0.06813083526315822	0.2022579690417837
LRIG1	0.07630030236216001	0.20227400936287138
AP2B1	-0.09128011689786852	0.20237581413729905
CNKSR3	0.06760602463596577	0.20243572913551106
NANOS3	-0.06265729048245561	0.2025097080744405
TMEM231	-0.08445248276253281	0.2025197378587416
TAGLN	0.20300059533771453	0.20252934951090412
CCDC106	-0.08188114645989941	0.2026566506931649
C22orf39	-0.09405914280639394	0.20267387267756184
QTRT1	-0.08989175904887325	0.20318554866903
FAM19A2	-0.2037626897725584	0.20328532294486157
BRAP	-0.07549556464285523	0.20330155121508453
DOCK8	0.201048994621555	0.20338052294406037
GNB3	-0.06265431324247839	0.20374116426462932
LOC100506860	0.18376710602819468	0.20384912012492026
TAPBP	0.11900035390350716	0.20386917074150382
BRSK1	-0.10900623191353276	0.203988950004268
OTUD5	0.06190205496114842	0.2040569071962297
CCAR2	0.10387672553132354	0.20408624697277458
GTF2IRD2	0.09553113416478709	0.2043325532524129
GSR	-0.0617400734335849	0.20438291259039792
PACRGL	-0.1173515972844612	0.2045067981488302
STEAP1	0.15713851397242884	0.20451490207714657
GATC	-0.06917938413533697	0.20469398777026926
EIF4EBP1	0.12317342089286143	0.20485323583804685
C1QTNF1	0.171049929343984	0.20485826343061136
BAHD1	-0.060194756580202124	0.20494282787745588
SAMD9L	0.17258942833646795	0.20505456298745664
IMMT	-0.06581012669799158	0.20513891193472183
THOC6	0.07834892319611964	0.2051424094329453
ZBTB37	-0.11479837917230729	0.20521415485953431
MAU2	-0.04808519925188115	0.20526909261939696
ERLIN1	-0.049112994360893225	0.20532377930278134
NGF	0.1389802790563932	0.20545172507190965
VPS16	-0.09825068190977682	0.20546312497075372
ZNF516	-0.11384348171052316	0.20566386655086596
MED30	0.1420269475169178	0.2057185783904193
SUMF2	0.16697351213032263	0.20572124563823482
ASMTL	-0.11024534101190397	0.20594680899307943
LEPROTL1	-0.055235606898495604	0.20609865618054546
PJA1	-0.05159401213095016	0.20646411131977752
G3BP1	0.06732827466165325	0.20655513767250422
HECTD2	0.10275219680075409	0.20667943833758978
STC2	-0.13430120273809543	0.20668129687219805
ZNF232	-0.11042155492292949	0.20671759822981667
ANO10	-0.09368575274373292	0.20676392506526858
MRPL41	-0.12579399911215994	0.20678507033954244
CDKN2A	0.16755363933082634	0.2068546840891874
MRPL27	-0.0933589658897187	0.20687351020129377
KLC3	0.1814282603170403	0.20730152746105304
BRMS1L	0.06538460243671906	0.20732849389526478
FBXO5	-0.1170302451441092	0.20746887725244315
PDPK1	0.08651714072117578	0.20749986768069179
TPK1	-0.10496607791791668	0.20750423255823885
ZNF697	-0.08588689061591381	0.20751380608961226
IGLC1	0.34149666903947384	0.20771900730602888
RNASE4	0.10714909735400546	0.20774962083111215
ZNF2	-0.09118349813596804	0.20781145320534236
ZKSCAN4	-0.101620193506891	0.20782568959506395
RMI1	0.10176825811716839	0.20784573667191994
ELP2	-0.07765807822681836	0.2079259236822626
PLA2G4A	-0.19543424103446316	0.2080212039047216
UBAP1L	-0.08242801226378305	0.20831782217107653
BRS3	-0.375142849758773	0.20851067256835756
GUSBP11	0.1044424197919831	0.2085301273484877
FURIN	0.16376248826754392	0.20857143898560793
TRAP1	-0.08333290498433144	0.20857296313966886
PPM1J	0.14623391148684384	0.2086231103552048
ADCY1	-0.3043465681973707	0.2086944091139932
CALY	-0.14539680226128038	0.20889688545827742
TSC1	-0.09818231026816804	0.20892796374852157
MRPL44	0.10365122752318712	0.20894812479424285
LUC7L	0.08954998818295579	0.2089875766647412
UBTD1	-0.05732061364912333	0.20914004546563147
PAX8-AS1	0.31927867019360967	0.2092169239477842
HIST1H4H	-0.1849521728953647	0.2093037853719025
KLHDC10	-0.10535581893483226	0.20936624148351335
MTRF1	0.08788182604385852	0.20945118016113257
ZNF394	-0.09089388805012533	0.20979294913465396
DLG3-AS1	-0.257402775186085	0.20996862747166564
LOC101929177	0.08686339089348571	0.21006061981233845
ZNF709	-0.1297964737944799	0.2102004162422378
LRRTM2	-0.29806317821365713	0.21024153783014324
ABI3BP	0.185309602298247	0.21033283020038893
ZNF276	-0.08914047755889865	0.21033431944835693
DHRS12	-0.08547963373495726	0.2104420691775085
ASAP1	-0.09770345019423488	0.2104664128273854
NIPAL3	0.06996598594611214	0.21051921951424937
HDAC8	0.0784265375319535	0.21053447740751366
COQ10B	-0.03784487404761627	0.21057452037904964
PDE9A	-0.11072552950251158	0.2106108632561607
MYO5B	0.16695459336591334	0.21064909994310863
NSRP1	0.06048757755514167	0.21068096549913953
TRIT1	0.057860492675438024	0.210772207469893
RPS6KB2	-0.062369475892229964	0.21116781888638528
TOR3A	-0.08552835110275403	0.2112121682966615
RIBC1	-0.10280748871553858	0.21126311225097424
EGR3	0.24668313293295885	0.21126327951309132
ANKHD1	-0.13859921478383264	0.21130186450937377
ENPP7	-0.062192863032583645	0.21133666557776984
POU5F1P3	0.1379383052243126	0.2114591416216166
C14orf159	-0.12011889051817093	0.21147820428812936
BMP8B	0.14128752652318077	0.21149114334902797
ATG16L2	-0.05933810845175547	0.21150434854661518
VOPP1	-0.05311418633458942	0.21177860689870742
CHIC1	-0.063639274649125	0.21180904670769551
DCK	0.08905004045112896	0.21181102532822088
KDM4C	0.07706244387656724	0.21192136885938237
TMEM241	0.05245800498371089	0.21206018494790219
MCF2L-AS1	-0.11995415642543428	0.21210789928156326
CDC7	-0.12955994785087732	0.21220058015625765
NTHL1	-0.07037487561403655	0.21226657573012056
TINCR	-0.28230112098496374	0.21235532739450155
PCDH12	-0.1704789865720553	0.21243893019282836
KIAA1324L	-0.14837995037531293	0.21258022459411513
FSTL5	-0.3894499861929823	0.2126066698716406
WBP2	0.12512215569611307	0.21277809311271464
C8orf88	-0.22232060706328305	0.2128138319911375
PITPNA-AS1	-0.10669212434147646	0.21282708013296422
RGL4	0.13271536850501064	0.2128983842966685
PEX10	-0.08281853196867672	0.21302401710393912
SORT1	-0.07250718050751992	0.2132380140915538
CDK8	0.032914003270679615	0.21327148197681198
SPECC1L	-0.08238360288220825	0.21331904697447904
CCND1	0.1727040817681722	0.2134160122263889
NAA35	-0.050916539296366636	0.21347148866536608
CST6	0.12983306087969915	0.21350434969870308
IMPACT	0.09221142410839711	0.2136151410512379
CLCNKB	-0.17021983649812178	0.2136411365032816
KPNB1	0.03256797422932323	0.21364399764155345
ZNF622	-0.0643585773684201	0.2137972981555648
SDCBP2-AS1	-0.10565416087781987	0.21395828746233148
AGGF1	-0.0712021733007493	0.21414396436480657
NUP210	-0.0727786884110273	0.2141847603953655
AQP1	0.2940483342099043	0.21429698614200332
ACIN1	0.06815974011027848	0.21439865999194418
LAMP2	-0.0980579541729405	0.2144373966724275
TRIAP1	0.06409573828321058	0.21453531098445353
TCTN1	-0.15638960729574336	0.21479862577297879
B4GALT7	-0.06391603518421185	0.21501118553372273
FAM154B	-0.20150865006202867	0.21518856521376387
CALHM2	0.09923682929260647	0.21518922448839786
FUT10	0.12081449649185672	0.21541934499606008
ZMYND11	-0.03369806128445951	0.21544526177169473
RTKN	-0.09812130361967952	0.21545022748820794
AIFM2	-0.08557947771240926	0.21552724367587456
TUBGCP2	-0.06955072559648912	0.215562263478226
SRRD	0.1134434219135354	0.21581072683980876
TAPT1-AS1	-0.19027899179197938	0.21585445356906377
ANKRD49	-0.06023596396491371	0.21593084369301932
RNASEH1-AS1	-0.12383741610526222	0.21593402694424882
USP9X	-0.04123056617794596	0.2160416559962428
LOC101927362	0.059403274503131875	0.216120896566553
HRH3	0.05734041654072808	0.21626897168749917
TSEN15	0.07237414629699401	0.21628989221624312
ORC6	-0.1129199369467404	0.21630077759982053
CHSY3	0.26140428615664124	0.21644664464842836
AURKAIP1	-0.0740240512343373	0.21651651327006263
MAP2K7	0.09785747619110552	0.21671000281133257
SNRPE	0.03729128811403015	0.21672950381132172
ZNF641	-0.06248868292294141	0.21675201250224724
PCGF5	0.07129328639097743	0.2167826651649752
TNRC6C	0.12202306288721498	0.21720143561449434
TIPRL	0.09084791611090104	0.21726740550191778
TRAM2-AS1	-0.07686613345801874	0.21742443358715374
TPP2	0.06864683906954916	0.21755913116832037
MCM3AP-AS1	0.15773873617732104	0.21766320949251197
LOC100652768	-0.0861041309592725	0.2177471439217069
PHF10	0.0915229534229347	0.21796335979466055
REG1A	0.026263142236839343	0.21820504049092046
CALCOCO1	0.0927646731040106	0.2182692627826449
MYBBP1A	0.08671186122180785	0.2183397545389024
CLN8	0.11014649540163113	0.21834732716881508
AKR1A1	-0.060519749204258844	0.2188319199817979
LQFBS-1	0.10615187145300986	0.21904667450310653
FBXL19	0.05514157953759202	0.2193726903348341
ARNT2	-0.10531993021052699	0.2195241820541875
HSP90B1	-0.05182380952443033	0.21958592524025708
CFD	0.13030785335964978	0.219707032553484
CNTLN	0.16543646540601653	0.21989961131108918
FARSA	-0.07749551583396475	0.21991099545732642
ANKRD46	-0.08756428883896916	0.21994911597743472
SEC61A2	-0.08782570638846998	0.22011371225515305
ANXA2	0.0420687803884654	0.2201787459834363
PNN	-0.07793370062030291	0.22022522805854025
NOXA1	-0.05577803920237834	0.22022898613775285
HYKK	-0.13433987919173163	0.22043703389797117
IKBKAP	-0.08086714428195485	0.22060135514468718
ZNF587	-0.08213622295927259	0.2206268229176171
RP11-700J17.2	-0.13644620904197957	0.22064208586016645
HCG26	-0.15343774096804452	0.22084563136876129
CELP	0.36490571156766727	0.22090458219437062
STOML1	-0.09001421641729479	0.22091584385315657
LINC00857	0.12365995504322935	0.22106722699908338
ABCB4	-0.23714303626190514	0.2211260462945769
POLR1A	-0.08928316081704413	0.2211584954250771
TSEN2	-0.14159198213658986	0.22124239278454105
FIGNL1	0.07223209369799477	0.2212735217468708
TOMM20	0.04458973178571313	0.2213995793414313
PSD4	0.07049016193546542	0.22150244603045652
ZNF350	-0.08549907046115202	0.2215291886770193
GLE1	-0.046076907894738284	0.22164239469423438
PPIP5K2	0.05979651979511402	0.2216906453561169
PTP4A3	0.13684689491666369	0.22175358427225567
NEURL3	0.18281940337092806	0.22179220702048022
MRM1	-0.05737639576942488	0.22186835097269625
LOC642533	-0.07922271245739321	0.22187446640687014
MAP2K5	0.09433811777693712	0.22201341123710938
MTCL1	0.08041037967105069	0.2220221074455316
TMEM120B	0.09917053306829704	0.2220707040963541
SYS1	0.10109190968483794	0.22222894596345538
ZFP90	-0.05793502526942085	0.2223571177194307
LOC439911	-0.15808835053634063	0.22251900116251921
CWC15	-0.05836410008145876	0.22258128606145797
CMTM3	0.1345142721647825	0.2225853745314874
SLC27A4	0.08756701456265681	0.2227013417661207
HLA-DRA	0.31638252475187834	0.22313206819345072
C19orf60	-0.08698591787844911	0.22323330172040298
PIK3C2B	-0.14003367083646978	0.2232880144804171
LINC01004	-0.1594564791503741	0.22329218494873743
FBLN2	0.1267049121898518	0.22346515693170302
NT5DC3	-0.0951146661127833	0.22349005383876397
NIPSNAP3A	-0.10042037868922193	0.22353933609234058
SLC2A8	-0.07309812334460464	0.22356806753718197
MIF	-0.09915987320176001	0.22385596739292216
SNRPF	0.08174593460777224	0.2238603977552322
C4orf27	-0.04554312798934568	0.22389269055434113
LOC389641	0.1448464102167959	0.22398654771376994
REG3G	0.3217251037205511	0.22436672072790326
TBXA2R	0.05687994472807212	0.22436845470668773
RFX3	-0.13923290023621604	0.22456182189280113
ALDH5A1	-0.20300912315351205	0.22478541398934304
OSBP	0.027313943446113598	0.22490856243801252
MRPL14	-0.0952093658001214	0.22491464255145663
ZMAT2	-0.03687905695488958	0.22503115041471766
KIF2A	0.06310427231892213	0.22506267239647115
DHX15	0.059120782631577384	0.2251296316784436
KDELC2	0.1214731981040078	0.2252387824825213
AHCYL1	0.06683158434837111	0.2252677174543576
AK021804	-0.24735987554385908	0.22531972376101625
RHOF	0.18596882614223276	0.22542879144627914
SCNN1A	0.18618250417606674	0.22556532490502043
RP11-391M1.4	0.10174467978383461	0.22566399869884665
B3GAT3	-0.06108865498370797	0.22566978413609243
HERC2P7	-0.08608024550751914	0.22579395279446077
IDUA	-0.11277589156641721	0.2258328987605196
HMGXB4	0.07842352733083224	0.22588613302222413
SLC1A3	0.20067988259711456	0.22598023270709766
ARMC1	0.044575664097740386	0.22603367545693212
SIPA1	0.09521894097932204	0.22614010468720486
PIGG	-0.06364703505764524	0.2261829286618897
NCK1-AS1	-0.12304116061027504	0.22634364223029022
TMCO6	-0.08996565951817548	0.22636524197410776
THAP9	-0.07347916911403907	0.22640375713916078
NCBP1	0.06417538362218345	0.22641969966243009
CP	0.34964296322242916	0.22667488887772919
FXYD3	-0.21307306105075163	0.22667700770872876
PTK7	0.11596354362406025	0.2266894532275359
VEZT	0.058054675582077664	0.22672327042645934
LSM1	0.07949682892230925	0.22673012864899095
MLF2	-0.051041551445488054	0.22678337553908628
CNIH4	0.06978367211779535	0.2268120944412526
VASH1	-0.1682948653709282	0.2269638023785797
MCFD2	0.06342559154135685	0.22706044892635793
XPO4	0.06662824806453571	0.2271836054987556
LOC101928378	-0.07039950603696621	0.22718504755898758
FEV	-0.28290207306954596	0.22718920124782307
ALPK1	-0.06003212358207932	0.22721974120636348
PQLC1	-0.04636250015601817	0.22733840302551514
LMO7	0.148423439538222	0.2273499439213527
METAP2	0.09054353896240208	0.22755870168708928
TTC30B	-0.13605117979636905	0.22756729568680775
ECD	-0.04540669334272707	0.22783103475753227
TPR	0.05840796484335975	0.22790097871235046
AP3B1	-0.08943276015851787	0.22790178220415835
RUSC2	0.11473884933207845	0.2279341244920037
TSPAN3	0.045789689003754575	0.22813440837383178
C9orf85	-0.09699037602819516	0.22824373613756627
GRINA	-0.09069668404386366	0.22830331088880348
SLC16A2	-0.07966093889724224	0.22842584830411244
COMMD8	-0.07216227473810122	0.22845273887667017
CLCN5	-0.08914639060087559	0.22848678830102348
RP11-339B21.15	-0.1168983318045127	0.22851280979489938
KAT8	-0.07150592542293488	0.22851719357943018
ADAMTS6	-0.2838255038095232	0.2285400298824066
PDDC1	-0.08546115447932578	0.22863637055392547
SLC39A9	0.053753957938596386	0.2286700718138473
SSR4	-0.0539769413721789	0.22871009686038463
MCC	-0.18344693301691528	0.22871558993762678
AGPAT2	-0.08232163813095106	0.22876977231057177
CC2D1A	-0.06490925230576661	0.2288553690421801
BTG3	-0.0757053452318317	0.2289109626362377
ZNF300P1	-0.250776795548874	0.22894071866203192
POLR2F	-0.08251578933960069	0.22904117090965853
AF131215.8	0.12420471074937112	0.2292748454272009
LAMTOR5-AS1	-0.15683892481265893	0.22939935124789795
TRAF3IP2	0.06230922689786844	0.229444028435021
POLD4	0.11523864478634316	0.22945520555911716
KIAA1671	0.0758190880137839	0.22955652881681374
FAF1	-0.08981355814473702	0.22967111909939728
AADAT	-0.10447182443107916	0.22968695976472928
SPRYD3	-0.07806154128070197	0.22980928864379668
C17orf85	0.049866471800124046	0.22986154566756806
PLA2G12A	-0.05820873652882419	0.23000470029862075
MFAP2	0.1529306944567672	0.23020643898833199
CAPZB	-0.06091573030075281	0.23025765919753916
MCM7	0.07959560203759963	0.23028216078894911
TBC1D10B	0.0801909573026327	0.23032183665023198
ZBED3-AS1	-0.06055084922305376	0.2305797654524702
HNRNPF	0.08083641074185621	0.2306123556273823
MON1B	0.054523262005018225	0.23073100577374922
TMEM255B	-0.13202684946929732	0.23083290338206877
LOC101930026	0.05208459692355927	0.23102645979456735
SLC35A4	-0.08465123589160406	0.23102666419421203
GNAL	0.14723398913220276	0.23104692349277584
CHD5	-0.12898435762342952	0.2311337519978099
GJA4	0.17108683486904663	0.2311873582035408
TACC2	0.08031704227568781	0.2312588778439503
COPG2IT1	-0.21503952201002718	0.23133164858000688
SH3BGRL3	0.11665033177944828	0.23153471964639025
PTGIR	-0.056361647058896125	0.23171803971582317
UTRN	0.059488025595237914	0.23172531515869021
PLEKHG4	-0.12132737991541553	0.2317430530473664
WNK3	-0.2241144610062662	0.23188875334432263
CAPS	-0.10907930317481362	0.23192764351427828
RNF114	0.029537613051376255	0.23194082047255507
NAV2	-0.05407130624059597	0.2319804503727974
SRP54	-0.040953000122799565	0.23210894599734205
CREB3L2	-0.09459050906015598	0.23214422165645218
IFIT3	0.16880539598809285	0.23223868018892183
ATF5	0.11171695194173203	0.23234381250543443
IRAK4	-0.1008106652512506	0.23243579316713037
CEBPG	0.10562461971992931	0.23257767761499276
TBL2	-0.05505555218796587	0.2326010547677964
OR7E12P	0.07512167412969717	0.23289221076643488
LEAP2	-0.16487670905388452	0.2329246751723795
ILF3-AS1	-0.12447529649373745	0.23295651479573398
DKFZP434K028	-0.06440836631077484	0.23297376562963878
CLCN6	0.07594675551127672	0.2330048830089899
SLC15A3	0.1909480181616523	0.23307034638059396
PSMA2	0.0529203237155329	0.23320121091322152
SLPI	0.35353938094423576	0.23336630871790698
GLTSCR1	0.07083787879699255	0.23378990025840699
B3GNT3	0.19346579015539067	0.23384502095911297
COL14A1	-0.33986513839849675	0.23385299445921473
GOSR1	0.05796340279573897	0.23386420838055347
FNTA	-0.04294866963032362	0.23389972912172513
LOC101929280	-0.05295125169987447	0.23400888054346333
MDN1	0.07559004186716933	0.23422731273459732
RPUSD2	-0.06789107534085215	0.23443886564390995
RP13-270P17.3	0.1727167177825777	0.23445337874400113
PGS1	-0.0708879142099006	0.23459463773444253
TERF1	-0.05019168748182956	0.2346759609545753
SPIN4	-0.10268295020426166	0.23468324631074017
KTN1	0.04982562369674248	0.23469086765839367
PLAT	0.2784667204078968	0.23471155378773342
SLC26A9	0.1818476984028825	0.23476569098592487
CEP41	-0.11850627373434186	0.23480653758508577
SMIM1	-0.05771154557706826	0.23493079763236566
ITCH	0.09955260718984604	0.2350003033914305
SMARCC2	0.10087869699311014	0.235031268470066
WWOX	-0.15598572281516798	0.23521466436804622
SGCB	-0.09585637407831804	0.23537633888243373
LSG1	-0.10022562440977545	0.23540494283438668
BID	-0.06530244574561372	0.23575421588018827
BHLHE41	-0.10842172934335714	0.23577426263505108
ASL	-0.11040026797368974	0.23578415944342807
LIG1	-0.040125420042605775	0.23581991778195582
RLIM	0.0768952691748126	0.23582373127606507
RNF11	0.05179737555764241	0.2360178977841392
SEC31A	-0.038297112305759384	0.2360222722682554
NR2F6	0.04775716828320675	0.23607749632953595
ABLIM2	-0.21265787902757083	0.23611035177287884
CD36	-0.3664709821791945	0.2361721817178161
VKORC1L1	-0.048603136200501496	0.23673786195528593
SLC35E3	0.07949425679323241	0.23675594405846534
SIN3B	-0.0980308885012553	0.23698456263860032
CDC73	-0.06465419580576892	0.23703161121452404
EBF4	0.08030268434837051	0.2370354552602411
RP11-489E7.4	0.1263831664899726	0.23704423687902562
TNPO2	-0.07203424590225538	0.2370710208532883
CALD1	0.08537718978696951	0.23709528829558651
TMPRSS3	0.32118627947869527	0.23713694089100093
PSMB8-AS1	-0.13349474736027833	0.23716284904417564
CREM	-0.09028432587907176	0.23720318276543542
PDCD2L	-0.08699511919549074	0.23725326975326408
CEBPA	0.17407340278195527	0.2373218745171142
PSG1	0.31001116489599134	0.2376119164564426
RAD51D	0.09976627794736981	0.2376129697391594
IGSF6	0.22595966304135207	0.2378263908841773
ERAP2	-0.35157505246303256	0.23791177359515941
CORO2B	0.11420065621365971	0.23796458799600173
GGA1	-0.06310757812531698	0.23800019182924573
VPS37D	-0.08970032321992605	0.23836404352626164
RPS10	-0.019900750451132154	0.23844393064651728
TTLL12	0.08406095540225245	0.2385078450054694
IQCE	0.07139457659335768	0.2385412406479306
MIR4435-1HG	0.11324653031140652	0.2387135950130062
FTO	-0.057074772261907825	0.23883839509131546
SLC12A7	0.09913668048997515	0.23887329975652868
TEX30	-0.09092282310902888	0.23889390513024353
LOC389834	-0.19799813141791933	0.23900263063084468
IL18BP	0.18023427183709018	0.23903990928296287
NPTXR	-0.11326368407581011	0.23904553603597836
SLC2A3	-0.22571735566791862	0.23915703091874865
PSMD13	-0.07301412507518812	0.23915739382143203
KIAA1715	-0.07375714287844737	0.2393160273973857
HNRNPDL	0.06011855048245529	0.23933673975624514
ARHGAP22	0.1589122366679181	0.23945396728832577
CUL2	0.05636415921114768	0.23966390871182225
IGSF11	-0.19369979617856714	0.23984193856833963
AGPAT5	0.09309284821679142	0.23996414500497923
MECR	-0.09669420533270046	0.24017929537593574
NPR1	0.060518592161654006	0.24019704479715376
ARHGAP5	0.08212604988846728	0.24025218128530074
LOC100134937	-0.14534441130012787	0.24030194340986652
ABHD6	-0.1611120484154167	0.24034027035165653
TUSC2	-0.08355561548057189	0.24049955158404837
DICER1	0.03594863768796763	0.24054579128140682
NUDCD3	0.04571317105263084	0.24066486184847197
MFSD8	-0.06634397426190297	0.2407282845225849
AAR2	0.062037262483704225	0.24073332408756223
LOC100499489	-0.10745965824435899	0.2407792830235673
RPS6KA3	-0.0545357746491284	0.24080090331869147
LOC100506713	-0.13418397187280728	0.24092895136506978
RP11-649A18.7	-0.1555281535281967	0.2409382912561801
GPT	-0.06041425048684257	0.24120805182339314
LOC100287098	0.052743175927318475	0.24126632208776808
SMC1A	0.06122400429824815	0.24127466397012431
TXN	0.05495995859022784	0.24129323863143778
SCMH1	0.06183713447493844	0.2414186746845475
NOB1	0.15793095469486218	0.24159842488783678
SEPHS2	-0.03651292815162677	0.24160840008972068
DNAJC27	-0.12375024169235971	0.2416227890489371
ATP2C1	0.08081682746867003	0.24170896563544084
PPP1R3B	0.076238020471175	0.24172404956934848
KIAA1644	-0.26704020573997944	0.2418991389141551
MAFK	0.07361554637217793	0.24195105044498405
LRMP	0.18971901585526396	0.2420082582284844
PYCARD	0.17870246374686882	0.24218238633860148
RP4-593H12.1	0.05002412380200738	0.24240450582953954
LOC283357	0.11478547608396106	0.2424921491790213
CDKAL1	0.24345435151628791	0.24251731910277974
SLC13A3	0.12206779602819484	0.24262282303433094
C14orf1	0.037212512600254044	0.2427095257440491
LINC00115	-0.1432669347756903	0.2427212953350818
PHLDA3	0.0934554125896021	0.24276164624252838
FAM213A	-0.13232635183834596	0.24276775046518698
STON1	0.2325233296867184	0.24282269793134992
OR7E47P	-0.0876024333533838	0.24284019033247942
AF520793	-0.10744152356328218	0.24296597070577566
FAM91A1	0.07073722054698806	0.2431841648965467
DDO	0.14972468647556525	0.24333601488937887
SLC25A1	-0.08275529258271064	0.24334609131197088
COQ2	-0.06634423531579436	0.24341094343574243
PPARGC1A	0.21304069887155208	0.24344205462049515
CDK12	0.099931052157892	0.2435215704215173
UVRAG	-0.04169483002568519	0.24353026418577645
KLHL17	-0.07734851645050433	0.24361491577759972
MAL2	0.05665060466165528	0.24373602770889233
ARHGAP31	0.08251387580451208	0.2437371657331111
EDN2	0.07699422513471266	0.24374405124502804
ARF1	-0.10516459883458751	0.24384488763584186
TRIM13	0.05409394766102871	0.24397947956970673
MALL	0.18899979367167852	0.24402845997114264
GNB5	-0.09109182609711652	0.24425208953207742
POLR2A	-0.05663155053007429	0.24452312736297807
VASN	0.07820335777945076	0.244542372191675
ZNF430	0.07521758126879963	0.24456998965707488
UBR7	0.04508219475814279	0.24465242743227436
RP1-68D18.4	0.11272311823684156	0.24469834870886661
FAM160A2	-0.06286481224122475	0.2447264717062914
MAP2K1	0.08094022243107979	0.24476147998704328
PKD1P1	-0.09436561335964733	0.24479313473545425
LRRC28	0.07573019934273262	0.24486396032770316
KIAA1143	0.0493927430451091	0.24509180711044476
IDH3B	-0.050291318696737974	0.24531575322910726
ZNF268	-0.07858181593984881	0.24534074437257358
LOC100630923	-0.12554270299248316	0.24534540657890436
CCT4	-0.05338162560150295	0.24550322443384073
C1orf162	-0.1980939841265652	0.24558620859985653
SLC35B3	-0.06523260525689167	0.24560298387791119
TEX264	-0.05652748052255774	0.2456651780521517
CHST2	-0.1711101968496198	0.24569001604999124
UBE2NL	0.0509850385939874	0.2457294057898855
RP11-190A12.8	-0.27556533632957425	0.24581142198438832
TTLL11	-0.07803000069548993	0.24584219037412675
ZNF800	0.07490903328885246	0.24591148498856405
PRKCD	-0.0964740429812041	0.24603019618533337
POFUT2	-0.06018410079699521	0.2460636646047996
AP000230.1	-0.15319717672556266	0.2461167564820225
BAG4	0.08561303504824913	0.24633132156958912
ZNF574	-0.08079570454887097	0.2463749844180617
CAPG	0.1614828440902265	0.24645670610681752
ENOPH1	-0.054601299660399505	0.2464751630982917
AGAP2-AS1	-0.0983076592951111	0.24652868808496842
WWP2	0.08310270065475933	0.2465930670691706
C1R	0.18364225659837174	0.24667067381204638
SEPT2	-0.030141564937343546	0.24672221234575853
POLR3D	0.0827619274686704	0.24677667711112053
NPC1	0.09831932826252654	0.24688672831321923
HN1L	0.053861158634084916	0.24689375488615856
C9orf89	0.07691994580325989	0.24712580300511883
KLF15	0.213831353527568	0.24718920677379214
CCDC124	0.10651813011341016	0.24726644170956283
AZI2	-0.06284881125688635	0.24731453656200925
MSH6	-0.037854597756899366	0.24735049624503316
HABP2	-0.25970405347118053	0.24743289183630024
PLEKHA7	0.11533565961090275	0.2475187270525253
TRAPPC11	-0.04490810993295291	0.24752795573438457
FAM83G	0.10492425508270387	0.24758287473853594
C20orf196	-0.09161082268421161	0.24773030687274988
KYNU	0.2947902193258125	0.24773147900959763
PRX	0.05399257246428668	0.24787372304369784
LOC101928152	0.15326497377506154	0.2479759671428814
PAOX	-0.1458196102625342	0.24801732020775136
INTS9	-0.05163344744486231	0.24816171229594708
GPX2	-0.21068692735463834	0.24832950361110734
PGF	-0.05453573220175301	0.2483993423365891
PPIEL	-0.12775209402067667	0.24848656460618176
PPFIBP1	0.09693738904073257	0.24892142158440722
PXMP4	-0.09784805222995008	0.24910569267926935
TMEM19	0.09469908689160533	0.24916518106728294
RUFY2	0.0640398973170413	0.24918028804337305
MUL1	0.11680212294173131	0.2493157209631887
FAXC	-0.10229197980889637	0.24934220795139667
C20orf27	-0.05962910220989581	0.24948145111915188
SIAE	-0.1327693858220531	0.2496599865013524
HAP1	-0.060910928068921066	0.24967502371446332
LYRM4	0.07187198957393548	0.24967667296277415
ND6	-0.03429282042606552	0.24975953337488493
KIAA1731	-0.07006509471992572	0.24986025723981256
ST7L	-0.1139288034661643	0.24991390797503485
VAT1	-0.05315567114035069	0.24997782543865943
RQCD1	0.062445747531954865	0.2501152238781941
COPZ1	-0.08919691662468487	0.250379079137439
S100A13	0.12042736821429223	0.25041868066518247
AUNIP	0.1970157106165411	0.25043601549422506
ZBED6	0.08449838360777306	0.25046227781534064
SNX5	0.06402499062029676	0.2505876925339026
GDPD1	-0.15624604294297928	0.25076723038444
AHCY	0.09999184714536469	0.25092806146016633
MYO5A	-0.08772961299812643	0.25093393918138285
ALDH2	0.08488433881578317	0.25095693885225473
MGRN1	0.11655575760275916	0.2512215521897855
RP5-1092A3.4	-0.21791113162030218	0.2514414467225173
ZNF138	0.13904779117105015	0.25154776042495214
STAT5A	0.08909579523559241	0.2515937933838646
EPO	0.1742962964379684	0.2519613062159846
HM13	-0.08084404654573873	0.2522649764563134
NUDCD1	0.0988156866603962	0.25232021236332564
LSAMP	-0.28571343986528497	0.25236872526882986
KIAA0232	0.05731918154761928	0.25242459774895143
GRM4	-0.06444592430137774	0.2524476749590135
SLC15A2	0.2820618611140322	0.25247505825055344
RIOK3	0.06990963615288415	0.25254021524852605
OMA1	-0.1054750951109007	0.2525862489220725
SLC10A3	0.06056824321052812	0.2529018174215987
LINC01023	-0.10900815537593989	0.2529642122045882
HLA-DMA	0.2591070393746868	0.25330428111457975
LOXL1	-0.1252509960833299	0.25332857054604274
USP37	0.05629884384461015	0.2533632989222168
FOXN2	-0.0581286140914834	0.253532297383095
RNF2	-0.0455069204398475	0.25366857916084096
TMEM45B	-0.14463442662468395	0.25372102109588174
ARID2	0.08510455244674198	0.2538198014659543
FLVCR1-AS1	-0.2483181922575186	0.25385936894583344
CUL4B	0.05088932058897022	0.2539699507175981
NOVA2	-0.2698340241754389	0.25398520519501094
IER3IP1	-0.039069436679193714	0.2540442688023559
FAM104B	-0.06227977818545938	0.25408060528062826
SLC35C1	0.07490102038470958	0.25421075991672015
FAM206A	0.10059311196240373	0.2543166283136357
C7	0.252227379392858	0.25441200352590876
BDH2	0.14532086013909762	0.25443151660796454
SUV39H2	0.1168183204147839	0.25459294750209904
KIFC3	0.056453243315162105	0.2547032710401665
LOC100287015	-0.13982310893734606	0.2547606781716344
IGFLR1	0.10290701745864439	0.2547810637099677
TMEM125	-0.09072119564849324	0.2549864018171057
EMP2	-0.14166731704887425	0.25511723930751673
SCAP	-0.07368108184398636	0.2551954289878995
PPM1F	-0.061251257927941616	0.25533732183284247
EIF1AX	0.08634075307644373	0.255449557847238
DDHD1	0.08721082983207928	0.255461422344783
SLA2	-0.14350267963471275	0.2554988361326825
LINC00886	-0.1939560179310762	0.25550140624121603
RAPGEF4	-0.21207675255388914	0.2556276178984584
CDK7	0.09068623699248235	0.25570453352345324
LOC728061	-0.104580732001879	0.2557476378934821
FMNL3	0.21744548726942448	0.25577369792793825
NGDN	-0.07253946556265234	0.2558689771642986
CHKB-AS1	-0.10311311343421092	0.25599088459795016
LOC101927204	0.10158728745864476	0.2560520558835471
DQ570835	-0.21105648157268053	0.25607767940154047
POLE4	0.14541287369674372	0.25616959533570705
PSMB5	-0.08374919016917204	0.25651072455776386
PGAM1	-0.03813228078320918	0.2566311115878239
GTF3C3	-0.06114941783082628	0.25669667950271274
DSEL	0.10186600980075244	0.256716802856186
ZMYM3	-0.07687413080827099	0.25712613376773885
PTPN6	-0.07980637243170285	0.2573214779364271
TMEM216	0.07009308901817235	0.2573509159405955
NAP1L1	0.02443043101504294	0.2574061854247806
SNAPIN	0.09865008149373722	0.2575177007041244
HDAC4	-0.07071409100501214	0.257536079855146
HOOK3	0.062058440175441376	0.25759872389002675
C20orf195	-0.06678995327819592	0.257609984244321
PITPNM2	-0.10715801833207728	0.2576135255579624
TMEM168	0.06973649543734695	0.2578413391831032
ALYREF	0.08875361756829925	0.2578446351626525
UFL1	0.06751820412281084	0.25788367270743817
SLC16A14	-0.3120882927593982	0.2579762349359958
MT1X	0.11665186960526341	0.2580913476317719
TM7SF2	-0.10698464238658989	0.2581893754133278
ITM2A	-0.23799776907205406	0.2583150433907935
SCN9A	0.2061893882011292	0.258437741968445
SOAT1	-0.05369537717418282	0.2586347116452965
ASIC1	-0.24320740494736715	0.2586559359789062
RSL1D1	0.10733153153195296	0.25872659176383905
RAB1B	-0.07333565248120522	0.25889903570280437
AKR1C3	0.1163741780075167	0.25906853063611907
SUPT5H	-0.056834537397866924	0.2590784999947449
PCSK4	0.06987624631390776	0.25927796083355514
NAPRT	-0.13502763159272746	0.25930470744540346
MNAT1	0.0638723943659123	0.25947841146779843
TFDP2	0.0866669290952391	0.2596196232022329
NDUFAF3	-0.09372656694486459	0.2596705064897461
NBR2	0.1477909180758168	0.2597171461197565
RPN1	0.04366672505012836	0.25972418356857746
DCAF15	-0.065225465916666	0.2597825212324903
HSPH1	-0.045646810864663934	0.2598200604684418
LOC101926967	0.10726712188408705	0.2599519897806515
DIP2A	-0.06400892546115067	0.26000494380581696
NEU3	-0.08801688173433675	0.260026083664916
VPS8	-0.08332212224122948	0.26009150391898433
KSR1	-0.08610412334962803	0.2601282960034853
SLC9A3R1	-0.05002773375313119	0.26023009462206625
LAMB1	0.10603153696115086	0.26033568060405166
ZFAND2A	-0.1099196686748094	0.26044202204964495
SLC44A4	0.1699036766466211	0.26051790865301183
PFKP	-0.08921706285087971	0.26055136738819384
POU5F1B	0.10450091985588994	0.2606993145726786
CD2BP2	0.11109988935150561	0.2607854920408869
CACTIN	0.06243362197869562	0.2609965149851595
PTPN20B	-0.23077310526315742	0.2610561365433239
CHMP6	0.06412948494611115	0.261098769170513
TRIM11	0.0746330068840857	0.2612528293529974
STK40	-0.09594925883082794	0.2612959297501184
RBM4B	-0.10387595098997515	0.2613020038252629
RP11-499E18.1	-0.1570816698239339	0.2613531319355787
EPT1	0.0951529154066364	0.26135737143387133
MTO1	-0.07098998454636529	0.26136865786147756
KRT6B	0.11758641951503535	0.2613803662895037
MOK	0.08080718753633676	0.261564159127423
FTH1	0.018140442976184445	0.26159115619952134
APTX	-0.04912182517544039	0.26171265527621335
NRM	0.08770982914661651	0.2618107889438561
PHRF1	-0.0560758576278193	0.26186583694813753
METTL2B	-0.10976445943044943	0.261957948732524
MGC12488	-0.17423282605137924	0.26218373525503214
MARK3	-0.05273600914285126	0.26224711787902266
GALC	0.06257937323308482	0.2624182256895729
KBTBD8	0.11038887173496104	0.2624401689234489
TTC14	0.06685013945739193	0.26244935030796884
CTD-2256P15.2	-0.09168771384899888	0.26247406708212523
RP11-389C8.3	-0.10874236485463751	0.26249762673835175
LYPD6	0.23495001523370895	0.2625808490273407
C1orf131	0.06218802713158311	0.26262260945286703
FBN2	-0.23873191351503564	0.26271726225634207
FAM65A	0.06822488510840152	0.2628728828310771
GSN	-0.11098361313157845	0.26299992280258977
BPNT1	-0.1078571115350826	0.26302538424362926
NKD1	0.03781142298245843	0.2631216405437521
SLC11A1	0.06865867856077745	0.26316630869493396
ARHGEF16	-0.05848463325501552	0.2633375082861434
TRMT11	0.09026684193734624	0.2636077098988391
KLHL3	-0.22713063326316174	0.2636466889863583
ARSD	0.12492919386341228	0.263762610784735
KCND1	-0.08636083254824811	0.26376891393608826
ZG16	0.20022958356328324	0.2637934156189623
AGPAT3	0.08912542595050787	0.2638085241975292
LOC100996756	-0.2078932711190502	0.26382501140348613
SPG11	-0.07169713065789196	0.26384928245794226
DPY19L4	0.08580027992544181	0.2640261686175891
FCGR2C	0.14459110538220354	0.264049535674017
G6PC3	-0.05321264115225155	0.26407335419215483
WDR43	0.06823817885338812	0.2642013336408448
ACSL5	0.18709491115288301	0.26422164877329907
MLIP	-0.33572384730388904	0.2642512394129044
SERPINA5	0.23039977825940028	0.26432669388698143
SAC3D1	-0.07580736428759316	0.26432751979450875
RP13-122B23.8	0.16202034369423668	0.2645491036469662
NUCB1	-0.09270802899748887	0.2645905913992144
C2orf68	-0.07891753491854558	0.2647231107527004
MRPS17	0.10388134544737149	0.2647865716539367
LRRC17	0.20177592404887346	0.26484888537049744
ZNF322	-0.07659977626566317	0.264863841719301
DGCR11	-0.1602173335018815	0.26513533564152886
HSPA14	-0.06666532766540811	0.2651795432956727
CTDNEP1	0.05927516681077627	0.26519936174544495
OAF	0.12127847745927056	0.26529534155505136
TNFRSF4	0.11194971243734386	0.2653834374314942
RPL22	-0.016286436127815662	0.26557661512028435
CPSF7	0.03408398590225481	0.2656579153922903
TEK	-0.25672369745802115	0.26566432549351626
IGFBP3	-0.1489441658546422	0.26567016207308936
VIPAS39	-0.07387237978884542	0.2658454027816718
KIAA1841	-0.07701591705764166	0.26600398960638294
RP11-567I13.1	0.08376385750187954	0.2660151688986893
C11orf31	-0.06132576120926991	0.26617224516560806
LINC00969	-0.22051863653634474	0.2661841660450384
LOC100132167	-0.10261188055701886	0.2662169410094757
MGME1	0.09586609206265884	0.26621914530101276
GATAD1	0.07533771144862023	0.2662775506468138
HTRA3	-0.10986342321240894	0.26634901392195687
FAM208B	0.05592729423683984	0.2666233227334998
WNT7B	-0.06517101965162908	0.2666600422592824
CLEC11A	-0.07327044691917362	0.2667142722465543
FEN1	-0.06630258038972414	0.2667727485400619
NVL	-0.06187609738345756	0.26679868594498324
PWWP2B	-0.07813611114348529	0.2668139051676472
SH3GLB2	-0.0764395212756872	0.26707023446554157
MGAT4A	-0.07875401165852125	0.2672867629765294
RP11-171I2.4	-0.1750036180720551	0.2672882657439798
LSM3	-0.043341820225563765	0.2673241228898849
GALM	0.17091746831641785	0.2673505904141865
LCN2	0.17049828436717362	0.2673884408056422
TUBE1	-0.08889173018609142	0.26743432487989005
GPM6B	0.10422022177694323	0.26745189331455016
KIAA0895	-0.10753461510401152	0.2675683232637524
RP11-804H8.6	-0.10698435077882085	0.26763203750189307
ZFP92	-0.14865792045676773	0.2676836679855062
CENPV	0.14000522585025443	0.26768656920081557
SIM2	0.10273310346178022	0.2677220976869483
TAF3	0.07906574579197745	0.2678272960775892
SNIP1	0.05917744603258335	0.2679692995603686
CERS4	-0.06700532116854419	0.2679855938375504
TENM1	-0.23356264163408458	0.26804129286514233
GOT2	-0.03862719897869482	0.26807106103067996
AVIL	-0.07292994778509065	0.2680954573208915
COL4A1	0.10198120406015221	0.2681864045553347
GPATCH11	-0.05650904693859182	0.26820684676384626
SMARCE1	0.036041573715539954	0.2682620653720473
LOC101927974	-0.1494672757224329	0.2683621901597042
XPNPEP3	0.049673039993111345	0.26861262109989525
GPATCH3	-0.07781147096992758	0.26864960152119427
DDX56	-0.06254805340538994	0.2686741137699005
NDRG1	-0.12494546096491277	0.26892961387391556
RP11-488L18.10	0.09703445846303183	0.2690319430071566
FAM163A	-0.2842942575037579	0.2692177372966701
GPR124	-0.11917637958019789	0.26925243289544387
SLC20A2	0.10646517367606556	0.2692621770306133
EIF3F	0.05735936360902194	0.26931204662593156
DZIP1	-0.10243317919298356	0.2693726390983856
DFNA5	0.20531623974686486	0.2694166288414258
RP1-30M3.5	0.09838319601816892	0.26942447618359544
TXNDC12	0.03907645025689099	0.26945332875457484
ALMS1	-0.08667204168044762	0.2694898733252107
SPDL1	0.08373821420551053	0.26960021774654297
EIF3H	-0.04329315282581092	0.2696723892858778
MRAP	0.08653763150062499	0.26985451317745796
STS	0.15024953152631504	0.2699369704589741
KCNIP4	-0.17648656520426087	0.2699512179736583
RP4-798A10.7	-0.1729212686121553	0.2701703309857254
EAF1	0.047963695206769685	0.2702514350564694
TADA2B	0.05260656321428492	0.27028927459237023
NCOA3	-0.041028881271927276	0.27037621281408863
LIX1L	0.05204959822681765	0.27040069063696354
TBC1D13	-0.06704206685902925	0.2704106132584864
C9orf69	0.06120788124060006	0.2707750148633662
TRIM52-AS1	-0.06494991980826992	0.2707816130471798
RARRES3	0.15487582063846972	0.27080743021687603
LRRC19	-0.3119388148320805	0.27088871291406486
CLDN12	0.051606866127821505	0.2710650431225579
LRRC40	0.0547983942042638	0.2710771159834383
ZNF174	0.06742956087656893	0.2712541014865224
RP11-757F18.5	0.18119479551942508	0.2712624562101032
PEX14	-0.07722093389536333	0.27136128087252614
TPCN2	0.11129339558333484	0.27137571432160235
TRIM41	-0.0481218356817017	0.271459019927129
PYCR1	-0.08252859581767069	0.2714718212258987
TUBB2A	-0.12454022838972278	0.2714764046954031
SENP3	0.08835337128070009	0.2714912554061758
SLC22A23	0.10966596254887495	0.2717871643488458
RP3-406P24.1	0.10280032233646974	0.2718359438076935
CANT1	0.0699009131917343	0.27185067589759004
IFIH1	-0.0991434403502538	0.2722104580300319
PLIN3	0.07976622514662246	0.27227994583501575
PARP10	-0.08261061848808993	0.2724198252543213
ZSWIM8	-0.062357840226820116	0.27246414724878565
ENO1	-0.08321573390350423	0.2726158960560174
NFKBIA	0.10840547062030303	0.2726738031119584
COLGALT2	0.15272979960902688	0.2727613861069841
CDKL2	-0.20942547625563623	0.2728562337377484
CTD-2124B8.2	-0.09108195510652006	0.2728968301796586
NPL	-0.18989282222995385	0.2730034736985213
SOS2	0.04717693157643588	0.27302646128473795
PSMA3	-0.04742899587092708	0.2730273042807089
NSUN4	-0.06189588632895138	0.27303016967612237
ANGPTL1	-0.19950102371303124	0.2731049412176205
GMEB2	0.043241992229329895	0.27324709495037586
KLF8	-0.14979860227568853	0.27333377101277856
C11orf70	-0.18678003462280746	0.27349748527006795
DUOXA2	0.2855119915281925	0.27354028406738634
DSPP	-0.06569039103696639	0.27357257993111983
MID1IP1	0.09456152952506258	0.2736792729655697
RP4-657D16.3	-0.08735232152693939	0.27369145266045003
SWAP70	0.09009943288910094	0.2737027029389772
TAF13	0.047622975150371616	0.27384666948363867
TCHP	0.07123228298684303	0.2741221582149216
ITPKB-IT1	0.03932464714787187	0.27440967586745363
LAT	-0.06752647145990132	0.2744275412922571
MIPOL1	0.11861375209899716	0.27444961424871717
ANXA2P2	0.059387430820804	0.27456398822235506
VAPA	0.02855607558270634	0.2749318587534074
ADHFE1	-0.12907836862217614	0.27494918678583463
NNT-AS1	0.10296336724373667	0.27496354730710176
MPPE1	-0.06829445091353925	0.2751397298649037
TMEM139	0.22514619269423797	0.2751399343648071
NCOA1	-0.04196531981829743	0.2759237535190893
CDK16	0.0660704730858388	0.27602261038487086
KLB	-0.20616109950438766	0.27602266860636604
SLC6A4	-0.32300470892982425	0.2760911368433567
NLE1	0.15911558280263005	0.27614509822255373
IL10RA	-0.19426852527380678	0.2761532578125832
SNHG10	-0.06904989182393617	0.27617444304190436
RINT1	-0.07859532751379028	0.2763447729435256
RP11-174G6.5	-0.13941667219862275	0.2763523379052745
PTPN2	0.10311733711152726	0.2764363969011391
MEAF6	0.08874773489348087	0.2764543559125993
FUZ	-0.050244800876568796	0.27647945561704695
RPL7	-0.019585472963658646	0.2766611452151649
MRRF	0.06360308219674593	0.2766676877355142
CEP162	-0.04991675982079791	0.2766989128958353
LRFN1	0.06690254332205559	0.276793510102136
AMZ1	0.04574959346052765	0.27686900764022976
KANSL1-AS1	-0.27950408774561275	0.27689219668690784
FBXW11	0.03424496092104512	0.2769109347957025
CTBP1-AS2	-0.09284398918170567	0.27707193233124056
ZMYM1	0.058062749478072995	0.2773787858719301
PRKAG2	-0.07030740859461027	0.2773828181115617
TEFM	-0.06573320331892418	0.2774856163298516
TAF8	0.12194385389035212	0.27755337672619146
DDX26B	-0.1840701431911036	0.2777136531568579
FBXO9	-0.033322883038851	0.27773047350498725
HMGN3-AS1	-0.10015597003508425	0.27792832773246395
DKFZP434A062	0.04110373969548675	0.27797135782958204
CEBPA-AS1	0.080383261192984	0.27804838814843574
CTD-2083E4.4	-0.13180144507205416	0.27821091688762406
NXT1	0.07964924218170744	0.278398931965891
MEFV	0.07122780803446016	0.2785304580433932
PCBD2	-0.08246828428571362	0.2786074879965288
STIP1	-0.09932424909649029	0.27865970546900937
KRIT1	-0.06423521346303396	0.278757526332889
LPCAT4	0.0745812746115293	0.27890688999789115
LOC338620	0.1290443569880928	0.2791483233529976
CRY1	0.06702275513471001	0.2796268490802934
MCM9	0.06632786730889961	0.27993794866251503
CCDC30	-0.17637391849435957	0.2800197839488228
ALDH16A1	0.052334745216793266	0.28003321501961487
ALPP	0.0642481427161643	0.280110917550078
ARRB2	-0.07896510000751977	0.28020799983007366
CRTC1	-0.05813196963533773	0.2802565958077296
ACOX3	0.12909728984460855	0.28026638644990526
PLAC8L1	-0.15368078035526267	0.28027757579429285
P2RY8	-0.23025341562719515	0.2803647499159319
PIGA	0.08834953606077711	0.2805389084367764
BCL9	-0.06666390724937088	0.28056329625489634
NNT	0.09684914086716923	0.2805708611929179
IAH1	-0.05453424846491117	0.2806449883252146
GFRA1	-0.1961542438358448	0.2807075878437588
PHAX	-0.052610226424810946	0.2809619969707318
SNX13	-0.06830551993734524	0.28098023667468813
KLHL18	0.06710624655200448	0.2810784731964054
AR	0.143533253800749	0.2813926726501748
ZCCHC4	-0.11369722543859595	0.28142448801764075
LOC646762	-0.11718464626942193	0.2815752447352339
BRCC3	-0.054931923005637984	0.28170636015773853
FAM149B1	0.056505408740598284	0.2818154105840175
CCL21	0.17187162853258187	0.28186516128204786
POLR1E	0.12367275519736864	0.2818696871961096
EPB41L1	-0.08220739447932601	0.28195684651603387
IGF2BP3	0.15533474572305916	0.2820086610463772
MUC8	0.0527983174078992	0.28227181808393403
RNH1	-0.09958812947806805	0.2823820973444075
EXTL3	0.06309985531516205	0.28244480129096505
FAM3C	0.04770330367794173	0.2825439772482465
LOC101927365	-0.18899414002255632	0.2827652053977026
PIBF1	0.0740100662098957	0.2828444467483047
JAK2	-0.11328162135025277	0.2828920021821152
C12orf4	-0.05666820678007767	0.2830755573138588
SIGLEC10	0.1343234733433567	0.2830820184838292
DAD1	-0.04306225470551084	0.2832111001945019
LMNB2	0.10261937964473677	0.2832757818689373
UBR2	0.04359496402881646	0.28335311923318907
DNAJC14	0.06501222767919934	0.2833715250991739
ZNF75D	0.04539812899248119	0.2834377572232818
RPL31	-0.010779002205508093	0.28354260773532514
FUT11	-0.07247624306202916	0.2836117347366789
CXXC1	-0.07625235749623993	0.283613497148911
GGCX	0.026398466071428928	0.28387854399515156
ASNS	-0.07143690026315852	0.2838982551586033
SCAMP2	0.04936274601503854	0.2840193466352449
LOC101929147	0.10886098966039537	0.2840431519253763
ADI1	0.08969323036215116	0.28408630651990036
USP28	0.08769674740914724	0.2841242604988204
YAE1D1	-0.10129764838219835	0.2841957189734553
CALCB	-0.3012886661992491	0.2843434851340014
C3orf67	-0.16984322228383242	0.2843995683703551
RP11-196G18.24	-0.10913383195614124	0.2844037522957296
MYL9	0.14133321564535883	0.28440733693489456
MGST3	0.03193611054511436	0.28451386972921744
VSNL1	-0.2837066937380923	0.28457658797207946
RXRA	-0.05961350015350675	0.28473072348442247
C1orf27	-0.06744120352381167	0.28526276397462175
LIAS	0.09110008880701503	0.28546075245493374
LINC00899	-0.0762087842625343	0.28551268242437927
PIGB	-0.04798991523183105	0.2856784277776535
IGFBP6	-0.11190434431265572	0.28572824389462603
SPOCK3	-0.34696510683896875	0.28573579359138995
CHMP1A	-0.05252801106454008	0.2857905469988548
ALDH18A1	0.047886835006270445	0.2857927520596794
BVES	-0.21930039295739334	0.2858979669777826
CIB1	-0.07838617564535966	0.28591268169124495
ARFGEF1	0.029392363659143328	0.28599294291800237
AX747507	-0.14746409714849396	0.2861274453613581
ANKRD20A11P	0.07627168689222596	0.28614419814940134
BCO2	-0.12608072799310932	0.2861451118938517
STAT6	0.06383820115914851	0.28615283984840184
RAI2	-0.0954198247280722	0.28623298456384993
C11orf83	-0.06943676571178337	0.2863748345977184
MFSD6	0.0365578015413508	0.28681356834213795
HIF1AN	-0.055483150505645895	0.286923877961639
S100PBP	-0.07384191571115295	0.2869300699174417
MAX	0.05356805704261269	0.2869774541353245
ALG5	0.07341448724310773	0.28698549525490735
SLC2A6	-0.09733982679510689	0.2871784566203761
RNF121	0.06725339513345929	0.28719807751584014
PHB2	0.0662921089661701	0.28726023457488103
CGGBP1	-0.053890331171684736	0.2875131357863799
LEKR1	-0.21046797664911931	0.28754070728644104
PTRH2	-0.07181586912907356	0.2876618143002451
UQCRC1	-0.1039478472800699	0.28784562889596765
SHPK	-0.0841708252449882	0.2880441465633919
GS1-111G14.1	0.06390388161528371	0.28808575750897714
PPID	-0.06834370292731862	0.28833343375816434
NREP	0.12108373998120392	0.28848017373784285
LAT2	-0.1394013288890985	0.2884891397843369
RPS19	0.02898197825187765	0.28850368916013663
VRK1	0.07492537021741619	0.2886989326469033
NKAP	-0.04674962516415704	0.28878948807742005
POSTN	0.3780909676027555	0.2889066506202124
RGS10	0.15429098884085057	0.2889147082083549
MED22	-0.07135584105263426	0.28924564357167537
CD63	-0.0191297179009986	0.28926148177625305
HOXA10	0.05791585271741795	0.28931776985156105
NUP62CL	0.11894073466353383	0.289727139178799
ZNF619	0.10319955951503879	0.28976215301428765
SAMSN1	0.2253795959442355	0.2899015780350182
TEP1	0.06338053534273591	0.28992157283066133
C2	0.15835496785275893	0.29015588113835206
TMEM256	-0.09514266055262866	0.29018100421029264
METTL18	0.0604337347155397	0.2904142055213838
PTPLB	0.06429231791353018	0.29064755010808924
SCO2	-0.06464138294548327	0.290712385188401
AMBP	0.17110837473308038	0.29076877229561837
MMP16	-0.255248554093356	0.29081167678936265
MBNL3	-0.07220800984210918	0.29104831872667924
ZNF721	-0.05586742827694202	0.2910793083375044
MIATNB	0.1357911395870932	0.2912450253629535
SESN2	-0.09929712794360945	0.2913383529116877
ULBP2	0.23429430219987424	0.2914367461098171
TUBB4B	-0.06776379503759422	0.29148466040660975
SMEK2	-0.056833869291979866	0.29166449357128443
LRRC20	-0.07168019459210395	0.2917192064219274
REG1P	0.35510725583459024	0.29173799561407987
LINC00851	0.05330710808208039	0.29176390554134124
ZNF7	-0.05867990816792101	0.291785286455697
NOV	-0.15182248011466015	0.29189907345196714
FXN	0.07884350050751188	0.2919387306030787
LAMC3	-0.1407127659774421	0.29222708166566197
S100B	-0.24682088247556422	0.292254443619575
MIRLET7BHG	-0.04915529148308373	0.29226726168533296
TAT	-0.07325847563534005	0.29234758237618463
AGPAT9	-0.12942386873809753	0.29239359042039836
C10orf35	0.09108970166854569	0.29262929285221334
ZBTB45	0.07398271419172886	0.29276351437756304
PALM	0.06702973304949911	0.29288395229284836
PSMD2	-0.06736963268170726	0.292945292410552
BC041025	0.14145797059461263	0.2929461478824474
C2orf88	0.21222287003759277	0.2933490546631646
HSPA12A	-0.12964815955387898	0.29352127743704964
DNAJC19	-0.06632059553947123	0.29356198621273655
PDXDC1	-0.15451387869924993	0.29356609937210265
DCLK2	-0.09700278566228171	0.2936228769737366
RP11-477N3.1	-0.11344006541040041	0.2936763549463553
DCP2	0.06352003488910363	0.293730617572479
C10orf10	0.11794738651378012	0.2937597244444152
SULF2	-0.21289462205890253	0.29377682346145606
SEPP1	0.07575884013784595	0.2937806796075715
DLL1	-0.08417246329950157	0.2938706694227209
CLOCK	-0.07522626440977298	0.2938952788262631
GIMAP8	-0.2664918438715542	0.2939498741941
STXBP6	0.12121075262719216	0.29398881730383336
TLR5	0.12971374465852037	0.29403979977852324
NSDHL	0.08165458416917382	0.2941576160743908
HIAT1	-0.04407723515037354	0.2942794164103385
FLNB	0.07028728582080035	0.29447275708949266
LOC101928954	-0.12172257236215511	0.29449621493159395
RP11-461A8.4	-0.10236437569674361	0.2945132828850532
TAB1	-0.08152824878696752	0.2945705428047809
R3HDM2	0.04457188151002356	0.29459402155012543
C5AR1	0.21214666907456348	0.2947092766299399
PARD3B	0.09073773011654485	0.29503846792350036
SHROOM2	-0.08004674688846869	0.2950608672516306
CD274	0.16642959209649177	0.2950694481163717
TTYH1	0.15314378336591616	0.2950926634300101
TDRKH	-0.08296135577192931	0.2951015135139939
SPIN3	-0.09893855916165428	0.29519109555943623
PGP	-0.081880575525064	0.295434117793887
COL4A2	0.10997814587719645	0.2956072399015404
TMEM54	-0.09951482071491391	0.29562619507255294
CDK2AP1	0.03334111826441166	0.29591331526641607
TRAPPC8	0.053022734843358066	0.29606087408720616
LOC283861	0.11684640592168272	0.29606668417105075
GMCL1	0.0712225125595225	0.296150689994193
ZNF630	-0.10873866922681774	0.29619913213259713
NOL8	-0.06295915974874333	0.29621833833316186
PCNXL4	0.06542584824811826	0.2963123468776269
TRMT112	-0.06298526458020604	0.296328009826719
FAAH2	-0.07236330824185622	0.29639018039038617
EIF2AK2	0.04312314656015559	0.29644904997142313
STX19	0.18178779729636663	0.2966762326513587
HYAL1	-0.1698490893446145	0.2968693894391512
KLF10	0.06425022022556348	0.2969279371014565
KIAA0196	0.040967342379072846	0.2970397081676762
ZNF621	-0.056176468931075974	0.297172907073881
LENG1	-0.07271697166478752	0.29737326473536413
COX7A2L	0.04834286878445759	0.2974667974550403
VTA1	-0.0534067534899787	0.2976864244392002
NPIPA1	-0.06105372612155513	0.2978935195456857
TMEM214	-0.06399853477318196	0.29793992984133505
AHNAK2	0.11988751715413493	0.2980028887445344
MNT	-0.05792108433897347	0.2980350272771577
SLC25A32	-0.04802622476817575	0.2981733715942048
PARP2	-0.05595729679636818	0.2982808923844921
TCERG1L	-0.24367413231203106	0.298310904349877
DSTNP2	-0.04627478317042666	0.2983455406999402
SMYD4	-0.10060448606516292	0.29854837923347805
TRMT10B	-0.10092178678007446	0.29872387199218847
NOG	0.23242252466478597	0.298762593834125
MEF2C	0.15118914113784143	0.29884227939225616
CORO2A	-0.17176274963345772	0.2988779170193872
MARCH1	-0.24324286250752092	0.29895571963766393
ISG20L2	0.07073075826816932	0.29897491871003307
CSAD	0.0913174380476196	0.29907735733801316
COPG1	-0.05585542956140266	0.29918931169918866
ZNF691	-0.08957222514661556	0.2992134766197529
VIPR1	-0.15047219049372984	0.299426265234611
EPS15L1	-0.09041456124937142	0.29946305406052404
ZMAT5	-0.05333192275752019	0.29952786326057884
CAMSAP3	0.08192149990977349	0.29956312626815607
TMEM88	0.09011394695300368	0.299710593077908
PPP6R2	-0.06535760336904417	0.29982187363300056
PURA	-0.06860611204886702	0.29985624814452866
CSNK2B	0.04641902370300066	0.29989681530564316
ABCC9	-0.18574272532957625	0.30005736917111653
STK25	0.06752322199373317	0.30014402443850463
CCDC28A	-0.055403696962409654	0.30018544854021484
NDOR1	-0.07012024578884635	0.3003313133279946
RBP1	0.07647899165413996	0.30051735972430665
IFT57	0.05189066256892616	0.30060038047701454
C1orf35	-0.055744314796367433	0.30070077061951095
DGKB	-0.25088814496554246	0.30087690289728053
CSNK1D	-0.04198844713659433	0.30092502748594224
CCDC85B	-0.06966071275626629	0.3013298646648805
TP53RK	-0.06927710190852032	0.3015577617695612
HIP1R	-0.07190946679197907	0.3016628919820785
COX11	-0.07867096413283292	0.3017397051119825
TCF19	-0.09547681250939988	0.3020088386136697
AGO3	-0.11344516682080119	0.3020481856231223
GABARAPL2	-0.053238836547617296	0.3021594224162151
LOC101927609	0.10913246288847311	0.30227260778898823
FLYWCH2	-0.04826341825751346	0.3023413867268787
UBE2M	-0.0814838859736815	0.30246887329191546
CDH10	-0.218929525911026	0.3027535171875005
RBM12	-0.04868639643483341	0.302775920853883
BLMH	-0.06596586626315748	0.30297294583440065
PPP1R12C	-0.05172154136716767	0.303119300117024
FAM186A	-0.14545652484336014	0.30317545304829385
TOP1MT	0.09808763989912173	0.3031759732940266
C6orf120	0.05560866534586317	0.30340463451099736
MRPL51	-0.053361372813283126	0.30341226591219217
ZFYVE26	-0.09120097014473671	0.30377011434645645
SERPINB8	0.11231484986278151	0.3039912946054915
KIAA0101	-0.23913271659837143	0.3041121648096859
TBC1D14	0.06427049925438233	0.30414206525034454
CLMP	0.18148368200125464	0.3041518417438668
RPA1	-0.049604847958018894	0.3041660401005288
CTD-2587H24.10	-0.06411362108395835	0.3041860438933093
TUBD1	-0.061461038370302035	0.30446950975272025
DR1	0.08258963200751701	0.30460802028225753
ATXN7L1	-0.12900675463157896	0.3047703039803776
NDRG2	0.18664631558270628	0.3048303274783216
BC062763	0.10804592176566263	0.3050160982443376
ARSE	0.14359227844799527	0.30501751266809474
CEP97	0.10135964513032647	0.3050238862011866
MIS18BP1	-0.08152500924310857	0.30503786157360335
CARM1	-0.05956816422180822	0.3051404773039492
DUT	-0.06922266951754175	0.30515690712243515
RPS10L	-0.049494614053884334	0.305199773761848
KCTD20	0.03552875405388356	0.3052075506842017
TCF3	0.031428293609025104	0.30524187999795105
PANX2	-0.06363200505952449	0.30541064349851293
ALKBH7	-0.10355366657393184	0.3055763912636777
SDR16C5	0.22817144367293007	0.305742087504865
H2BFS	0.1403644729749356	0.30599415755946735
DDX11L2	0.21341563483458792	0.30602787386502783
AGPAT4	-0.12869726015664362	0.30620635777511146
MPHOSPH9	-0.0844367070294485	0.3062272354084799
ZXDC	0.04758507677443369	0.3063495688064259
PRRT2	-0.08587940377631487	0.30654815061673363
ZC2HC1A	0.08679135926942294	0.3065676548458778
TGFB1I1	0.1669406281635304	0.3066628901346077
ADORA1	0.05583951842606627	0.30668524630786836
HSD3B7	0.17667482404887203	0.3067570643289938
CRLF1	-0.1133570185814543	0.3069536290786744
LOC101927809	-0.08666719732831929	0.30696446255172094
R3HDM4	0.052563907020054756	0.30700477138017
GIT2	0.050311637070807436	0.30704320366791393
SOX1	0.0673197384642874	0.30738400911299907
TRIM65	-0.06823664128884843	0.30747310104934095
ZNF581	0.10832729245614026	0.3075296827816991
RNASEL	-0.1208778532261956	0.30758290319707104
HAUS1	-0.05707670633207762	0.3077579286218582
NEK11	-0.09381694056140333	0.3079108058772478
CLEC7A	0.23316430202882188	0.3079965809063233
SIPA1L1	-0.06036193268797163	0.30827037432832044
CNKSR2	-0.163776507681078	0.30845857416650235
SNX2	-0.04913655467293232	0.3084648005495839
ACTA2	0.2656577802963689	0.3086847424865085
LINC01279	0.1665897646253116	0.3087153651059014
NBPF3	0.0842902538114032	0.3087983842043134
GFOD2	-0.06689022286967372	0.30906260576794875
ANAPC15	-0.07011380545926826	0.30910383744412256
ZMYND19	-0.05364651398997644	0.30912509187131304
VPS13B	-0.07537766828571257	0.3092979029902163
C3orf80	-0.21126146061278206	0.30935688574077447
ACVR2B-AS1	0.08223757449060098	0.3093948510206288
TMEM200C	-0.1982893802280694	0.30940483415024056
TYSND1	-0.06258593732706608	0.30942929466961183
MRPS5	-0.03855859478070656	0.30949888867862735
HLA-DQA1	0.5234434752462409	0.3096777606280431
SEC61A1	-0.047723586810780816	0.30969932615347834
ATAD3C	-0.05301420159273196	0.3097775670635487
JAG2	-0.11402161055638871	0.30983950903765434
WDPCP	0.03654983368922515	0.30987696998689224
NABP2	-0.08075804093546068	0.3099312743692893
GGT5	-0.11341905060902224	0.31003917694128325
PYGO2	0.08060823925563732	0.3101408783573017
RHNO1	0.048100366842110276	0.3101464277238207
SLC35B4	-0.06800818415851673	0.31017821284832353
RP11-288H12.4	0.1188707048984945	0.310345495959432
OPLAH	0.08347921149122772	0.31035133499216044
IL1RN	0.19884806348997586	0.31037896360187067
SPRY4-IT1	-0.14379125197180542	0.31056409315491196
ASCC1	0.03823739419987504	0.31077746883642515
ZBTB11	-0.0547961531698018	0.31082356590370724
HUS1	-0.052820651142855723	0.31095633768993347
RNASE6	0.293786872138468	0.3109887048365746
TTC37	-0.05328905023809405	0.3111724496772917
CASP1	0.18824803613095575	0.31117374575265894
CNTN3	-0.1792724815670459	0.31123440104690353
ZNF184	0.05271109567606125	0.31128235274834704
DDX10	-0.06819458684210566	0.3113219433984624
SFTPB	0.06894606691854666	0.3113600340657793
PNISR	0.058361053540105345	0.31142852709640134
TST	0.1310118176177948	0.3115665854032492
PRKAG1	-0.057537442404759886	0.3115969970862894
PPP2R2B	-0.19764736356077606	0.31164246741940765
HOXB5	-0.12847221658145358	0.3116761304884059
FNBP4	0.05367136311403797	0.31184445245243175
ARL6IP4	-0.10000176147807416	0.31186196079213574
BTBD1	-0.03144068430451341	0.31189798216889497
RNGTT	-0.05020959299624295	0.3119188583781882
FBXO8	0.07708649724185612	0.3123664782316204
HPCAL4	-0.05031483423621452	0.3125061526887337
CTD-2325A15.5	-0.12277629608270502	0.31263953382922727
POMC	-0.05385789584398459	0.3127835835349171
LRRC49	-0.06915929720363856	0.31284133268103004
DDIT4	0.04197313248746504	0.3130166958343708
TMEM101	0.0395401027443647	0.3130348098338314
SLC43A1	0.16801561586152758	0.3134281500770835
UBE3B	0.05539610228258063	0.3136824618279856
RP11-700H6.1	-0.05043476692356297	0.3137523558454312
SLX4	-0.07459932537218172	0.31385060744082566
SPHK2	-0.0823328059385986	0.31391906359673133
BCL7B	-0.050208159025688204	0.3143167813093398
GNB1L	0.06274527041854938	0.3143427752054345
ATP6V1C1	0.05772943105952244	0.31444613613493805
STK32A	-0.13635725138910093	0.3144571214803163
GOLT1B	-0.07798651545112811	0.3144628031978304
LMNA	0.06754259338846857	0.3146162640396069
NUDT1	0.09759134027694039	0.3146661677133374
XRCC2	0.05594711112530959	0.31469247468453543
SERTM1	-0.34163305188095094	0.3152259805263114
CAHM	-0.13303700854135325	0.31539242942665396
EIF4A3	0.04096929148496109	0.3154366447522931
WDR13	0.06970126440037916	0.31548522775953514
ACYP1	-0.0694932223414817	0.3155936704019781
TAZ	-0.06844995102442919	0.31560897074208794
SRP72	-0.04776649130326405	0.31561635733807525
PINK1-AS	-0.09264065093420903	0.3156260555498094
NEDD4L	0.09409331010338562	0.3157104320029107
SSR2	-0.04645553751253395	0.31581220493810885
TRAF3IP3	-0.0713699731553934	0.31590116197307244
PAPPA	0.17444373172994965	0.3160060484319558
DLC1	0.09209694830388138	0.31601899687417034
LPIN2	0.07246518839348326	0.316213217285455
BCAM	-0.1403881811604002	0.31641823366353466
LOC100422737	0.2885820182055099	0.3165327050630828
IFT20	0.06318118084586466	0.31657827488760915
ZNF334	-0.08741167561967167	0.31662322553241484
TRPC4AP	-0.04809004159085628	0.3166716022982752
CBR3	0.12634674043233307	0.31671280433537324
KIAA1919	0.1192271074943605	0.31715250824945657
SNRPG	-0.06900698600250443	0.3172104370428746
C1orf233	-0.06604002022368238	0.3175309040547901
UBB	-0.03261767911026858	0.3175329758127649
TRIM21	0.09418331747806974	0.31760347924184573
RP11-884K10.7	-0.06144607728508866	0.3176484260374046
LINC00998	-0.04470980504386013	0.3176965232282759
TMEFF2	-0.018431672406013178	0.31780273032267514
AP1M2	0.0874750747725539	0.3178378873212528
ADPRH	-0.05540706661215289	0.31785329475690627
MMS19	-0.05387108689223297	0.3178710289762815
ZDHHC16	0.06034206915538576	0.3179205053043641
RSPH3	0.056167469943607884	0.31799264742021444
TRIP12	0.036339956679196206	0.31811020631825965
GALNT10	0.052790398721802134	0.31811882192609325
HSP90AB1	-0.04961130788847434	0.31813120156496866
NINL	-0.08843366393045216	0.3181659379651921
LPIN1	-0.04703831667919545	0.31822510629156364
ROBO4	-0.209316305447369	0.3183524162021033
ZNF616	0.08211671507894813	0.31836877394370994
HEBP1	0.08016108507330877	0.3185025222451098
DTD1	0.04366806082080643	0.31905391634110225
RPP14	-0.0493542013057624	0.3191357415656911
ZADH2	-0.05756177972493859	0.319199842983856
NMI	0.0640925240125263	0.3192916658367184
C11orf74	0.05608563986591264	0.31948805993020146
SLC46A3	-0.08435541576002414	0.31948918916291363
ERMAP	-0.07619758246428354	0.3195724424589307
NLK	-0.03721490266290317	0.31974365731122256
TIMM23B	0.07055332299122519	0.319802364503924
ERH	0.05975926121553954	0.3199058566896231
PEX11B	-0.044856352807018496	0.3199692486575703
COLCA1	-0.031695302619050736	0.3201149237890898
ANKRD6	-0.07985176363032842	0.3201868842727123
ST14	-0.07216073045614202	0.3202030509421922
KCTD5	0.06338028684899832	0.3204239913201256
CREB3L4	0.06052933662844673	0.32092253856487496
TPMT	0.0667313709586459	0.3209705627256414
CA4	-0.0963994364711791	0.3210167683425259
ADM2	-0.0496191643959909	0.32105885648584365
GAS2L3	0.1772673916917311	0.321152189994339
JAK1	0.04029960692355772	0.32117379300419796
CNIH1	0.04540569328947264	0.3211840851967779
UTP6	0.05120845654072603	0.32119351150959813
ZPR1	0.052357541672934715	0.32125004934566004
RNF111	-0.04531952955388974	0.32127685409140916
TUG1	0.030113097167925318	0.3213692341833308
BAG6	-0.05516661226817199	0.32139783607156097
SMARCD2	0.04059832320801782	0.3215338844943982
PTPRA	-0.04688649804197276	0.3218375186550365
TMEM173	-0.09527669760714375	0.3221280155978427
BCL2L2	0.054907069139096265	0.32218156072481174
STAU2	-0.06939404711842201	0.3222245359971013
AAMDC	0.07490278645049919	0.3222935964358994
LRSAM1	-0.054583996115915134	0.32247090051602406
NRF1	0.05416534138659479	0.3227201964215538
SBF1	-0.0571262747995025	0.3227724860567259
SLC9A8	0.05704936336904787	0.3227924260698162
PRR34-AS1	-0.06745487526691996	0.32284259153359707
TRMT12	-0.051909824098999024	0.3228474280059041
POTEM	-0.1034410734843334	0.32295830837109635
PRDX1	0.055331600307019	0.32319373461271167
GCLC	0.08256679899561625	0.32361539936536654
AQR	0.08453731235650785	0.3238579804666179
C19orf44	0.04419281487468574	0.3239161978329035
MRVI1	-0.24467489982957336	0.3240664188389872
ITGA3	0.10516179221239952	0.32409154270721896
LOC101927151	0.10172382921741985	0.32438809441372135
PLAU	0.12001933232331119	0.3244250642558309
LRRC66	-0.12879111460526182	0.3245621059369329
SYT8	-0.10349902686403567	0.3249947290816242
MAF	-0.1373945306447375	0.32501067464020644
LDHB	0.0564842343170433	0.3250862361137567
APBA3	0.0585484753377159	0.3252391560642061
NBPF20	0.05457198138721431	0.3252989694058264
RALGAPB	0.034188607882205346	0.3254585997941296
FKBPL	-0.05908547915225615	0.325472428737655
LOC100132356	-0.14508392468671527	0.3259065365449875
APCDD1	0.16937509369611092	0.3261826469561775
PTGS1	0.15829622900626372	0.3262924686895152
ZNF252P	-0.08000942327444172	0.3263318599233524
SYCE1L	0.16298035565225621	0.3263642912637542
CDKN1A	-0.04570980050752027	0.3264536014872412
UBE2W	0.07954821375626686	0.3264746964886573
PPDPF	-0.11184320846741436	0.3265646571118149
TMEM59L	0.05760821975626751	0.3266205293124303
ATHL1	0.21132181013846996	0.32675454520369096
SLC16A5	0.14248203032142914	0.32677498461057275
INTS6	0.06935956756704265	0.32704093615079666
FPR3	0.2267743637280697	0.32708548037639656
THAP7-AS1	-0.12614588826127981	0.32730963423787557
STEAP2	-0.14529090801378253	0.3274106443875863
RP11-194N12.2	-0.08632103870112573	0.32751623668781676
AK074476	-0.09013758259774285	0.32763084340247167
SF3B6	0.04268965797618485	0.32763555195237465
HERC1	-0.055281219548867	0.32767109322380045
BARHL1	-0.046551076416669446	0.3278139751244934
NARFL	-0.05070585412656925	0.3279103849826851
LOC101928725	-0.09120819131579072	0.32793432088070545
SNF8	-0.07351860540727095	0.32837722283272
TCEAL1	-0.07544116845175353	0.328478089625729
ATP2C2	0.08899110795989884	0.32850909685269936
DDX60L	-0.08877736820300264	0.3285384469503172
ITGB1BP1	-0.05505673194611482	0.32879024573927246
LGALS3	0.12013310815162193	0.32879131240145193
DNA2	0.1119333794022559	0.3287956086484355
TMA7	-0.04959731493108066	0.3288777150082238
PAGR1	0.07457528940538793	0.32894985900503343
KIAA1683	-0.05349855695676631	0.32918544773044367
DNMT1	-0.05419033668044548	0.3291916063165616
POLR3K	-0.07843028653132755	0.32923273310396556
PXK	-0.09142615279762012	0.32924247903837733
ADAMDEC1	0.26262901109398573	0.32924450888805606
TMLHE	-0.06682166068295814	0.32936171040612666
HIST1H2BD	-0.08508994927882263	0.32940431695109107
HNRNPUL2	0.04566932684209846	0.32971705547773494
LLPH	0.07829667044485689	0.3298354809043311
ZNF827	-0.07635329537343338	0.330336697475038
LRFN3	-0.07713476088659199	0.3304605720949794
PCDHB7	-0.1944879025426065	0.3307221770355352
RP11-226L15.5	-0.06844058658709251	0.33073434621092485
BCKDHB	0.10489577839912378	0.33077652750457626
LOC102724362	0.09250917743796805	0.3308950280773912
LOC100130370	-0.04354054975313382	0.3309588146933308
RABEP2	-0.10489566221428248	0.3311194095057501
AGAP2	-0.048077234529447566	0.33112433820119264
RPL7L1	-0.02922790327067304	0.33113311677084506
DIO2	0.24434830890350945	0.33136863884477263
C7orf43	-0.05135994586215542	0.33190749892587457
CLK1	0.0600213283208042	0.33197872692236957
WAS	0.1030224729931053	0.3319813569960576
AKR1C1	0.09052945780701016	0.33209440686239616
SMC4	-0.0584198125538844	0.33221262314024447
LOC100507501	0.07086902201253409	0.33290864865151665
CCT5	0.04439079323307915	0.3330287693488093
ASUN	0.056905693916665	0.33306043776304833
PPP1R13B	0.05706633869862365	0.33313687560442695
JMJD4	-0.07712684416792204	0.3332046379463304
NUPL1	0.0723793958671699	0.3332653567064969
SLC1A5	0.10477398350626288	0.33329814176482314
MPND	0.06266082688220642	0.3334254706827228
APP	-0.028997396716787804	0.33355272758705906
CUEDC1	0.08227974817355932	0.33363013172601674
KATNB1	-0.07897626642669309	0.33364345703536546
ZNF367	0.12497894620614147	0.3336979170135455
NCF1	0.07858669276127817	0.3337560950941805
XDH	-0.2417794330789489	0.33390273560368244
FBXO11	0.04437771833959836	0.33402352018675563
ANKRD26	-0.10849212608771452	0.3341160774581505
LAMTOR1	0.05455483573182107	0.33420676106320035
PBXIP1	0.08949344611528964	0.33429613167170175
FN3KRP	-0.0828416226052644	0.334427039922045
ABCF2	0.09382035210902195	0.33449534079710463
ARHGAP9	0.11187052450313395	0.3346386343999645
SCOC-AS1	-0.1676990335538795	0.334661756022269
DTNB	-0.0639267568402282	0.33472296083871506
FHIT	-0.1457367897092734	0.3347698235158596
CEACAM6	-0.25003126886403493	0.3348654917556393
PELP1	-0.05486958813471077	0.3349146498429189
RBBP8NL	0.05433695007518846	0.3352229090273459
RFXAP	0.057411008302006294	0.3353911426947751
PFKL	-0.06055471258458933	0.3354122923451241
APOL3	-0.1563172131798236	0.335460276842409
ERCC1	0.06787559480826921	0.3355095663665443
GRWD1	0.0700390014705512	0.33567747882242505
RP11-309G3.3	0.10897575366791923	0.3356887216588294
ZNF674-AS1	-0.11637986682832135	0.3357267678123821
PRDM12	0.06395501615664134	0.33581421285482516
PLEKHM2	-0.048400223590849833	0.33597655353577105
LINC00339	-0.1651199846284479	0.3361625884964356
SOX6	-0.11190461921178141	0.33623442026998107
YAF2	0.06641652580075252	0.33624668981389044
LINC00597	0.16755863720927344	0.3364379112740409
DERA	-0.04111302588346	0.33644562561261926
MAN2B1	0.08722699415475788	0.3364659558530614
PCBP1	0.06571082151002372	0.3365246133814028
CHEK1	-0.0943490110895997	0.3366193795201796
SHANK3	-0.17712813388283521	0.3366531169931672
APOM	-0.06875853049937586	0.33675488818308297
EMC8	-0.05461448836842209	0.33695819540969224
ARSG	-0.12848393712405848	0.3370188711281491
CYP46A1	-0.11148890679072743	0.3370704141568586
LENG8	-0.09873517796992459	0.3371183803992667
SENP7	0.07223438276253447	0.33718334517928167
LOC401320	-0.0723695604580179	0.3372578575624574
MPDZ	-0.09807459455826617	0.3372836781483664
ADH1C	0.19596801739974978	0.3373156523664432
C20orf181	0.05231989916792035	0.3373752772675185
ST13	-0.03053466410400496	0.33739726402146164
FANCD2	0.11052826410839778	0.3374687893674494
SEC24D	-0.07706839116729469	0.33752025701309757
ECHDC3	-0.10103267077255396	0.33760908109883864
RAMP2	-0.1776353565463653	0.3376126928787479
WDR82	-0.03577214738721324	0.3376237793764756
PSMC3IP	0.041607899273181204	0.33764566558525444
SERTAD3	0.08823308749686909	0.33776611393158795
FAM210B	-0.0598022775513769	0.3378471454679283
C16orf86	-0.054105726318294245	0.3378766640132088
P2RX5	-0.1915737262293229	0.3379520107053706
DCTPP1	0.06065276554511101	0.3380170653740834
TUB	-0.15275047586591484	0.3380314546958373
MRPL37	0.07734676734210666	0.3380883884705577
SAR1A	0.0174075873308297	0.33816112449075664
ZBTB2	0.04601842605639028	0.3383223846939108
OCRL	0.05938828379448857	0.338387732005188
GABPB2	0.06794276676253475	0.33843291500144856
MFSD5	0.07571762755326361	0.3387997571946981
TBC1D2	0.05922974704636541	0.3388893555386149
CPA5	-0.07271994615288246	0.33892893768274535
KCNJ8	-0.11749785227443788	0.3390952192109342
LOC100288893	-0.11140404775250534	0.3391589532664325
CMC1	-0.03615957591290453	0.33926028617510623
CHMP4C	0.10388322936717209	0.3392606966150922
RP11-95D17.1	0.1429594978596498	0.33926995132539345
EPB41L4A-AS2	0.08669342899937149	0.3393304924543809
BARX2	-0.07179326030075117	0.33939698528643336
KRTAP1-1	0.32220742332330676	0.33941981915826275
TMED6	-0.17394047054323813	0.3394601841023462
PDCD4-AS1	-0.11813328318671612	0.33962650650384896
SNORA21	0.17754618006641554	0.33980408781722327
TATDN2	-0.05043291671616146	0.33987094882538116
MFI2-AS1	-0.1368890501284481	0.3399111378311586
DPH3	0.08884193219172509	0.3399745246534088
NPRL3	0.04155714365037699	0.3400606513434546
CCP110	0.08195804990225497	0.3401527148060088
RAB2A	0.027197119749370557	0.34022275390830153
TMEM14C	0.03554677385964666	0.34023447308456484
MRPL43	0.0647866001184223	0.3403297078886303
MED23	0.0686745508020028	0.34035701028183113
NDUFA12	-0.03496929520050607	0.3405271321193855
PSMA4	0.03444092083334027	0.3408370870502338
SLC30A9	-0.031207014843356973	0.3408598540976968
RPS7	-0.020236656334589043	0.3409720646571534
GDE1	0.06440867974310827	0.34125272935095463
ZNF423	0.16121779042418538	0.341310525820571
TMEM204	-0.19630929357143057	0.34163073408569955
RNF182	0.13462993190225525	0.34187586417726024
SLC35A5	-0.06748248608521124	0.34191891898085913
LOC101060691	0.05353640860400688	0.3419365270663086
RPL39	-0.015527148959895598	0.3419375490218629
WARS	-0.086036875006263	0.3420769729081009
NHP2	-0.06726767445488946	0.34231665442662956
FLOT2	0.05027118719360857	0.34237083743892077
ZNF611	-0.05508586888972644	0.3425267748603229
NECAB3	-0.06812526363158078	0.34265960971924403
DDX50	0.03485731087719479	0.3426923068741872
TMEM104	-0.05889105411528561	0.34278254147317944
ASB10	0.0454740652713026	0.34286923430551036
TCAIM	0.07183990924123052	0.34311928617101395
LOC202181	-0.15063529717731683	0.34314224515867686
MYRF	0.10277201063157726	0.3433316513411704
CEP19	-0.0970787831992439	0.3434269102865475
RABL6	-0.04786469949561756	0.34347980189033805
IRF3	-0.07023876519611605	0.343753458088402
TELO2	-0.06065494134649185	0.34395205381371946
FHDC1	0.07889660334774717	0.3440035039566316
NAA15	0.0763537632644109	0.3440375044750661
TRIM6	0.1648134931115317	0.34409163291594
DCAF16	-0.04383333331453443	0.34420455566405883
MALT1	0.07046970619737003	0.34428472404640575
CRADD	0.06698261102693959	0.34428968447555336
KRT18	0.0950316387155361	0.34450928742719494
WDR48	-0.06357646614034884	0.34453946778629446
PRMT1	-0.0632153097161634	0.3445534621264142
TRIM33	-0.04792592479949853	0.3447211798406443
FTSJ3	0.06491120985025489	0.3448221803997154
EHD1	0.08483704981641438	0.3448508933277707
BMPR1A	0.04627754843608933	0.34486838504259265
ECI1	-0.0603354800864615	0.34509921388107145
CHST3	0.12069560998997364	0.3452462491825955
NYX	0.050753873437968444	0.34536602389798027
SEMA6C	0.04408852994298229	0.3453734263371842
ARL10	-0.12369109402631828	0.3455523094627746
ATXN7L3	0.0557217763859672	0.34573910986483297
STX6	0.06007994475313616	0.34580642721247123
SARNP	-0.042266592550124216	0.3458857299504011
PDAP1	0.06854587801253054	0.34594570493890725
HLA-A	-0.047374394235589534	0.34607025264611385
NDUFB4	-0.04125842376566524	0.34607758990987625
HBS1L	0.06587409481641693	0.34609605045566644
NFAT5	0.038805505194860146	0.3461037155685117
ZDHHC1	0.049715172582709855	0.3461625871346571
CDK4	-0.06665805292919913	0.34618232264405935
USP34	-0.040864553139096316	0.3462401407899528
TNFRSF12A	0.07327587888533671	0.3462671321919999
LYPD3	-0.12074209377193146	0.3462803655850802
DHRS7B	-0.06695253968483961	0.3462895087156714
FBXO22	0.05586093190163055	0.3463318713880327
CCNF	0.08270468932957264	0.3464168285956991
MFSD6L	0.049418499573934405	0.34644880279879053
TSSC4	-0.060982468812031954	0.3466539117569144
TRAF1	0.16482622146051895	0.3468137486491076
WNT2B	-0.09562942673872143	0.3469040822807889
LOC100505938	-0.14422074134899532	0.34697892251558377
LSM14B	-0.05496672630889243	0.3471382563916397
TBK1	0.03526852802694869	0.34724764990811235
HMGB1	0.02083266971804676	0.34743971059930573
VMA21	-0.036486723734329374	0.3474467831742651
KIF11	0.11806073485275803	0.3474657878331837
RP11-38P22.2	-0.17584579342480566	0.3474745469024918
USP16	-0.04860512160401065	0.34760433515994177
ERICH1	0.049935074238721455	0.3476174145606888
FYTTD1	0.04990760852004783	0.3478736639546653
CERS6	-0.06539551344861394	0.3480024633231034
IRF2BPL	-0.027987759166672177	0.3480285823273356
FAM110B	-0.08380309752130266	0.3480435653795816
ZNF397	-0.09208051226629621	0.34820473930840906
ALG8	0.03171190990601325	0.3483941073375695
FAM118A	-0.10316879231704768	0.34866279343345247
CD209	0.22631968047869844	0.34879687579910384
AP1S3	0.10826274554448911	0.3489577550871518
PPP6R3	0.04832689671679091	0.34896728521488624
KIAA0319L	-0.048124105576439646	0.3493874963909594
SETD9	0.11651077626503614	0.34940466580927215
LZTS1	-0.17355378391227916	0.34943877787647404
MORF4L2	-0.027787185006271642	0.3495492284595625
KDM4A	-0.04035817858521362	0.3498048901864018
NUDT19	0.06328656949123079	0.35002798780611943
CTSS	0.11247891045614367	0.3502796721527249
CIB2	0.10345104578132602	0.35036339704488706
MST1	-0.09375254741165584	0.35036812766359826
IRAK1BP1	0.07182547450626942	0.35039839383987914
TAP1	0.09023973158959642	0.3505648890198583
KRR1	0.047499088032580516	0.3506371032868487
EBP	0.0686244377756875	0.3507799596732191
GNA13	0.03258532817042514	0.3510093162540144
ZDHHC18	0.06438987820802122	0.3511407209295143
NFIL3	0.0639876604555134	0.35142762815565587
HMGB3	0.0926631025751874	0.3514321084750601
TNFRSF14	-0.07749296799248295	0.3515198130361134
DNAJC9	-0.05413632920801881	0.35159957312879203
OCEL1	-0.07380097259335994	0.35160000358990645
RNASE1	0.1293753686215524	0.35169201400407735
SLC9A6	-0.041811114185458464	0.351781781015197
FEM1A	0.07154095363659074	0.35183242254239083
IKBKE	-0.08296653707581214	0.3518407046336046
POLH	-0.04857062356767372	0.3520972936479863
PGD	-0.07789498399561268	0.35228814161816374
ZNF710	0.07868969492042766	0.35229406420100323
LRRN2	0.1266065672349601	0.3523077570431482
DNAH3	-0.03803275436341025	0.35256066712264056
TMEM184C	0.03346410493107754	0.35261361870609037
TSPAN4	0.06848786122305928	0.35266860456807714
MAT1A	-0.1552933602575184	0.35267451345758144
MRPS30	-0.06068012985651983	0.35275990111792294
CFLAR	0.16728290942543822	0.35276794277405704
ICOSLG	-0.07428703986779528	0.3530362143696744
ZNHIT2	-0.07164173376691618	0.3532452457306953
CRLS1	0.06104273217418488	0.3533775880825922
CRYGC	-0.03179116789473735	0.35352440685774505
SETDB1	-0.06117674462844391	0.35399456107060673
CLSTN2	-0.26890727104385714	0.354021330906812
LA16c-380H5.4	0.035986147228697085	0.35416943378389887
RABAC1	-0.0795953015100217	0.3542514522947025
GTF3C6	0.02916239314536284	0.3543032909500896
THAP10	-0.08906186778634506	0.35435222458198123
SCRIB	0.07220527339975114	0.35450714007039
BST2	-0.12449549804511317	0.3545295338419972
PVR	0.09648484618421094	0.35484547860228083
RUFY3	0.05006736238095044	0.35487113118260755
EVA1B	0.05635398812656689	0.35489093950664385
FEZ1	-0.18380186095927264	0.354983451169968
ZSCAN12	-0.08580784985651846	0.3550275840761705
SEC23A	0.0753194179573935	0.35508884242966593
CCT8	-0.02651768924185305	0.35517942926258794
LOC284889	-0.06886611155388422	0.3552523716497286
ARPC3	-0.03588286473684654	0.3552725378772631
XKR4	-0.13549319792606518	0.3553208881496233
MPHOSPH8	-0.06657804991855087	0.35533292768724445
KDR	-0.21932476229636766	0.35541975012568716
NSUN3	-0.0639368446885964	0.35552447983564206
IL4I1	0.08615825221992512	0.3555483826779371
TBL3	-0.07418131815915086	0.3556223167616552
ARF4	0.019156124774442063	0.3558406463174718
RP3-406A7.7	-0.0788285244837077	0.35584501624601184
NANP	-0.04758016334523951	0.3559122967522919
SETBP1	-0.06487523490350533	0.3559739010365267
HACE1	0.08254670209649007	0.356042099417501
IGDCC4	0.23781470849874609	0.35606655061861064
MAGOH2	0.0425412031929806	0.35614565348335053
PDE4D	-0.14757164261403766	0.35641055898382107
PROCR	-0.10775067591290721	0.356517583660175
ANO9	0.08582210888408426	0.3566276965551485
HGH1	-0.07196117016666914	0.3566447650641965
PVRL2	0.08464096744799221	0.3566991195379946
CCDC22	-0.07522468214222933	0.3568021090336163
HELLS	0.10371696617293402	0.3568410708620715
TAP2	0.12670627907581178	0.3569588507355411
MAGOHB	-0.06116162073872289	0.3569757694129111
RRAGC	0.06047036708020315	0.35728325399619215
SLC22A14	0.04892698634461201	0.3573145340199838
WDR47	0.05488152222117826	0.35734762909963474
PLAA	0.05004418505200192	0.35743513433837487
GFOD1	-0.09136460084774356	0.35755608503714864
THAP9-AS1	0.08812996602067891	0.35781667684184904
PLCG1	-0.07540217513346015	0.3582086855925097
SGOL2	0.07561498964536373	0.35820995810676726
CNDP2	0.04812672773182669	0.3582179879620407
C16orf59	-0.038606305286967846	0.3582224906944896
BCKDK	0.07491103846679259	0.3583145959582229
DNAJA1	0.03426170469297851	0.3583331630519205
NT5C2	0.05304518422055082	0.35850250633327335
GNRH1	0.11295643902631625	0.35876807959622753
ARHGAP25	0.11060312591917398	0.3587764535285959
CCNC	0.044614313997490385	0.3590947922781678
BOD1	-0.04652845488095103	0.3595007321589643
CEP83	-0.10610154655326287	0.35954177123003983
PPCDC	-0.08046965968233089	0.35956979439802367
AL022341.3	0.043231632018795096	0.3595770195541157
DYNC1H1	-0.05725342584586457	0.3597741028712401
DENND3	0.07042502691290586	0.3598305900569554
GPR110	0.25866589650313276	0.35983638481666247
RAPGEF1	0.07822699691478086	0.359906622010983
C1orf109	-0.0750811915989944	0.360180030269989
EHMT2	-0.07107760384524031	0.3602589445642596
ALDH6A1	-0.12671963963408395	0.3604468828215075
CNOT7	0.03061202318295031	0.3605168585917496
CTPS2	0.04533087089599519	0.360533738627877
ITGAX	0.17212619864724488	0.36073501022689825
SNX12	-0.03650943430763931	0.36098503194001813
NDUFAF4	0.059704507220555314	0.361235368869499
LOC102725383	-0.14774698571804645	0.3612520017166901
DCP1B	-0.06043672212594231	0.3612566274381348
PRPSAP1	0.05573312282393772	0.36129670437121697
NEIL2	-0.04589898276315907	0.361434298231752
N4BP2L2	-0.0471770607205535	0.36164275941104906
CTC-444N24.11	-0.04289983917919926	0.3617041222761152
TTBK2	0.09871070299122309	0.36184637087281396
KPNA2	-0.052791318716792546	0.36210380457112695
PFN4	-0.11377190732581433	0.36213934019193167
ZNF626	0.07323524893546196	0.3622247969209443
OTUD6B	0.05880716739160263	0.3622300426890499
PPP3CA	0.04627989752506423	0.36271536316344144
PRSS3P2	0.06647014057017486	0.36284504496193687
C1orf123	-0.049775923290098945	0.3628616130525593
LTV1	0.057187871008769875	0.36302737428919446
ICT1	-0.06478290033960477	0.3631471237762973
GRAMD1C	-0.09271200488659304	0.36326516581603296
PNLIPRP2	0.25242036993295613	0.36349103465405247
NRG1	0.04024566607267932	0.36351689647521734
BBS12	0.05481911874686496	0.3636609185876125
PRKCQ	0.11074513108897222	0.3638764167582844
ANKRD33B	0.12535070367982026	0.36388579870423915
ACAD8	0.08706760258145518	0.3639124669361767
CD6	-0.08169238035526227	0.3639630161108507
PIGO	-0.054205446437968874	0.3641060043346654
UBN2	0.07355992591729432	0.36421416371673615
LOC100133315	-0.046620254398498595	0.36427770405221493
RAB2B	-0.06415777612593843	0.36427780128563797
RP11-517B11.7	-0.08236303420739244	0.3643312251261465
PLOD2	0.04483712746866786	0.3643380650568888
ARL2BP	0.05313561358458685	0.36433833676188043
RGL3	-0.086113248506269	0.3643857584941769
FBXW7	0.06312109002130128	0.36445142910181294
RGS5	-0.20439037774686852	0.3645418923326152
HOMER1	-0.060366686907892486	0.36463763003410427
AURKA	0.07306629557832522	0.3646813615209462
ANG	0.10374823060777416	0.3646829555147891
MMP9	0.25716260070927	0.36495996578033996
MALAT1	0.026195305482460185	0.3652942049893098
RPL37A	-0.008416598151628207	0.36529656003802397
KIAA0556	0.06760698356579109	0.36531896506745604
LRRTM4	-0.2970050818890977	0.36548632886390164
STK36	0.04909723826190948	0.36551867610070077
ING3	-0.05593241827130058	0.3656716199740264
CEP72	-0.10664005495927587	0.36585223511437953
MRPL21	-0.09114123652568829	0.36591256254421584
WASF3	-0.08755803912844229	0.36595488645294955
COG6	-0.06770013914849571	0.3659839349572848
CDCA5	0.13004465922180586	0.36609618759421503
PAXBP1	0.05340318487594509	0.36617036805318304
COTL1	0.07111908512531251	0.36618829642877176
RBAKDN	-0.03330523143358377	0.36623473415115615
UBE2D3	-0.028037766604009917	0.36637864340092613
TNRC18	0.05687283811215771	0.3664063856294921
RANBP10	0.05101924255952284	0.36641193377578163
SDS	0.1597861708515067	0.36645671959106385
PTRH1	0.07738500494172573	0.36656650652046113
PRKCSH	0.08329932373182913	0.3665683841973775
FAM167B	-0.06946051142731946	0.3665800040188868
SPOCK2	-0.0881934419085244	0.3665819189585711
THNSL2	-0.11907162741228294	0.36664645410497965
VPS9D1-AS1	0.03118640611841972	0.36676865219997185
YWHAH	0.04697976593483588	0.3668777796041925
SELENBP1	-0.12772966433333544	0.3670192309571715
KIAA0141	-0.047075050520051676	0.3670341035510664
RNF135	0.059105611453638573	0.3671485299888915
PRICKLE3	0.07454001567606827	0.36729284034983745
CENPH	0.18451566336528913	0.3673186310554792
NR1H3	0.06986006425563929	0.3673785975958655
REG4	0.2777155445375934	0.367458591224567
DVL2	0.03688893723057696	0.36757724132121233
ARHGAP27	0.10680315109085381	0.367578850618618
ZDHHC12	0.0875951077061421	0.36758744266356974
TIMM8A	0.06942905638032659	0.3676375939444008
DNLZ	-0.08748433189974936	0.36774489284582934
RP3-508I15.21	-0.07366494289724201	0.3679603920069612
TANGO6	-0.0643809098715531	0.3679798739776493
GNRHR2	-0.10402661461904739	0.3680384437856305
UEVLD	0.04158958341165153	0.36814783119717626
RUNDC3B	-0.09137031649561145	0.3682185227083412
CDC40	0.03368767855388555	0.36833762030433226
GJB1	0.11827487483771737	0.36845438267890035
CCDC97	0.06235619867168296	0.3688385241304981
METTL20	-0.1271206443251911	0.3688566120054268
RLN1	-0.1320198172750633	0.36890187271881375
ZNF12	-0.04100125342293559	0.36902088014493134
FERMT3	0.07480494034273377	0.36905772007147536
USPL1	-0.053088999600879205	0.3694589984829579
NEURL2	-0.06253865604699183	0.36951701989776653
SHARPIN	0.04299470267543537	0.3695358917432601
SQRDL	0.07518086278195568	0.3695455455163905
ICAM1	0.11898788332831955	0.36957221233901905
APOBEC3G	-0.14644270242481205	0.36984143551790793
HAPLN3	0.1382107038583973	0.3699792622407997
SOX15	-0.06917933261403508	0.3700760816913523
DPYSL3	0.1458875536102724	0.37014521258202876
LGMN	-0.07383028281516424	0.37015779885223166
COG8	-0.048739997284465986	0.3702192943604854
LOC100505664	-0.26821838076629234	0.3702747730707119
PRPF38A	-0.05502323805702147	0.3702962670432783
CHCHD1	-0.055141544860903835	0.3704278898892051
CHST4	0.2087671708552623	0.3704631678981828
DQ592442	0.16832750920426243	0.3707259548535519
UCN2	-0.07150920601065192	0.370864156069379
RAB40C	-0.05945169074624346	0.37111254701145013
LINC01057	0.08789177660024894	0.37111832547054735
ZDHHC17	0.0660938053646678	0.37119371936260726
DHDDS	-0.042406108830828515	0.371305031224986
ADAMTS12	-0.2132668975538845	0.3713429633860029
GPHA2	0.09885059022305587	0.3716386132759389
CENPJ	0.07439295921491329	0.3718186083194054
MRPS18A	0.060507706001253325	0.3719472946367711
ICE2	-0.03864008949624065	0.3720815449217332
ID2	0.06060875277067623	0.3722020939090582
EXOC1	-0.024336371754387187	0.37237979369833585
BAZ1B	0.03962359302004792	0.3724297505637035
PXMP2	0.06530789030263051	0.3725056569573361
ZBTB7B	-0.05309187740789767	0.3726372004461848
PACS2	0.06757896602882418	0.3726924413491444
PROX1	-0.11443989421804801	0.37287838468382456
HERC5	-0.09307896084022182	0.37289454959156393
NONO	0.03407455205513443	0.37295269713580115
MTMR9LP	0.08223696363909827	0.3734427190076604
PTPRM	0.05307692229949623	0.3735131299412383
LOC100996412	-0.15500822968608752	0.37364843759353805
ASPDH	0.04896439479385961	0.3738623281974258
PRDX3	0.0422682665037577	0.37395651506736477
C19orf52	-0.05362649798308272	0.3740265949196346
TWF1	-0.028248282161651872	0.374089964929442
ACVR1	0.07934642494861954	0.3741057227000803
SCD5	0.03398758330826546	0.3743248047977817
ABHD17A	-0.05090861989599027	0.37433789166347936
SPAG7	-0.05824798177443391	0.3743807437353183
CASC15	0.12350332438847023	0.3744484641109159
ADRA2C	0.08332830865538732	0.37446659688473866
RP11-403P17.4	-0.04840543731955016	0.3745768260368205
LINC00294	0.044963276475565195	0.3746787496638953
PML	0.09940331974498662	0.3749540811724013
RPS27L	0.0359561736340801	0.37509417677452195
SLC26A10	-0.07866221039410792	0.37513936778544915
ZNF718	0.12078037367543981	0.37516423615224226
ZGRF1	-0.08933314387092572	0.3753664048700463
TRAF3IP2-AS1	-0.0844115218822008	0.3755472823188937
UBXN8	0.06716633290664298	0.3760000994224018
TMCC1	-0.043338130372177375	0.376138025707271
HTT	-0.04940590509335774	0.3762024194878349
RWDD1	-0.03370998415414306	0.376238447913457
ASCL1	-0.29964704032205436	0.37637449951602303
ARL13B	0.10843042629072475	0.3764553837426839
CEACAM1	0.10132117986028177	0.37646859114134623
TMEM140	0.08846423507268142	0.37650877630169965
TATDN3	-0.04859231258395624	0.3765558016009386
PLCG2	-0.10294426455075012	0.37676563248869055
DPT	-0.17941249780200508	0.37678896640110554
RP11-727A23.11	0.1713886522249375	0.3768794785462613
PHF12	-0.03454925144924381	0.3769182399269188
CD300LF	0.2066192595294467	0.376976303297896
PSMD4	-0.03220230727443152	0.3770204707562221
GCAT	-0.0915866652813282	0.37710480193365586
OR7E104P	-0.037046523585840596	0.3773875361008539
MST1R	0.09911573726879652	0.3775819559273067
NMUR1	-0.03272897520801976	0.3776524851330153
FLJ13744	0.2045662639636605	0.37769846188950706
CEP131	-0.04449009116102953	0.37806813261427097
SCRN2	-0.0775774654667929	0.3780964838805449
APLNR	0.2347138292105262	0.3782126891379287
LACTB2	0.07404886386278342	0.3782796083685127
SELM	0.09982391717418881	0.3783479616961773
MRPS23	-0.05138346097744417	0.37850386881978426
ZXDB	0.0465562123214216	0.37857914422803746
LOC729887	-0.07671590545425921	0.37858984222037023
ZNF638	-0.03851910330764241	0.3785908249056075
HAUS7	0.0490796876334576	0.3786512290757731
LINC00869	-0.08785858113972278	0.3789118274791256
RFX1	-0.10146882295990078	0.3789396572568549
LGALS4	0.14394983059523803	0.378959929496302
FRS3	0.04708342932456144	0.3790246485396232
SLU7	-0.04948580690476412	0.37909338233103407
LOC100505812	0.11326930460526619	0.3791045020902702
LOC441081	-0.10494925201942351	0.3792624982509516
CD99P1	-0.0724191518646613	0.3793918510380776
B3GALNT2	0.0686232119486263	0.3794245539381854
COBLL1	0.05847128249373945	0.3794633173863547
EIF1B	0.0244619762656626	0.37950223060187194
C5orf30	-0.0773672920701749	0.3796438130345693
CCDC80	0.10895770086152812	0.37975494246090974
ANAPC10	-0.052556527563911715	0.37988013562011075
PTPRE	0.1445356246510059	0.37990164166807394
INTS5	0.057723343922301495	0.3800079038449192
FAM208A	0.052501459210526846	0.38004806383133
SLC6A6	-0.08693586285715149	0.38007555733791454
ARPC4	0.039785205093984644	0.38009887436803236
CCDC109B	0.07805874685401015	0.38032678735009195
HDHD3	0.10056576288909902	0.3803577783029549
FUT5	0.0419640887180428	0.38039457585261344
LAMA4	-0.17143036331453487	0.38050671738992037
ERVH-1	0.06521429868232964	0.38080710103828713
SAFB2	-0.07921287482581718	0.38095518080973395
PHF14	0.03879711807894459	0.381019772756612
H2AFY	0.025279596597739484	0.3810262845516037
IPPK	-0.0529261814962414	0.38128488916455644
RMND5B	-0.07969635518608698	0.3813339617642095
PKD2	-0.05893831390727122	0.3815266145837309
TOB1	0.04597528576440979	0.3815817006982167
ZNF101	0.0550836574812017	0.3816167374690259
DDB2	-0.07459680850940131	0.381758197937573
NFXL1	0.05630530649435883	0.3817608206554085
FBXL18	0.050836071964913465	0.3818487401837292
NPAT	-0.033288639219289706	0.38195397106987883
OARD1	-0.03787605201753941	0.3820762557525674
PPP2R3C	-0.04659203691478275	0.382462093504759
JRKL	-0.04476402486027453	0.38265137157036283
LRRC39	-0.15120216506265827	0.3829182934957584
PEAR1	-0.09242666095488694	0.3829905715757619
KCNQ2	-0.17613057218420813	0.38301499267213385
DHX35	0.062157156555763926	0.38303960790512137
MESP1	-0.06425814474247993	0.38324413942253466
BMS1	-0.0642295485739357	0.38342033886421173
CASC7	0.08123548212907306	0.38342736576771214
EDC4	-0.05538490132894491	0.38344673727188716
ACBD3	0.031548258446109756	0.383507492776631
NDUFV2-AS1	-0.07674406283646373	0.38351087404655754
HES1	-0.06591295082080251	0.38371015502641703
UHRF2	0.037757971260655054	0.38382341486483923
TMEM30A	-0.024195917963661273	0.383926028864396
PRKD2	0.06905458435337586	0.38401095021323367
SMPDL3A	-0.07887373041917556	0.38401821119568447
SH3BP5	-0.07617222974811888	0.3840950701466348
BNIP3L	-0.06267023807017225	0.38414987658460636
UBE2F	-0.03244060930451553	0.38428659129332826
SLCO3A1	0.09136822742042483	0.3843984703922791
RBP2	0.11274604476691774	0.3846305003612054
POLR2J2	0.06050228315037298	0.38467373152567885
PLEKHG3	-0.09720143998746522	0.3848396918013001
PIEZO2	-0.22412967688909724	0.3849442500755961
NAT1	0.05831425299748716	0.3850152830145103
SLC16A4	0.1934347962130314	0.3850379758422352
CRB3	0.08044806698433504	0.38540049840000923
OAS3	-0.1308204200413492	0.3854613875499718
STAP2	0.09024322596553525	0.38546798849946984
S100P	0.3853758345927343	0.3855603839620953
PMS2L2	0.07313322649811749	0.38572163519181746
OGFR	0.06464469472681955	0.3860156640487138
C14orf28	-0.06167140046240327	0.38615652611218254
STKLD1	-0.08972434909085081	0.3863006477451149
GALNT11	0.03114517383458626	0.38657438861019355
SPR	-0.056671448683582426	0.38674405150330776
ZNF408	-0.05112258716165563	0.3868692231574697
ARHGAP32	0.04723188951754409	0.3868911983706611
MAT2A	0.02082518672932565	0.38689742552586787
GMFB	-0.025699349411025807	0.38708191339063397
PPP2R2A	0.05499483333583477	0.38742465851078667
MMD	0.05332906984335395	0.3878165088047083
FAXDC2	-0.040529957815786055	0.3878201228747619
LOC101928433	0.05883270634649396	0.38786976284914393
ARL6IP5	0.022343374843359243	0.3879268471058384
ASTE1	-0.06474833850626727	0.38802538300753636
SCARA3	0.15968280099435717	0.3880422077325571
RASGEF1A	-0.12890381303571274	0.38813206674545886
SLC12A8	-0.10102340349623695	0.3882061197203885
WDR73	-0.05607750707894965	0.3882313725057979
ZNF608	0.08068758471303283	0.38825109298246796
MAD2L2	0.07689130157205071	0.3882607423584494
CCDC34	0.09992506400563794	0.3883862218230762
PTPRH	-0.10484552233772071	0.38843059495053994
FOPNL	0.030741637036337366	0.3885874640426079
IGSF8	-0.055450756036968585	0.38862054931819884
NPM1	0.04630740002506606	0.38878721164200486
RASGRP1	0.08702586580826654	0.38879575946871453
STX16	-0.04184797457205214	0.38880075791619767
ABHD14B	-0.057245538233081206	0.3888238383917125
TSGA10IP	-0.038945180531326784	0.3889405934391929
PCYT1B	0.12732464459085158	0.3890722689838866
ADAM19	0.16972124523621623	0.3892175223838011
BAZ2A	0.040396879466783275	0.389392301589492
SETD2	0.029801890708021972	0.3894013957129917
CCBL2	0.03565023617794871	0.3895110551640079
NTN5	0.07661901089285639	0.38961972046446935
HCFC1	0.07428083761904425	0.3896364992079675
RAD51AP1	0.09366507603947483	0.3898859113694189
SENP6	-0.024024875244361255	0.3900869189732477
ALS2	0.04546941926002113	0.3901088426055312
CSTF2T	-0.04526904447368274	0.39029156784607794
FNDC1	0.3055054123101506	0.3904131097412088
SLC25A21-AS1	-0.09880853892857555	0.39071318685597944
HAO1	-0.28119169606892136	0.3909732266165768
C1orf159	0.0620927615532576	0.391024611463678
TEX11	0.30146013071115263	0.3912310483631295
ANKIB1	0.03627621123496283	0.39150274489590864
ARHGEF28	-0.06062743123809433	0.39172107435340553
SAMM50	-0.036359092763158074	0.39181787993908557
ZNF208	0.19675611551441552	0.3919706730564997
NEK9	0.039460434345235385	0.3922359470515243
ST3GAL6	-0.12421750134774712	0.3923632053738633
SPATS2L	0.05170613763784182	0.39250569851119266
GEMIN2	0.0734653985770688	0.39258481734465595
FLG-AS1	-0.2036897503471149	0.39264646552631227
BANP	0.04797175539348153	0.392648983402122
GBP5	0.09355530598872441	0.3926803501356449
UGT8	0.06053447719611782	0.39268248741199807
HCN2	-0.03797180290977398	0.3928146340219556
TSGA10	0.11332701838220594	0.3929692754874511
ATN1	-0.10150623950626247	0.3933092353624736
TYROBP	0.17375389910777272	0.39357927882545385
ADCK3	-0.0399052563471205	0.39363875505792395
MAZ	0.03987839637845347	0.39376707097140723
EPHA4	-0.15147438936278057	0.39420862606182966
CLASP2	0.05572929936090176	0.39427437284160055
LOC101060510	0.0722349037167902	0.3944061000421957
INF2	-0.04304852031579198	0.3945138544967928
ATAD3A	-0.04279067529197711	0.3945596620347629
SRSF11	0.06281480362781622	0.3946849441121179
LOC100506797	-0.13426269022556525	0.3947679962386878
LIN54	-0.08268634940351127	0.3949852543921575
TSC22D4	-0.03910311139786771	0.3950321316967812
SCTR	0.1402475782167958	0.39509164049801054
CPSF2	-0.0677185180350861	0.395166084534731
TOM1L1	-0.04874321399812054	0.39518452069484966
SLC39A7	-0.03659099252881681	0.3953713675584228
TBKBP1	-0.05069917118797118	0.3957134182181186
POM121C	0.06613370363283444	0.3957311134111121
AK055458	-0.1522314116052632	0.39594890940852684
LRRC6	0.08984388366729767	0.3961648664218095
TNXB	-0.03271160298809761	0.396232753350667
POC5	-0.053625748889098546	0.39628514259519415
ATP6AP1L	-0.08341454131391224	0.39629549798677305
DNAJC15	0.06646050181077179	0.3963074019421728
PES1	0.05945150475375982	0.39645450378294184
RAB28	-0.0378362076253147	0.3964692677041211
PIGK	-0.06665456688596372	0.3965903116773325
TMEM230	-0.03586971716166154	0.39684019437738094
ADIPOR2	0.033890797023806485	0.3969196676763044
KLHL20	0.057564495262528936	0.39706548263850355
ADAL	-0.07576599405764473	0.397091267813885
RPL35A	-0.009622226578949622	0.3975657104476576
AGT	-0.10366233785714307	0.3976741518121962
FBRSL1	0.030901215244362845	0.39780099012419473
CPS1	0.19075026448057564	0.3978939430684991
GBE1	0.043742336340852006	0.3982957794359459
MAP7D1	0.05495580654260657	0.39837161177289027
LTC4S	0.04096846093358586	0.39850193562662894
MAPKAP1	0.07177722722744662	0.3986744263658785
GZMM	0.05451387753446202	0.39880626034621425
ARMC8	-0.051289083831449034	0.39883575347931444
KLHDC1	-0.14729037064223327	0.39895184104604836
BTN2A2	0.10580649863846858	0.3989656727548846
TTC28	0.07926012699248375	0.39904287163832
HMOX2	-0.06835702936278132	0.3990438235259371
RASSF1-AS1	-0.06753485960463745	0.39916474172370275
SLC5A2	-0.07423029835150263	0.39943690318525504
C15orf45	-0.18265546794611343	0.3996226045602635
GCKR	0.11460366334273342	0.39971677236253295
CBX5	-0.07034157947995467	0.40002214143093195
PRG4	-0.2463288542982447	0.40020296341689743
COLEC11	-0.13344785274812043	0.4004413545514636
ENY2	0.03912709418546534	0.40048377549382963
SDF4	-0.04461393819486403	0.40061198077478605
PCYT2	-0.0817779856228027	0.40084560962789517
SLC2A11	-0.08287696648245557	0.4008635861921114
CPT1A	-0.07619331716729327	0.4008794662996614
STK39	0.07045967455201563	0.40098093609989494
AGO2	0.0981204901654138	0.4009887258550781
ERCC2	0.07435604501378812	0.40110810941471997
FOXF1	0.17196082427756743	0.4014764806943003
PHKA1	-0.0866591911190504	0.401627593952243
EXOC3L1	-0.05168199088847292	0.40176165024258187
ZNF780A	-0.11795739428508778	0.4018239619377936
ANKRD13B	0.05717146926754246	0.4019014463395921
CES3	-0.06534471007581377	0.4019160131170468
LY96	0.12903692346241158	0.40192098495619694
DDX11	0.09307749532831977	0.40205691359312956
CLDN7	0.08696545042543846	0.402081193885204
ITGB3	0.12136228151691864	0.40213565645017973
STX12	0.03046542965538812	0.4022456301464279
ASAH1	-0.037536260902259144	0.40225223118013986
NFATC4	-0.06430673101315776	0.4023168297875805
ZNF595	-0.28809605442105113	0.4023465699724745
ZFYVE21	0.04783497214536503	0.4024721650881121
MBTPS2	-0.04063024015664318	0.4025573260087692
TARBP2	-0.04566682632017116	0.40259497957590723
PRPF31	-0.04884560698495655	0.4027199680799022
DDX5	-0.04760545896616719	0.4027201780935067
FKBP15	0.033483258180451614	0.4027219450144369
PLK2	-0.06461702536967096	0.4029616618876133
GAK	-0.04735800501190823	0.4029759597716387
SYTL3	-0.08682857738533567	0.4030927006947808
C11orf92	-0.16309638560588802	0.403217427103207
NAA25	0.08013081043671733	0.40332259817800276
PLBD1	0.12126391929448666	0.4033919995156275
RAB13	0.04321843614661525	0.403450738966326
GTF2H2B	-0.15763362146992854	0.4034513752953882
TYW1	-0.04080182689222589	0.4034741370634858
C20orf96	-0.10889517298496276	0.40354155698772426
RAB21	0.03352507037593888	0.40365366692446475
CLSTN1	-0.055234726961149505	0.40365632525712314
KIAA1524	-0.09126328964661745	0.4039842309948522
BZRAP1	-0.13210032161403795	0.40416394026700464
GS1-124K5.11	-0.14151985832894898	0.40422979976189943
NOL7	0.060748254467416274	0.40429130872111635
TENM2	0.1436924582061394	0.40453173401330794
POGLUT1	0.04379177779511423	0.4048466762172757
LINC00520	0.21523274632769507	0.40505569578374995
CSRP1	0.05075074877193053	0.4052052760255086
LRRC37BP1	0.11013196740977271	0.4052341415653038
ARNTL	-0.061269697694237735	0.4052762551045568
RRM1	-0.047157129248121876	0.4053054990232837
RRN3P3	0.09905946110651698	0.4058748725369335
GJC1	0.12764366874875055	0.405990710277165
GEMIN7	-0.053096587725560696	0.4060008167649625
YARS	-0.05546394831453583	0.4060056543861364
CDADC1	-0.06430100345112777	0.4061334412268283
LMBR1	0.06075761707142657	0.4061765951223315
SLC38A4	-0.22401094526503584	0.4062571498501533
TMEM52	0.14495402730388207	0.4062740921981395
STAT4	-0.15162372172493477	0.4062962995988843
TBC1D17	-0.05357229951128151	0.40673851879801504
SH3PXD2A	-0.1386839389818313	0.4068892707784148
RBBP6	0.052583366476186555	0.40691751174040114
SAMD8	-0.03634259035087695	0.40742713192257435
ZNF880	0.11482183154385872	0.4075389644336815
PLOD3	-0.06096519923370636	0.4076491284511285
HIGD2A	0.04228384838972232	0.4077575755372045
NACA	0.014153897117788361	0.4077828853372185
FBRS	-0.03607286520551334	0.4078675155548461
ENG	-0.12908269412531226	0.4081175533997603
FBF1	-0.08811513269862292	0.40812930030440225
CACFD1	-0.060538364524436616	0.4081565717134155
SLCO4A1	0.15938975761528695	0.40823350517368634
NOL4L	-0.04463613258019983	0.4083800327071866
ELOVL2	0.11616696593107356	0.40855330647537225
OAZ2	-0.046934551052631335	0.4086370951053849
CYP2W1	0.04013395702881972	0.40873167084855055
WDR76	-0.09741481475313574	0.40878215991158867
RHPN1-AS1	0.06769690016353369	0.4089150772645508
FUT7	0.038934745528821146	0.4089571415493029
CADM3	0.03853138206014961	0.4090547956255285
CRABP2	0.10957685203446133	0.4090580049769979
DMTF1	-0.04932985774060228	0.40931592792841015
YTHDF3	0.05132194174185756	0.40933782998035495
RPS17	0.018142474304509548	0.4094697082405713
UBTF	0.04128673519423387	0.40949541761388425
ASNA1	-0.05908683408520865	0.4096058180595159
ARID4B	-0.02428530446115218	0.40966633568429955
SLC7A6	0.06498481093546005	0.40987428719288443
AKR1B10	-0.19982933782894285	0.4099106791144676
PYGB	0.1128926112261901	0.41008813465659094
TMEM255A	-0.22051060646929965	0.41014977921245216
PLCXD2	-0.07882033906328267	0.41021684259460556
METTL3	0.03142242983082788	0.41022714430268675
LOC100134445	0.10926864209461318	0.41045615346019865
EDRF1	0.05662841643797023	0.41047825828238815
RNF126	0.052994819370928425	0.4106565474095725
SIRT3	-0.050162355792606306	0.410817509489826
TMCO4	-0.059303497925441206	0.41088071000438914
PTPN1	-0.03011000789849838	0.4110493184969908
TRIM52	0.06400511436466338	0.4111070655601935
CALCA	0.14006638524623938	0.41112906037803165
KCP	-0.0697100544536351	0.4112758235866213
C8orf48	0.0936431881221802	0.411409072448358
CDKN2AIP	0.05522241237280312	0.41142679045624764
FLNC	0.13403985933896934	0.41146416906319133
NT5C	-0.05877249734022527	0.4114974317579119
CHST14	0.04525082266917302	0.4115807271840261
ERGIC3	-0.05942939093922561	0.4115868521904046
DCLRE1C	0.044615600454257276	0.4116971840455013
MOCS1	-0.07441398051190351	0.41177654091400273
C1S	0.1466434527481173	0.4119108095307963
LOC102606465	0.06356878510275443	0.41192084211199304
STK10	-0.04632043043233125	0.41196578852375876
FUBP1	0.0478084926754363	0.41202137877650974
DCAF13	-0.049213873372812245	0.4121030486878667
ZNF213	0.062034001762530266	0.41214955047941704
CHRDL1	0.13131537210588995	0.4122393266052822
MAGT1	0.031734491033835965	0.4122479210694585
RIOK2	0.053737967834589284	0.41260611874639636
BC010186	0.06947840537092809	0.41280014845913654
PER3	-0.11363188419861991	0.41280424518331515
MAP3K10	0.028795394575812594	0.4129773185338713
PHF11	0.04361531895865056	0.413003018093232
IRF9	0.055743415021300535	0.413013545667313
NUP205	0.055152165941729336	0.4131800826568992
RGCC	-0.16303215765539036	0.41342341540126426
C21orf59	-0.03837332049498343	0.41358165333266317
UPF3B	-0.05188328723621538	0.41363990727010724
H2AFJ	-0.07433407319298269	0.4137277666419925
RIN3	0.06740826591040072	0.41423483904822955
SYNPO2	-0.1848828094943631	0.4143058282098685
PITX1	0.036999715526314425	0.41434013797780417
MTFR2	0.08075082420802016	0.4144055931380976
RASSF6	0.07390214145112672	0.41449503736912235
MIER2	0.07360600842731913	0.4145146300401326
ASB6	-0.05187433075313397	0.4145471464902206
THY1	-0.19168794123809452	0.414562557836841
CALCRL	0.19769144481015388	0.4145895156800552
USP8	0.03253969332393325	0.4145982853231008
NOMO3	-0.071802879135336	0.4147270852955386
CWF19L1	-0.0815459343377194	0.414741590370494
NEURL1B	0.10867788457268457	0.4148455435325313
SERPINB7	0.367050167864031	0.4151039865803627
ZNF462	-0.0774151383546311	0.41514646475865546
LPXN	0.053872608994987914	0.415217091287195
PLCD3	-0.06648273982268194	0.415261138223198
LHPP	-0.12235279550125355	0.4154914798128417
ATIC	-0.04162956986842126	0.415544616167343
FGFR4	-0.0758368118082684	0.41570226049981923
RP11-83N9.5	0.03253202034774372	0.41579990243269493
ZNF777	-0.0792022558784451	0.4158875887111353
SNHG18	0.10600244883208099	0.41618246505961143
ZFP3	-0.04733659220551534	0.4162772643054011
FAM160B2	-0.04629487764536311	0.41643548562772853
TMEM151B	-0.11086035781391157	0.4165790183151728
FANCM	-0.06197979896240646	0.4167880066457971
FMO5	-0.11376576483145495	0.4168239527580424
IDI1	-0.04961055464285202	0.41698554183297293
F11	0.09026016202694365	0.41704489480655826
ATP8A2	0.16747886062092654	0.41706277877771897
HMGA1	0.09731411855888972	0.41712404601862163
DUS3L	-0.08606878331140333	0.41720474380377937
ATP6V0E1	-0.019939402518797777	0.4172582525032666
FZD10	0.14713413133020214	0.4174083717689232
NHLH1	-0.09163916336842082	0.4175819571229745
RPL39L	-0.08517644450814554	0.4176654768514937
MTRF1L	0.036251182241857194	0.4178048644221709
ZC3H10	-0.05253279576378844	0.4178824091117834
PSAP	-0.028586552149118205	0.4180738791890586
LOC101927164	-0.04245549259085024	0.41816887451587076
MMP1	0.07146927434211037	0.418217076088257
DNAJC17	0.047830802850874043	0.4183924830979046
ANAPC2	-0.03968737838596326	0.41869957135906144
AKAP10	0.035581828315159214	0.41886503760529986
XAF1	-0.19406226622368283	0.4189849953208566
MPV17L	0.10748207666980214	0.4190580737133495
TK2	0.05947171305075294	0.4190850798254275
RPL26L1	-0.04356831532581573	0.4192552434576511
NPPA	0.040116122203632365	0.4193636051500904
FBXO30	0.09778040585024783	0.41941230420535225
LGI2	-0.0994883083746867	0.41949131107410975
H1FX	0.05636474962155269	0.4198025686834902
NCAM1	-0.13917419334649495	0.41985052579124094
LOC100132352	-0.07489012469110445	0.4198786004328254
GPR146	-0.12984738628446113	0.4199872092993462
CAPRIN2	-0.06818088525626997	0.42008189916351324
UBE2G2	-0.046446760595236114	0.42037573838892167
ST5	-0.06212726696115389	0.42047994517384
MND1	0.09076921644799363	0.42060376905545255
LPCAT3	-0.08817718764285587	0.42071525052634207
CRCP	0.04802287345864542	0.4208447264768111
TCP10L	-0.07815674790601435	0.4211656868715478
GP9	-0.030895672215540237	0.4211888951853959
RALY-AS1	-0.08979757580012482	0.4212153458037167
PSMD6-AS2	0.09171137178069877	0.42131451629833094
PTEN	-0.03473474091478579	0.4214059127582876
HAB1	0.03728943678007646	0.42179878449736047
BLCAP	-0.021494605344608786	0.4218344666789342
RNF145	0.039514498558895994	0.42186561629706326
KIF13A	0.05103011251879508	0.4220341831167797
CAMK1	-0.07977406267606657	0.42203840639543067
PHF8	0.036960408215538365	0.42205860438682546
SCRG1	0.24255631649937381	0.4221153473581744
FAM50A	-0.058376270506892425	0.4221279807060575
CEP120	-0.0291777123934871	0.42237961378068106
PRKCDBP	0.07478597375814822	0.4224404250490323
VARS2	-0.06263725061403669	0.42252666209338313
TNFSF13	-0.1382252562192976	0.42270947807292086
MBIP	0.045659230727443045	0.42288687114653306
ZDHHC24	-0.03833957410275701	0.422896462634258
CUZD1	0.17275088312656983	0.4229552241116224
CALB1	-0.20890893973245372	0.4229694751721345
ZNF660	-0.11762293408145386	0.4229730476198813
RPL32	-0.010208796810784904	0.4231609480863718
CKMT2-AS1	-0.09023155407142625	0.4232404203367436
UBXN7	0.0870446979248154	0.42327720532581
PDCD11	0.057656293152255955	0.4232914893423295
ALG12	0.03893358055012275	0.4234230271760286
CADM1	-0.0830838234962421	0.42359793095509163
MTF2	0.0439072804179208	0.4236313548184852
TPH1	0.14387471793483897	0.42364459415513095
DUSP14	0.06271296809022431	0.4237292350672118
CLK2	-0.03003464404323175	0.4237500957105991
HIST1H1D	0.05329447047932234	0.42377995787873296
PIAS3	-0.04170138976942539	0.4238241857332661
TMEM14B	0.042349768170424795	0.42401094974281095
LOC102723886	-0.1730538611948642	0.4241183427259343
LOC100190986	0.11316711382581168	0.4241246329708806
SIX3	-0.21619957870927387	0.424350029883569
AK3	0.04638920386591394	0.4244326648181915
RMND1	-0.051437090863414525	0.42464329853145094
EFTUD2	0.059797450815791464	0.42478372455806923
ATRX	0.027465556873439212	0.42495047187228224
SPPL2B	0.03260949507456079	0.4251329193731069
ZNF839	0.04181038904448453	0.4253747000834485
VAMP5	0.06483829999435642	0.42541751628978425
TRIM16	0.15816068858458188	0.42543415457488565
TLCD2	0.09604511193233023	0.4257429325320212
ABCF1	-0.05475768228884803	0.4257596589030702
CYTH2	0.05963784248871917	0.425871628975743
TMC4	0.06527929328320425	0.4260346409323964
LOC101927044	0.12495460962468563	0.4261835655974277
CHMP5	-0.047492092894737326	0.4263120106981968
EEF1E1	0.06608831505012347	0.42635886180182764
MGST2	-0.04960800374686869	0.4263786893801181
CYHR1	-0.05591819320175162	0.4265001025274514
LOC100630918	-0.09805949542042391	0.4265111040404388
TFPT	-0.06236590445864287	0.4266576618192613
ZCCHC3	0.04275478943734434	0.42673766498834764
TOMM70A	-0.03239244832079713	0.42693022370569006
MRPL10	0.07483635759398055	0.4270868507273995
C14orf180	0.038988897523183574	0.4271578930370123
RP11-1191J2.5	-0.09689301366541336	0.42726990953024946
FOSB	0.1015426562374655	0.42727471859909094
TUBB3	-0.04386913731829445	0.4272894001040985
SMLR1	-0.29942033856516215	0.42735170226882047
EWSR1	0.04529346948872259	0.4276606490569712
MEGF8	-0.05747469733772004	0.4280508832627708
MED8	-0.045272721669801896	0.42812919929518417
VWA1	-0.06095813221302926	0.4282742687704418
SUB1	-0.026827248609022192	0.42830795770366037
C7orf13	-0.11445188508646797	0.42836240912395523
TAPT1	-0.04926380752506532	0.42839783450486973
PSMD6	-0.03630218496867066	0.4285435159826799
SSX2IP	-0.09453218732831914	0.4288023184675066
TSFM	0.06655999883834518	0.42884111256905505
SEPT11	0.036796075347742985	0.42907767035551253
C9orf37	-0.04697997652882169	0.42928673326757194
RBM19	0.0660845392149092	0.42941241134329655
AADAC	0.22914683079636333	0.4294336701411744
TSPAN17	0.05206917305827119	0.42982451845339104
PTPRB	-0.15449192738658812	0.4300600277357738
VEPH1	0.14199403251691045	0.43044724324392514
FEM1B	0.03375574697994921	0.4305610858519053
ZNF883	-0.11785402072368445	0.43089035282659255
FSTL4	-0.17817334422117526	0.4309444064590757
RP11-722E23.2	0.08196885808709364	0.43099324071093553
NUDT17	-0.041070255269426426	0.4310954624864868
CYSRT1	-0.05783285399435911	0.4311082642825777
PLXDC2	-0.14386740082831828	0.4311248142955549
KAT2B	-0.0655736605551418	0.43117646368684603
PARM1	-0.10403326024372994	0.43128133141410036
TTPAL	0.060062312185465316	0.4314174436429244
XPO7	0.03153143858208374	0.4315547382676063
LAPTM5	0.1647290186021273	0.43166536141446515
COQ4	-0.04556424603634035	0.43197758319923923
NSUN7	0.07650773279511114	0.43202566849804414
ACVRL1	-0.1293898387017558	0.4325557149553286
ESAM	-0.11041414438471175	0.4325908382416099
RAB11A	-0.027920514104010863	0.4331315827526938
ASXL3	-0.10038045038407972	0.43316148193744697
ZNF443	-0.036183812236838975	0.4332223001472548
FOXJ2	0.030415312535087224	0.43326118364102656
RNASET2	-0.07685918811153059	0.4332865154937484
TBX1	-0.03797469531641884	0.43331948897201683
PPARGC1B	-0.11294435194987251	0.4335654750228449
C5orf56	-0.06142679778446247	0.43358050141033416
OXTR	-0.14942267632706763	0.43370071103186386
SNRPD3	-0.032349524122803786	0.4337137984834612
AGTR1	0.08595834666227731	0.4337597983294986
DENND4C	-0.03496633893984935	0.4338776389339408
PNPT1	0.05366238326754669	0.43405672918201105
KIAA0754	0.11634704341979951	0.43415627703323273
CLDN11	-0.2569359698953617	0.4343171273549152
CYGB	-0.1950172003088948	0.4343240187707861
C7orf26	0.04462692290789683	0.43453965986110377
SPATS2	-0.040999450105262625	0.43465394493112297
RFC2	-0.06793954280012748	0.43469510069119627
RBM12B-AS1	-0.09005427565037483	0.4347233882070663
TRNT1	-0.06437110029385984	0.4347875373022816
KATNA1	-0.039640147815788396	0.4349324668693992
GRK4	-0.08745554216854501	0.43513596305950186
SARS2	0.0698805142105261	0.43514181403857344
DDOST	-0.021892949555134322	0.4353937916586998
ABI2	-0.05634042810777373	0.4353971163983853
DDHD2	0.04294861377818826	0.4354646284890217
YIPF1	-0.027306402299496213	0.43553302478266565
MOV10	-0.06183458979824863	0.4356238552081474
UBE2J2	0.05297930647055615	0.43563572132251677
LEFTY1	0.2044398601835855	0.43567519955026335
SOCS6	-0.029466408057642113	0.43579243098209053
DPEP1	0.08134760230827265	0.43600652045448274
LOC101927330	-0.0858670456065127	0.43601031592765677
ASF1A	0.05539585231641908	0.4361307740986459
PEX26	-0.03921835473057911	0.4362354770167857
TMEM67	0.05416278354887094	0.43630183316714777
FAM86A	-0.05810495867543786	0.4363801838572325
MBD6	-0.03201476728070318	0.4364788904069871
VPS37C	-0.05278888452380848	0.4364878537580081
KMO	-0.18198270475187872	0.43651117141260476
AKIP1	-0.061107599180454386	0.43657460534958237
THRB	-0.05146964556328548	0.4366144339174418
DONSON	-0.04845161633208228	0.43679176010936915
RIC3	-0.06566996643170242	0.4368946051292884
LOC102723779	0.06724047595238059	0.43695361397034455
MFNG	0.08985295854511133	0.4369578853480827
PHC3	-0.0290134054699287	0.4370777255506512
SETD5	0.02910355333333392	0.4373143014833787
RP3-507I15.1	0.02536401087718687	0.43778185629040695
PNPO	-0.06966742122242842	0.43802926307395984
RP11-432M24.4	-0.03239394179636612	0.4382830280293173
FAM86C1	-0.05303286175438782	0.43830304083935856
MCM5	0.06534704760463583	0.43836974717659744
HFE	-0.04648919436090182	0.43869855740739605
RBM41	0.08138499596741777	0.43946038601440857
PIK3R5	0.11528937362593883	0.4394721930189584
SSTR3	0.032338375942981834	0.4395297435653938
TPRKB	0.0587119411008743	0.4395307794592496
KBTBD11	0.06113601022180326	0.4395431530932549
C16orf62	-0.04515250509649249	0.43973316434511095
ATP9B	-0.05481555401441085	0.4397638704485954
AGR2	-0.23734676902005347	0.4398396910340382
TFCP2	-0.04820391293232973	0.43987071402829914
ZNF224	-0.0610445889329565	0.4400292269986904
EMC4	0.05338966133458989	0.44004528773976465
MTHFD2L	-0.08229891023245983	0.44005982337410066
ZNF589	-0.06350223419110268	0.4400933667877953
SIKE1	0.047718951387844655	0.44036452862247266
ULK4	-0.08886429714348232	0.4404158224447967
TTLL4	0.059200454199249464	0.44042350388942714
KDM5C	-0.06453292917983156	0.4404665489697101
DCAKD	-0.06750857151190282	0.44060802191238313
DHRS4-AS1	-0.03818429008020097	0.4408445572817874
CEP85L	0.05229415607017529	0.44106948828343007
SDK2	-0.22036868044736568	0.44110809111099525
HAND2-AS1	-0.15045385821240398	0.44112167580276107
LMBRD2	-0.07572704626316096	0.44112311212541544
CTC-428G20.3	-0.03965003131515843	0.4414424137054238
LOC101929747	-0.0675423467117815	0.44147876620086457
TRMT44	0.04227394126566342	0.44150788068369884
LOC101928173	-0.1108758049172911	0.44156442648721295
PEX5	0.04037253742668945	0.44161768878467367
URM1	0.053471704233705175	0.4416458238929954
CPSF6	0.03518213438596618	0.44172507360197033
TCOF1	0.05565878523433643	0.44172884314863464
CLTB	0.0668366471372206	0.4424108008128271
TWF2	-0.043966210431704233	0.4424690719959594
ZNF548	-0.05143742896679093	0.44247634528804475
VIMP	0.03337946863533503	0.44255099512663537
DANCR	0.0746303872744356	0.4426711108029901
GSTP1	0.061613438145364796	0.442720306292642
PGLS	0.06774059723872483	0.44282534400603346
DHX9	-0.03634298648496781	0.4428508558498291
B3GAT1	-0.08856380611654302	0.44295495515548733
RMDN3	0.049105504707393166	0.4430118531060344
EML3	-0.0544755081246846	0.4430464912733283
PIKFYVE	0.04501717374937364	0.44318622787500284
TTC30A	-0.05523164281203563	0.44346796057422244
CCDC77	-0.05304840884022166	0.4435260840873774
GSTA1	0.07718924253132542	0.4435996532228385
SFXN2	0.07424673923997993	0.4436603868461607
DIAPH2	0.031199300287596543	0.44387894668184597
ZFPM2	0.20355110866729031	0.44394086578418024
ATG13	-0.04344895834210227	0.4439873249937198
RPL10A	-0.012085488803261768	0.44411345297612564
PDCD6	-0.05429224806642097	0.4442055542383302
C6orf48	0.0462697101503764	0.4442881673466342
BAK1	-0.07178937928132889	0.4443074340429846
GLI3	0.12559956512594006	0.44441268907536013
MRI1	0.050747248585839344	0.4447445312183767
TRMT2B	-0.21549727499749416	0.4447454702723859
ZXDA	-0.05730231222994675	0.44482793538782545
CLTCL1	-0.05867659183959706	0.4448330460530883
ZC3HAV1L	-0.07368209451941965	0.44491756634860397
MARC2	-0.054459826865285166	0.4450207803010352
APEX2	-0.05522951322493874	0.4451818925864098
TRIM68	-0.0489408871497492	0.44518375981063657
USP45	0.05228477743734139	0.4453224917015178
NBEAL1	0.060707606829572214	0.4454606219532413
ZNF862	-0.09057026655763778	0.4455456142627903
PLCL1	-0.13021883657895028	0.4456211605456495
UBE2O	-0.07377483257205242	0.4456311494739178
NOC3L	0.04517928673183036	0.4457999224572944
RPL22L1	0.06680938783834733	0.4458355627479207
LOC100507557	-0.10486253247117983	0.4462588193730542
CCNL2	-0.04103088752506778	0.44634800525238677
TUBBP5	0.17017937255137827	0.4464020794179382
CDAN1	-0.06115432252318165	0.4465268891555955
FBXO6	0.0949279035181716	0.4466080141294069
SLAMF8	0.14913120275313219	0.44669077785348854
LINC01355	-0.09926536466917302	0.4471606084967892
MRPL19	0.04774669598120518	0.4473827120170377
GRN	-0.0727491503840838	0.4474605242027434
ISG20	0.13572097344423817	0.4474899042578018
ADAM28	0.18258580514160272	0.44756139080842655
SIX3-AS1	-0.2191736769385937	0.44776893085008396
BIRC6	-0.02255446463032129	0.44803434997960384
CKS1B	-0.05872091238972921	0.448212622005099
STAT1	-0.0426356196679194	0.4485003805170076
APOL1	0.11600577825814717	0.4486160054672769
PTPRS	-0.07774581753758802	0.44865872667838197
NUTM2A-AS1	0.1434671385062689	0.44925184423699466
BASP1	0.14217300642605935	0.44928844839091553
EPAS1	-0.042984205325810265	0.44946489659274624
KLHDC7A	0.12193387997430882	0.44950324729131963
SF3B3	-0.054610523687973256	0.44958902235126674
BET1L	-0.040118698152253884	0.449686205195254
PPIH	-0.06704551454949659	0.4497454356415143
VPS72	-0.049605443730575516	0.44977849812633053
NAA60	-0.046672815075186946	0.4501099649925572
GNL2	-0.04768555783207873	0.45043148782000664
PSMD11	-0.03907587951378666	0.4504610685420332
ATRN	-0.033721386779451024	0.45046490240424886
CEL	0.15604756036340817	0.4505403855242174
IGFBP7	0.04801612454887483	0.4505677738875584
COL4A3BP	-0.027176239624061793	0.4508972833337762
C15orf39	-0.05535253774310789	0.45098866858589576
INTS2	-0.03987056196115191	0.451052586164172
CUL3	-0.02514691352756948	0.45110575748246
ZSWIM1	-0.03913881855262957	0.45114818655561534
CTRB2	0.051991950845865276	0.451341621887315
CFB	0.14423817147932105	0.45134916232781647
TSNARE1	0.056765366082708546	0.4515066817885511
AC002059.10	0.11954977117794474	0.4516184389261821
TOPBP1	0.03876853672619163	0.4516519385234071
MYOM1	0.09364154177005268	0.4518472142048358
SLC34A3	0.040765357388470314	0.4522051388903704
UNC5C	-0.1328082575413525	0.452246735533463
FAM168A	-0.05598242201127768	0.45231970428759755
B3GALT5	-0.05516496511152802	0.4523346700801763
PACSIN3	0.05809051327881942	0.4526948333435878
SGTA	-0.04824390968609116	0.4527694376145058
MVK	-0.04333771110338258	0.45319029814584405
LRRC37A2	-0.053816093306391366	0.4532522877312938
SEC22C	-0.03016032623433773	0.4533023216746717
SFXN3	0.07694278604637006	0.4533289086538172
C12orf10	-0.060855017228696795	0.45335153609337847
TTC28-AS1	0.049795119191733406	0.4534584172047202
SWT1	0.06036108166353049	0.45351013840483545
PHKG2	-0.04808993938784134	0.45367515868406016
JKAMP	-0.034313940607766824	0.45370106794378
ATXN2	-0.053218719919172486	0.4537081468497929
LOC285812	0.05051671087468712	0.45395943857828197
PTGER4	0.05922568838784237	0.4539665892471378
ADRM1	-0.05984205575814805	0.45427996195502024
CTSD	0.0886022533038826	0.4545138118136577
FBL	0.04294287380325734	0.4548170263192118
SRRT	-0.030480588972432443	0.45482982222061485
RND2	-0.07066155128884599	0.4550692206374089
ALKBH8	-0.045460053310147686	0.455204633220401
ZNF586	-0.056952698017542325	0.45522830545316767
OLFM2	-0.09579423120864661	0.45539613541439655
KRBOX1	0.07248964024248039	0.45540242080570453
ZBTB3	0.10299648360714819	0.45543744128692154
RBKS	-0.05280808525250613	0.45549177096009896
ANKS3	-0.0408792679035086	0.45564747695800445
APOOL	0.0564547818859662	0.45570208252936617
SYT1	0.20348839890538706	0.4559714244629424
LOC100506314	-0.06322701612907267	0.45607544569355724
COA7	-0.07446833939223296	0.4565183767519893
NDUFS2	-0.0350760576817013	0.45659528639451114
MARK2	-0.04286082134586433	0.45672831399937797
UBQLN1	-0.02776349424185831	0.45693996458034863
ELL2	0.028400760557639515	0.4569548359161686
RP11-319G9.3	-0.0982934154260624	0.45708995499824673
DBT	-0.029727122034461928	0.4571296247437751
CBLL1	-0.04461579319172415	0.45745317583850753
HMGB2	0.07894681634273049	0.4574579858709491
ELN	-0.03722253916666585	0.4575820663549451
FAM83F	-0.07035332447681775	0.4576387612498735
ASCC3	-0.04282387570864543	0.4577760886719781
UBAC2	0.03137358117795053	0.4579565301188754
SLC22A31	-0.037232630068298356	0.4579693688471551
ALPI	-0.03302401914724129	0.4580357834538551
CNTNAP2	0.16602531564285616	0.45827180489977537
TENM3	-0.06535582423308028	0.45834208114940667
ZNF37BP	-0.06668641161278366	0.45860344771045397
PLEKHB1	-0.15662144745175421	0.4586994263048602
DPCD	-0.05472510362406524	0.4587481467913152
PCDHB13	-0.03511665534962649	0.45875263433841096
VPS26B	-0.03724029000062146	0.45896167578949015
MIEF2	-0.048074675888473806	0.4591704926486078
TMEM219	-0.037005289191727186	0.45921848316332725
SMIM17	-0.11548917137030124	0.4598554017773649
NAGLU	0.07047778604699673	0.4598567178760148
SYCP3	0.04269075102192854	0.4600160393720998
PGAM5	0.07039801009461222	0.4600551117391123
PTBP1	0.022522082725567216	0.46011373668457817
C9orf64	-0.04227463240288465	0.4603021944135223
LCMT2	-0.04236683233333238	0.4604512780230286
C10orf67	-0.0348247565921076	0.4605585891032244
EFCAB11	-0.05968956852380991	0.46064471540216756
ERC1	-0.04050624237844502	0.4607075362124578
METTL21A	0.08760727531892165	0.46080983340313797
STIM1	-0.02884206413909851	0.4608354845604699
MCCC2	0.03361733471052197	0.46093775883947763
ASAP1-IT1	-0.10508228959147914	0.4613300075635389
SEC22B	-0.03608955444235562	0.46139966651802083
SLC25A10	-0.0587919940845838	0.46149683387621243
FAM26F	0.12101861738095288	0.4615426006965397
LOC100131564	-0.12050873781892513	0.46170728850168397
KIAA1755	-0.11366328198057651	0.46174549983305374
SPCS1	-0.01660702363408184	0.46193179317995153
SPCS3	-0.03222387114661451	0.46193230553034303
EIF2B1	-0.03488887275876884	0.461970472312969
YWHAB	0.01435297157267712	0.46198271536003066
C16orf92	0.07151850985025021	0.4620374284704118
ASTN2	0.08390728081077548	0.46206937802853065
LAMP5	-0.169159188706141	0.462084693155335
CCDC91	-0.027123153181705106	0.46216841024348215
ZFP57	0.13042553264410994	0.4622504252161172
RP11-95O2.1	-0.09406481202944494	0.4624248817238006
INTS8	0.02788852543295839	0.4625669903543529
TCEB3-AS1	-0.0562138542349615	0.46272817916559544
CTSK	-0.1745101955457402	0.46273941553171327
RAD23A	-0.05021242731140241	0.46313454427211187
CASKIN2	-0.05720053735338304	0.4633814532319515
SNW1	0.023782347619052402	0.4634431213918279
KCMF1	0.03519066167919682	0.463517245994555
SMKR1	-0.10746160440037666	0.46390524334344324
ENPP1	-0.09001357242606467	0.46423157947746685
MSMB	-0.26577216947305526	0.46424243097338974
LINC00094	-0.07516045045112563	0.46426315560044923
JPH1	-0.06274305954073078	0.46426550509457415
CYP2J2	-0.07737040854762167	0.4643808423028198
NMD3	0.018644116165413394	0.4645711245383682
TSPAN31	0.028045810507517643	0.4646626905782913
TTF2	0.06540204991980314	0.46513314975322373
RHBDL2	0.03986548999686512	0.46534399634097795
MTMR14	0.04779144577882022	0.46545283854845076
PDE2A	-0.09171969890225817	0.4657936622957881
HEXB	-0.038715994636588036	0.46624951311738977
DIS3	0.04347807429260797	0.46651782644188033
RPP30	0.041091804766915985	0.4665492489739596
TPM2	0.12896566154949696	0.46666834404618307
SLC25A5	0.028715238151628242	0.46677856083318886
CTRL	0.179175245312031	0.4668068603765579
PI15	-0.21879566403007011	0.4668500545768927
RP11-119F7.5	0.09900615905200283	0.466870618448615
OXR1	-0.03492148273683959	0.46714746929318285
IL12RB1	0.1783039290645343	0.4672659842006732
IRGQ	0.028134297612783854	0.4674707094498501
PARP3	-0.03787493280889809	0.46771811577132905
RPL24	-0.01091836656014955	0.4677360273051095
RAD54B	0.06977987275876973	0.4678356013543037
GJA3	-0.2637475583721782	0.467878941031049
YKT6	0.052840048089599634	0.4680038336994936
GJC2	-0.03248843135965007	0.4681563730841749
USP4	0.035114210015663616	0.46816895991731466
SPAG4	-0.11467119101942114	0.46830229005760876
RECK	-0.03177718326754686	0.46840640688889557
LRRC41	-0.02580504497618996	0.4687000261488301
CDS1	0.07511863354448067	0.4687528028546159
NARS	-0.016217807756895297	0.4688073796420119
MTX2	0.037081349226824045	0.46880805814668197
UPK1B	0.1782316546848346	0.46951736056984955
RP11-44F21.5	-0.27461798354887357	0.4695648109110149
SIVA1	-0.05769075412468894	0.469667892159412
STAMBP	0.027161950127194245	0.4697980448682501
KLHL31	0.12915661340789342	0.4699796567184931
COX20	0.03700102837719221	0.47019782893643797
EEF1A1P42	0.0457145281165392	0.47041364583854783
TJAP1	0.02394619936717035	0.47058783568406093
ACVR2A	-0.037133735501255316	0.47069191061562576
MED17	0.040391058907264465	0.4707491239894067
SMYD5	0.06653227205701473	0.4708117140583523
PPP3CC	0.04401198028383746	0.4710099288656707
CRTAP	0.10138285550188009	0.4710685711377361
SPATA20	-0.07289731261716703	0.47112090887096053
WDR19	-0.05170647492606406	0.47161987825052587
LOC100128840	-0.1373189253859648	0.47167733306983806
LETMD1	-0.06187992371929596	0.47196768903414166
UGGT1	-0.037737146967415924	0.47205813242203126
GSPT1	0.03170501275688942	0.47219267086713856
DCTN6	-0.031704872562656305	0.4725400297625948
PODNL1	-0.04174268425000083	0.4725461866210668
ISLR	-0.20294071525877122	0.47293875698608545
CBR4	0.03460076588972427	0.47298960473781115
TBC1D5	-0.02980923110275846	0.4730744551603429
ZNF629	-0.03879568173809744	0.47315744799956383
RBBP8	0.047958141059528	0.47317207446163917
ZNF85	0.055647085391600015	0.4732820418942049
ALMS1-IT1	0.10514642263157725	0.4737753495877196
SPRTN	-0.03522718518859769	0.4738380147853921
NME9	0.09646644530200721	0.47407947730085487
SEC16B	0.07067820221428534	0.4741521290862511
PSMB3	-0.04791114364034854	0.4741709399403532
MYLK	0.10320620390350932	0.4745134536422818
DSCR8	-0.13348477145864557	0.4747059011728568
IFT43	-0.04776554705138203	0.4747489217950109
TRIM62	0.03876993224624048	0.47481883215175413
CPB1	0.09328078712406018	0.4749754514105143
NACAD	-0.09236976021616883	0.47510956868000737
ABHD17B	-0.051708729699248224	0.4751535829690102
POLR2B	0.021640980645356578	0.47517696656184183
ATMIN	-0.03536416161027489	0.4752767602778897
SFMBT1	0.054099856585212436	0.47528972389720414
OSBPL9	0.036421297662910135	0.4755682609049901
RP11-209A2.1	0.054811223369677364	0.4757175908379688
COG3	-0.059512688318922535	0.47583143334276123
BUD31	-0.035524989611525726	0.4761048306010134
ZNF189	-0.04783759632643836	0.476117650174823
FAM149A	0.06035681544987348	0.4761226290876098
UBE2L3	0.04181013957393809	0.47620687609825885
MAK16	0.036334317832078966	0.47624496850335274
RIMKLB	-0.03873189132832344	0.4765188316245382
RP11-124L9.5	-0.09173962947619341	0.47654670422389767
SDK1	-0.08355106877819551	0.4766996483079241
OTUB2	0.05089697618421152	0.47680252288993935
LINC01410	0.09207681761340769	0.47690030368468805
HYI	0.05073705669173201	0.47730495879539386
PTPN23	-0.07175119446804246	0.4773281778385587
KRT72	-0.036757858063911186	0.4774042127709384
RP9P	-0.040208437065164304	0.47780414123475884
TTC1	-0.03554981159649273	0.47787505519389106
ORC5	-0.04559585852130432	0.4779472633248318
PGM5-AS1	0.10795091103383658	0.47798699776580045
SCT	0.04476947653508834	0.4780320929034049
C6orf106	-0.020768195206764872	0.47812286628927086
CDK6	0.0588350740413528	0.47845817160235454
GREM1	-0.10524521519548813	0.47871581775930777
TMEM53	-0.0476921880689245	0.4788869300144364
ACP1	0.026518574649118776	0.479039585233183
PSME1	-0.034585876604012356	0.47920339275528967
FAM201A	0.054522919291354555	0.47922554506630444
CYP2R1	0.04113836950814331	0.47924940725951204
TMEM62	0.04172328983897167	0.4794191467033027
TMEM8A	0.05618084844799753	0.4796803904187189
FAM178A	0.05981361506328575	0.479772418529972
DPP10-AS1	0.11579585933145253	0.479809688570425
RP5-882O7.1	0.015923813358396544	0.47994214653928363
NFKBIL1	0.04823514079699187	0.47998070265053216
MRPL50	0.028652496710526165	0.4799988551639885
INHBA	0.06172182395363279	0.480121177729129
LCP2	0.14218150922869377	0.48012752820468374
PRSS2	0.02124967726190441	0.4801617414447922
LOC101927027	0.05794531109273571	0.480190118297508
KARS	-0.037676006015040286	0.48047001422763624
MFSD10	-0.04044364049749394	0.48073064005486515
ZNF326	0.03592270724436375	0.480747365137898
UBAP2	0.04551168014411466	0.4807867343587591
RFXANK	0.04709659697493507	0.48086120672670707
RMST	-0.1809068702211789	0.48086704855839535
RP11-385F5.4	-0.06235660881954974	0.48103939678293356
HIST1H2AJ	-0.060319915404768665	0.4810988709134777
ZNF628	0.054733783640347866	0.4812002678158493
SNRNP48	0.040875771421051255	0.4812236023070513
PPWD1	-0.03680155355513115	0.4818468845617522
C8orf37	-0.06334128133834671	0.4818597181839623
PSMA7	0.03206907152255667	0.48207900222774114
SLC4A11	-0.11381641315476365	0.4820993594900577
CCDC176	0.0599096813258182	0.4826615991915644
PGAP3	-0.04332403965664433	0.48302409849864253
SETMAR	0.04196054038972896	0.4832625571687422
MINOS1P1	0.10885232785400945	0.48333351881327535
HPS4	0.0354909826328349	0.4835693166813666
HR	0.032038961302631286	0.483600426703311
MUC20	0.1773860234592739	0.4837300589358517
AMN	0.0854672560808254	0.48383086664106206
PNRC2	-0.02170828696115379	0.4838999630659192
KCNJ2	-0.13131526350501233	0.48403324472575954
SLC7A5	0.06137952451754636	0.48411392545632326
ZEB2	0.12096665873684209	0.4844351266696387
GLG1	0.05941455908395454	0.48444447220113374
LYSMD4	0.06492076299122829	0.48445392510123
ACE	-0.06586904711403463	0.48459644385332495
EIF4G1	0.03795288657330431	0.48463822360089936
FAM213B	-0.04617422376691849	0.484675020671265
ATP4A	0.19043300981014877	0.4847433024653788
KIAA1958	-0.049300786632208826	0.4848621794988799
RGS14	0.031466958321430205	0.4850648213360072
CCDC142	-0.04589101610400892	0.48514977790777747
HDGFRP3	-0.03521903645989788	0.4851871555438091
MSS51	-0.08187206099749211	0.48525240802282893
TMEM134	-0.0628260173991233	0.48539990362609126
RICTOR	0.030131481548867356	0.4854318780396297
ALG14	-0.053750475942360154	0.48561232377369334
APOL2	0.03809236020050655	0.48578014518737744
ACBD5	0.04033428427945118	0.4860610918247849
ZC3H7B	0.0316786442782	0.4861479733531817
TDH	-0.10396613518859965	0.4861698950232725
PRKG1	0.09058761067543486	0.4862840043925142
PAM16	-0.05643142179386018	0.48644066957846716
DDX3X	0.01881724145363073	0.4865529826930894
RAB11B-AS1	-0.12319145563721534	0.48657582945336336
SRPRB	-0.04061654961153316	0.48658557492739124
NOP2	-0.06430972413596159	0.4866062292408321
LOC647070	-0.04863028552067661	0.48663560082860186
RBM48	0.06139261774248084	0.48665338775445116
TRMT2A	-0.03466053849937367	0.4867329189867947
ZNF143	0.047335617525682494	0.4867679684979598
SERPINB6	-0.044635602330828306	0.4872106777572213
HARBI1	-0.04622519786278545	0.4872194960143215
RFC4	-0.05030673414661635	0.48731537174129574
CCDC163P	-0.12444797843796529	0.4873240623207837
ATP6	-0.017745779505011328	0.48761500968279803
MPHOSPH6	0.029824449463657032	0.48785655561513447
NAP1L4	-0.036117970265662436	0.4881315403501765
GIGYF1	0.05409710658959632	0.48830190325772505
ZNF830	0.03707777370989973	0.48836858815992906
IMPAD1	-0.027703606873433984	0.4884929883889665
XKR8	0.03304183447055298	0.4886106022414993
CTSA	-0.06274100265037497	0.4887332818240358
SLC48A1	-0.04392453580451061	0.48874390120728656
HS3ST2	-0.14951278734586637	0.4887537835401413
BDP1	-0.029294342492484304	0.48897262366056354
EFCAB2	-0.15721983237656723	0.48944306718302116
INPP1	-0.030361132551373515	0.48951357128463435
GART	0.06074688625188429	0.48956155422216413
MCOLN2	0.10260414109649307	0.4898381493921169
LOC100287497	-0.07478257260213184	0.4900249962879334
AC009120.6	-0.03337459320802161	0.49004035509683486
RFC3	0.049631279467417855	0.4901868828518085
ENTPD4	-0.025868228759401646	0.4903528803651756
NOLC1	-0.034125389649121374	0.49038364187765565
GPBP1	-0.02253261540100482	0.4905387708366899
LOC102723864	-0.0591684731503781	0.4905816090604583
SPA17	-0.047064030770048504	0.4908819802538871
CLCC1	-0.033450200689847165	0.49098418901353125
NDUFB2-AS1	-0.058110621063282686	0.49104950919141793
FKBP14	0.047463179436089575	0.49139468781649964
PAPD4	0.10149156696678929	0.4914710534601072
RPS29	0.012910355501251303	0.4914899480266592
SEPW1	-0.04510667254385936	0.49149440376592723
IARS2	0.03225500763158351	0.49151616805311044
HCG4	0.10317962366039701	0.4916167484359683
PRSS3	0.06817093714912481	0.49169095951109376
TMEM63B	0.03473240677819511	0.49172901353078047
AUP1	0.038342350162903216	0.4918798697806587
CABYR	-0.06748042155263256	0.4919319452399508
ING5	0.05880575606704408	0.49205141951075004
FKBP5	-0.062232332268170154	0.4920845957257519
CDC37L1	0.04879176507017213	0.4925210378942452
LOC100506606	-0.09185070087531422	0.4925785104029622
ADSL	-0.04314846478070322	0.49281871697165136
MANSC1	0.04302015714912244	0.4932340128413532
MYCT1	-0.15567044847368372	0.4932963272051187
MRPL52	-0.0506471261779442	0.49331133583369585
KRT8P12	0.042097272778821804	0.49347208653914826
DTWD2	-0.07423361081077395	0.49361454705580593
EXD2	0.033988080847745294	0.49361900107500933
URI1	-0.040113225453632495	0.4936615953945822
NR2C2	-0.02768166481390999	0.49382457838531824
VRTN	-0.025480250048245168	0.4939250800065241
AP5S1	-0.05837801002067433	0.4939506070501505
MEA1	-0.038405015709898294	0.4940224981159628
SPNS2	0.07094040578884808	0.49410784506375854
NTN1	-0.06676927325125259	0.49420900553557295
SUN1	0.0341765371303282	0.49431839405225875
LINC00942	-0.12826352239285566	0.49434454302242287
PPP1R12B	0.07012677064098138	0.4943507502636043
STK32B	-0.11729469472744647	0.49495649055562535
CUTC	-0.03930696763032948	0.49507995708169206
HLA-DOA	0.027661759560773547	0.4953762036289414
CLIP4	-0.03997931915413844	0.4954072095971399
ISCA1	0.04041133692981802	0.4956399721209422
TMEM9B	-0.02583156729949998	0.49568786939318704
SCO1	-0.04585960025752023	0.4961101392241137
NOSTRIN	0.06486690501629155	0.4961690186263973
ABT1	-0.03758661902004956	0.4962495781543743
RCE1	0.049089754322681145	0.49643408283554374
KLK11	0.1502772934887222	0.4965436709284584
COCH	-0.038857775501254466	0.4969075166278521
RPL36	0.027777752073928852	0.49695521593476916
SEMA4C	0.04897219472180403	0.49699568164291663
EXOC3L2	0.058571362749997746	0.4970072789657004
COPS8	-0.026324998389723575	0.4975058340906735
ARHGAP35	0.026560200895991315	0.49752271464463077
NAIP	-0.11247168138095276	0.49753416496429503
ABI3	-0.06443020746052497	0.49753641358370215
YARS2	0.03543797281641403	0.49779906277013414
DAND5	0.08942908812531147	0.4978274104590379
WAC	-0.014805876121561923	0.4978884576611994
RNF216	-0.031065568231831264	0.4981625849519866
XIAP	0.03391020159774527	0.4983640849508556
ADCY2	-0.09374178576503844	0.4983915044800267
AAAS	-0.04609477915476923	0.49883011462327187
GIMAP7	0.13454678547431254	0.4995585457660038
ALAD	0.04876079427506497	0.5000419222954038
ZFAT	-0.05570859485275648	0.500228519714586
NCAPG	-0.06753489204197738	0.5004422358022217
TSHZ2	-0.0958153862149107	0.5004684753938106
CECR5	0.044235466640976995	0.5005786901295173
SHISA4	0.04399692261466104	0.5006072028661653
LOC100131262	0.08921422371365928	0.5006166415651179
WDR41	0.12248095566667061	0.5007946810799445
ANXA11	-0.042849183226818965	0.5008684188054068
ISM1	-0.16263452379636956	0.5009297780104272
CCNE2	0.09994967293295698	0.5009409743247744
PHF20L1	0.04989565017919695	0.5010363222604574
PTPRZ1	-0.105404300554512	0.5016287811946895
HNRNPK	0.01338978968045268	0.5017520373657866
MPLKIP	0.03511734278759704	0.5020076355134412
CLNS1A	0.03829554966165105	0.5021616193836654
FBXW5	0.05683477119987046	0.5025177336004524
ZNF8	-0.04736202750626539	0.5027268103033161
RER1	0.024352835946118034	0.5033998076242288
ZNF519	0.07599512860839486	0.5038702946907472
FBXO45	0.04679020313408522	0.5040790537574356
WDYHV1	-0.04223919816792332	0.5042838713065972
AGAP6	0.044829745950502264	0.5043235483957026
MSH2	0.044648310347119136	0.5044123422620611
INPPL1	0.03390165143797219	0.5044151465797927
ATM	-0.05287370883458564	0.5044269781087489
CNNM4	0.03515770076942193	0.5044729734664984
TNFSF13B	-0.10636461909962325	0.5044735915130708
SAP130	-0.03277739309711869	0.504773228662491
CDKN3	-0.06295760820426022	0.5058600797235882
CUX1	0.04985272901879334	0.505988343446167
LOC101927653	-0.22469705947744334	0.5062109947160454
TPD52L2	0.0463780894172956	0.5064005536003329
GFER	0.04679267725563996	0.5065193808750797
NGEF	0.07172263456453987	0.5065433263565841
RTN3	0.017933428258139372	0.5067100927005899
PHB	-0.0549498796748118	0.5069544520328514
ABHD4	-0.05044223459085284	0.5070335967775206
FGFR1	-0.0285536706954872	0.5071066131052123
TRIM28	0.0431655756083984	0.5072708568608534
TASP1	0.040843678979950226	0.5073770897886899
AKAP17A	0.039756249499999896	0.5075106821457618
SLC1A2	0.14657878629511245	0.5076219766965018
LOC102725022	0.026686573261906155	0.5077929690267767
IL7	0.07505450288721871	0.5079380878457554
PARP8	0.04300788354887075	0.5079431754980238
EGR2	0.11239394726002416	0.5080027320735905
PCCA	0.03613557940414047	0.5080649979560552
DAPK2	-0.05848644687280391	0.5080853713405012
DENND4B	-0.028410925770675277	0.5080886169794812
OPA1	0.04384616815225506	0.5081718073287584
APOC1	0.17535448791541164	0.5085047162716086
CHCHD5	-0.05008927831391574	0.5090827666328692
FAM104A	-0.03400914674811162	0.5090853794616199
SLC39A4	-0.062150020339599266	0.5091971527389826
SH3KBP1	-0.07573499587092769	0.5093758930499588
MRPS25	-0.026644298414781886	0.5094937521298325
DDX46	0.03133117093357818	0.5095269467099238
RSF1	0.0479250737907293	0.5096416030889629
NSUN6	-0.06029019887970044	0.5097948161795123
SLC52A2	-0.03978840408083073	0.5101072397369228
TIAM2	-0.04243450543233607	0.5101523426830809
MAN1A1	0.0653541777318356	0.51031546961373
CROCCP2	-0.05922150400125936	0.5107667184433186
CADM4	-0.08761773726504174	0.5109274088113801
ZNF213-AS1	-0.08142329634586432	0.5109991440410788
IQCD	-0.060717259310779426	0.5110265971911274
GGTLC1	0.10273870216917569	0.511157870437819
UBE3C	0.03026256307017583	0.5112296694860627
CDH2	0.06877849498997435	0.511290038155273
NFE2L1	-0.028021611065161878	0.511336679272739
GNB4	0.09220256304699248	0.5116768785339391
POLR2J	-0.04108013595864257	0.5117255325249794
FLT1	-0.14529481984210513	0.5117816521892588
RRP8	-0.04150530850751899	0.5117939299518459
FAT4	0.07840299441729393	0.5119818495738043
CCDC102B	-0.17121376548621736	0.512072239633073
NUP54	0.03573483221240714	0.5120977978824174
PUS3	0.05156498492481454	0.5121416747493013
ATG4C	-0.058416857843361036	0.5121427395173455
RAB37	-0.06904429436904813	0.5121677414135755
DNAL1	0.06687025206140262	0.5122035963362188
MAMLD1	-0.05674958066791902	0.5125777335371196
UNC5B	-0.11619825749624013	0.5126447366827432
DCPS	-0.056970706671052085	0.5128211023746686
ZNF17	-0.08365717330263056	0.5132956714896661
CBY1	-0.03705867537844476	0.5133151297967058
SSBP3	-0.03764518266290651	0.5133739309862363
SAE1	-0.025878346647873585	0.5134924485873148
CRISP3	-0.36269287517481086	0.5136563904443266
RSG1	-0.056682366835218545	0.5137036289663951
SELE	-0.22980855478132778	0.5137333485486403
TNS1	0.04899445724937479	0.514172367049217
SMU1	0.03242959035150328	0.5142233781459765
GOSR2	-0.04131330474686479	0.5142433413625627
PUS1	0.052044162375310954	0.5142977199589805
ZFR2	-0.08459164663471075	0.5143919130886749
NR2C1	-0.03816448565790331	0.5144083431990225
POLM	0.04718028589661749	0.5144150618669733
CIDECP	-0.0874847389718072	0.5144178199624647
GTF2F1	0.03791244228320956	0.5144326215944764
PAFAH1B3	0.048367922997497814	0.5144832474107787
PSMG2	0.023703180476186247	0.5145057018474767
IL11	0.16688517096491218	0.5147906189765084
RABGGTB	0.03849900442982346	0.5147930424507808
SMUG1	-0.04956834440287583	0.5147966736396893
RBL2	-0.0375673873458684	0.5148226695169558
GPN1	0.04980305275689645	0.5148758594640497
TBC1D25	0.04438860130200162	0.5149084737041578
COQ7	0.03820460101378487	0.5149894370905072
SUGT1	0.030623142982451057	0.5150321560791338
ZFX	0.036189882142858565	0.5150530296339532
ZNF826P	-0.14049834388596416	0.5150629250191763
FAM195B	0.05603324586716596	0.515246420452249
SPOCK1	-0.11815054565539107	0.5152893339026863
LRP4	-0.09440696043483143	0.5155215522243565
LOC283788	0.09696228367982407	0.5156616055717357
ODF3B	0.0836524626672972	0.5159746667341687
LYSMD3	-0.04406144928132427	0.5160310396812986
MAP3K13	0.030863246479949424	0.516376494247543
C11orf68	-0.05312552880576682	0.5164358088867634
MDM4	0.05676503693734425	0.5164573366096677
GRB2	0.03790712107769245	0.5168526928839863
SRCRB4D	0.031181032229323336	0.5169015419004437
NUP214	-0.04255147923058189	0.516947813319173
RPS25	-0.007034425964915769	0.5169575273436083
ACTR5	0.04115527651128126	0.5170699963427129
LOC283177	-0.03796326035714337	0.5172508324121156
PCBP4	0.040941195868420266	0.5172642810180493
PCOLCE	-0.10542390183584072	0.5172697019033057
DDX27	-0.03177672884272553	0.5174626578955153
GPN3	0.031317856697995694	0.5176607465339607
PDCD10	-0.034654552700496666	0.5176699336243727
TXNDC17	-0.040497805814535326	0.5178165043241811
C19orf24	0.05399329916165563	0.5179343182220526
PIGQ	0.03612115550751849	0.5180366132592743
RPL9	-0.008299187487466497	0.5183400777392423
PLOD1	0.06122754040726264	0.5183518875369623
CTA-390C10.10	-0.10180612801253286	0.5184081880355361
PTGR2	-0.09393213884586249	0.5184950386315439
ZNF503-AS2	0.06787481438283294	0.5185820188504039
ANP32B	0.021096944291977948	0.5186704023847694
THEMIS2	-0.05467177113346011	0.5187306864377494
HAS2	0.1423739916228044	0.5187444548328417
HEXDC	0.03485853061027999	0.5188244563602514
S1PR3	-0.10757199206453283	0.5188280657036338
DHODH	-0.08285791987217817	0.5189021797421969
DNAH17	-0.02973611644110452	0.5190736581972778
SSPN	0.08123967687092559	0.5192814786888426
TAL1	0.15994335346992195	0.5193127966683616
ID3	0.053064953757518296	0.5193469445319844
TIAL1	0.02427218144110377	0.5194866549211713
FAIM3	0.056647817819547086	0.519500140673309
HPS1	0.05575118207769414	0.519523923903832
MON1A	-0.051574801499371326	0.5195376168597434
UHMK1	0.021758016516288947	0.5196110863161247
PPIG	-0.025375979197992393	0.5198647645710528
MESDC2	0.020701285870927677	0.5200984622076319
DTD2	0.034052943602759456	0.5204261165892369
AGR3	-0.1864220178577689	0.5204287737300414
ARL4C	0.05314741542605894	0.5204953937448508
ZMYM5	-0.07152997308082565	0.5205862523026108
PLEKHH1	-0.03286023265663829	0.5207323800280264
SLC3A1	0.09720451684023246	0.5208639909741448
COPS7B	0.026440769459274094	0.520895573872231
CES2	-0.03337926160463489	0.5210505971874143
CCDC88B	-0.03444818710964981	0.5211581011839351
GUF1	0.0441409998753155	0.5212346079637143
TMEM105	0.028657104780699605	0.5212523777028515
ANKEF1	0.04517607311152716	0.52126998122743
MLLT1	0.04808602616290791	0.521390978744862
SMG5	-0.044207161072055356	0.5216335942632303
CELA3B	0.12745964220990125	0.5216932862383936
CSNK2A1	0.030806995344608623	0.5218640333149849
SLC50A1	-0.053543816266291344	0.5220388726800601
GLI2	0.06396299734335997	0.5220731213916792
AKAP11	0.047234051567041746	0.5222388241050935
PNLIP	-0.061274093922307316	0.5222493826514819
RAD50	-0.04082506459774571	0.5224808153080543
IK	0.022217479348364932	0.5226432848491588
ACSF3	-0.027710437670426025	0.5226556853734943
HLA-B	-0.04047626766917922	0.5226571945804898
RARB	0.09149110435088215	0.5226659642864037
CD109	0.14259219164035297	0.5227173334605678
ZNF229	-0.055927491723056555	0.5227482398610063
KDM8	-0.04821363791102762	0.5228586341802994
ZC3H8	0.04341552872681653	0.5229440164299668
TCFL5	-0.05032369168421269	0.5231830433171122
LOC101928988	-0.10825244898684172	0.523322478841845
JRK	0.04698710657079985	0.5233448487862974
ACTR6	-0.029943651271301164	0.5233653396747352
GPC6	-0.1508925236553882	0.5237032356919552
TWIST1	0.14342633138220595	0.5237410100458945
WDR24	-0.047683035069549184	0.5238048836310126
GTPBP3	0.04240841358395997	0.5238755171329811
GCC1	-0.025789380087717362	0.5238951570719456
CSTF2	0.04000384207581398	0.5241472816645918
VPS51	0.06081969380889696	0.5243325303393079
DHFR	-0.06348947772305458	0.52435861707926
ZNF354A	-0.04192396601566628	0.5244137725055494
EMD	-0.0419679996986293	0.5244815247312796
ZFYVE16	0.03074140097117528	0.524732376601681
C3orf38	0.05650597054761697	0.5248649061706061
RP11-469M7.1	0.049037600921051805	0.5250081949869295
TBC1D7	-0.04597577670739739	0.5250317458778037
SEMA4B	-0.04719843857456141	0.5251033198337932
SYNRG	-0.027137038302010197	0.5253666907640796
TRAPPC5	-0.06374106572369165	0.5253787021376369
PTPRCAP	-0.03772463103132928	0.525437083916536
PIN4	-0.03184719657894952	0.5256519761910023
ZNF333	0.06097447490288488	0.5259499821031711
CENPC	0.03935018386654754	0.5260055268586883
NUMBL	-0.040810280285091594	0.5261693290509188
CDC42BPA	-0.03409242798495882	0.5269327655342054
TNFAIP8L1	0.10707923923934537	0.5272058118836817
LAPTM4A	0.021523621271928306	0.5273293596823255
LOC101928837	0.051567671140351656	0.5276706579399882
RP11-247L20.4	-0.04633014477443709	0.5279887677117365
NAV3	0.07765988720551853	0.5281953462628413
RP11-301O19.1	-0.13130801970989925	0.5282534765918696
DNAJC11	-0.04290828434336724	0.5282774891595905
ANGEL1	-0.05182292107581432	0.5282789447018778
CFDP1	0.03570886660401129	0.5282961859272078
SURF6	-0.04503088547869716	0.5283311188086579
WDFY3	0.04467996177255884	0.5284692658408839
COL8A1	-0.2586114985050152	0.5284975508210001
DMWD	0.04534394744486381	0.5286055993400892
GSTT1	0.3378021636478703	0.528646127500077
C10orf2	0.062214258205512074	0.528659998681465
CASC5	0.16290840979385912	0.5286856074721612
SAP30BP	0.0494941518778198	0.5289792106559585
SERPINB9P1	0.28077007402569	0.5291087039922187
METTL25	-0.05513922954260764	0.5291136275773167
GTF2A1	0.03637039052631508	0.5293023303513242
DCTD	0.0495114531259393	0.5293270761372577
MGAM	0.11994727349060241	0.5294721981488303
MGMT	-0.06901408244298324	0.5295398753967278
EMG1	0.05081107223182535	0.5297919564510621
GOLGA4	-0.02872121899749125	0.5298545058071396
HDHD1	0.07226229945300489	0.529864055745499
NAF1	0.0411456713377234	0.5299183328425147
CDC34	-0.06754257734273317	0.5299327005677279
TGOLN2	-0.022526432142852215	0.5300122672187724
GHSR	-0.18356011862719335	0.5300317104631678
TTC32	-0.05349985747744235	0.5301216397019965
NOSIP	0.06696831213032617	0.5304065967470594
PRDM5	-0.05834845187155224	0.5306041816244136
TP73	0.02584609132894755	0.5306421683087595
AP2A1	-0.030681211403511988	0.5307884521118127
STXBP2	0.05302939369737025	0.5310396728160541
LONP1	-0.050956357107141415	0.5312152908852911
PEX16	-0.03724774101879369	0.5315509097309445
CDYL2	-0.05892351539599261	0.5315743459717351
UQCRFS1	-0.02216772587092919	0.5316700783971366
DES	0.02929804118358348	0.5318351372997567
GANAB	-0.023133321393480344	0.5319914283251105
CYBB	0.05949402005200621	0.532041837187937
NPC2	0.04223204697994909	0.5321335600730797
TIMM10B	-0.03786357045112787	0.5323468289160475
ST3GAL4	0.05221458310463856	0.5324523347110717
NEK3	-0.05029362237218571	0.5325845750230943
TNFRSF21	0.021474690670427066	0.5328733611037624
MFN2	0.045633700114661835	0.5329931327106588
ASTN1	-0.1833591626572666	0.5330238659211303
WDR52	-0.06884055539911937	0.5332091577184935
TIGD3	-0.036780671020052225	0.5332286380656757
DPP3	-0.05703947308145807	0.5332949494375917
KIAA0391	-0.08946563554135256	0.5337162469066475
LIMD1	-0.028377885615286758	0.5339052586344432
LOC101928762	0.06570661850312653	0.5339493305167319
RLF	0.039451622993109225	0.5340794067931613
RIPK1	0.027117763612155343	0.5340875805580728
UTP11L	-0.036685328933588224	0.5340950302338244
IGH	0.026451377670426268	0.5343173434576196
SIRT1	0.04420135583959883	0.5343320141704659
BC032415	-0.0917924954398508	0.5344649267788816
DAGLB	0.06065604668420921	0.5345799553102871
ZNF260	-0.04162551796992631	0.5346696987017673
MRE11A	0.05563773303320474	0.5347273835600017
CFI	0.10188247623558944	0.5349220585565359
ALG1	-0.04295485115288322	0.5350656504273041
ARAP3	-0.08687384285964672	0.5352326290289817
TCF4	0.07100007553257193	0.5356236135701623
LARP7	0.022312404332707203	0.5359082514955217
ALKBH5	0.02689035166666187	0.5359474089944932
DOK1	0.03478785674623808	0.5361347831851249
LOC101928076	-0.04767768887531787	0.5361486306977619
EIF5	0.015463907167918123	0.5364758797755619
COPG2	-0.04906812049373421	0.5366682036993826
RPS27A	0.00941853424811967	0.5368428876594086
SNX21	0.062451270532580594	0.5372482825552861
IFT172	-0.04943871951503809	0.5373608704726902
CNOT4	-0.023918962569549507	0.5373628114178564
FLAD1	-0.04221384196115352	0.5373861803966988
TMEM132A	0.05339623877130073	0.5376956165448912
NT5M	0.025387797045741678	0.5379272451512938
MAP3K4	-0.035139632558275125	0.537939985864842
ZNF702P	0.06561540005889555	0.5379760675435236
NR2C2AP	-0.03773494056453508	0.5379857136380488
TYW5	0.03615159633834075	0.5380974590661616
TTL	-0.026242306629070455	0.5381123766523913
ETF1	0.031588371271929816	0.5383627721141175
TLN1	0.048666384980579735	0.5387089639706492
LANCL2	-0.03353720367293356	0.5387703093296466
DDX17	0.019709430357142566	0.5391200536183329
PTGS2	-0.14961764055889581	0.539325763808537
LOC100310756	0.04700282920300758	0.539570079565965
EHHADH	-0.055735814080200896	0.5396751502128764
PTBP3	0.018072927969926766	0.5397069364718067
TAX1BP1	0.024751828245614504	0.5398763576884479
ZCCHC24	0.07878623078571856	0.5400594974206846
FBP1	0.096318823865289	0.540155561051345
DIS3L2	-0.0346608898502474	0.5402288606686927
MORF4L1	-0.014869369285710476	0.5402846332099321
C17orf70	0.030081971728697532	0.5403719432262645
STAB1	0.08073439062656362	0.5406632350841021
ATP7A	-0.03682950459899814	0.5408671126545107
DHX38	-0.03951492865539041	0.5409121583199703
BAX	0.04797085871490836	0.5412386344841641
SASH3	0.11039138413721883	0.5415695273565321
G6PC	0.19192616864285572	0.5421018435844435
E2F1	-0.04105130457581385	0.5423386648745055
H2AFZ	0.013764936616546208	0.5423715480966613
C9orf78	0.02481217331077623	0.5424027862809149
APOLD1	-0.0762668094147827	0.5424149934041387
LINC01144	-0.05856495777631565	0.5425621407521565
DNM3OS	0.13971233735463517	0.5426396356600829
MMACHC	0.05066833101503665	0.5429932779250042
SKI	0.0732220083684183	0.5430830228480964
STXBP3	0.03246384119235657	0.5431693760667684
CCDC18	-0.04955015435965393	0.5432629034043847
SMPDL3B	0.07449019307080107	0.5435639530016346
RBM6	0.07409119024936928	0.5436371862144934
C4orf19	0.06847139275125436	0.54368965635673
FGFR2	-0.03297675129699407	0.5440599720939587
PLEKHM3	-0.033364485578951886	0.5441510156984686
LINC00623	-0.020436254993734693	0.5441640300868472
IL18R1	0.08731913783270784	0.5441697702854966
RP11-326I11.3	-0.07157252984461238	0.5442721964471144
MMEL1	-0.053814709740604094	0.5446215670582641
TGM2	0.08309104785902477	0.5450204737072768
HPS6	-0.03920736261153124	0.5450605230552744
SMPD3	-0.07737466153070294	0.5450834308690602
TSR1	0.03475768423621517	0.5453222419961518
NRBP1	-0.04876021134273323	0.5454319173050389
KCNC4	-0.05186457823057644	0.5454466406369458
GPATCH4	0.051002658906641685	0.5454712767472923
TMEM138	0.06997801986466357	0.54575259677132
TMEM192	0.06687465043107466	0.5458194361625398
PET100	-0.035165767293239725	0.5459016373813759
PIAS4	0.054945899555757904	0.5459182397288084
PACSIN2	0.051024462052634334	0.5461920138129533
SLFNL1	0.10498940211716778	0.5462524453265436
TARS	0.020733752192985122	0.546373585709717
KAT7	-0.025648219580197917	0.5464313828241277
FAM173A	-0.03300973006453756	0.5464452281982402
CPSF3L	-0.03882206100125263	0.5467593883481621
SEC22A	0.040578999927319614	0.5468322631663408
ZNF202	0.04667470688408493	0.5469931572604789
TMEM120A	-0.05380978643985301	0.5470266385231547
MVB12A	-0.06449749109962166	0.5470538118387369
IPMK	0.041490641334583245	0.5471994644544169
CINP	-0.05269841581641632	0.5476436025357801
DHX29	-0.023448668264416384	0.5477261029791864
COL5A3	-0.1375002408809518	0.5481564453025627
UPP1	-0.05852743741039923	0.5481808592348161
SNAPC2	-0.026857306219925547	0.5481848459013224
MMP3	0.1699439523276869	0.5489544691566641
CR936796	-0.10057768838784753	0.5490978910022538
CLTA	0.029458594135338245	0.5491896332884205
ATP5D	0.04160785773245479	0.5492161945508238
COLQ	-0.038063457728072514	0.5494210021493218
ZNF568	-0.06470434346804677	0.5494269890632336
RASIP1	0.08365457411967547	0.5495982840379631
TAB3	0.03272028357393886	0.5497576916692448
HEPH	-0.16449715074185622	0.5500460131008805
C10orf54	0.0722853407337114	0.5501277133201243
AGK	-0.021380493817039437	0.5501464033988755
PSG4	0.24602659478132693	0.5501559596957556
LOC101927752	-0.04931525991227925	0.5502622124764656
LGALS1	-0.12480701278758843	0.5502879828932264
DDX39A	-0.053554553353380996	0.5503767932507475
COASY	-0.0291803541265665	0.5505104696576993
ERG	-0.16069568928445843	0.5506096640184023
MKL2	0.01928200204260655	0.5506254755519943
HCLS1	-0.12415109466416041	0.5507406663711818
MCRS1	0.04137967136528964	0.550917175872001
ASS1	0.10135025504511219	0.5509888716064846
TM9SF1	0.047334196035718534	0.5510382162253579
LOC441461	-0.1085305736328328	0.5512389327180636
RP3-334F4.1	-0.034875725204888575	0.5513443071705139
TRAPPC2	0.04806417459649559	0.5513459143500815
TMEM218	-0.036854547990600395	0.5513577825031835
ENTPD1-AS1	-0.03886564515413493	0.5513761982021784
TIMP3	-0.14346173778195315	0.5514571181052855
C5orf27	-0.08618590715977437	0.5515249635474572
PAN3-AS1	-0.06864004890037823	0.5516454896765157
PIGH	-0.045314170320802205	0.5521280642396631
PKN1	-0.0433446526691732	0.5522979139843244
UBA2	-0.02900960031328026	0.55235575026174
ANKRD11	-0.029510575996235744	0.5524629597716364
ZNF764	0.03698686893734404	0.5525168409343145
CYS1	0.08317906825877142	0.5525828194005249
MMAA	0.055497881586463294	0.5527955412890925
TOP1	0.03458934630952726	0.5529164033603066
RAB23	0.05277797074248092	0.5530296314935841
FAHD2CP	-0.05447707194485929	0.5532702861705461
BOK	0.05464331191165339	0.5533613399040728
PDE5A	-0.06037932828508197	0.5534069584181316
TDRD3	-0.039933332181705694	0.553430653517786
LOC102724967	-0.056673331572681285	0.5536669282739615
DYRK1A	-0.01335671320802767	0.5536772028552596
RERG	-0.09197449354573983	0.5537403965954201
LOC101928560	-0.13791479959899888	0.553962027067525
ZNF140	-0.025211032769421493	0.5539685476056854
URGCP	-0.03459690379009572	0.5540327816169704
C11orf58	0.022757640545110647	0.554131781605389
CHAC1	0.07913970136716841	0.5541440471410636
BC022047	0.05340819107268402	0.554179290210207
UNK	0.035259860303886725	0.5542037556817346
VAC14	-0.04236002757518875	0.5542964983256684
GPAT2	-0.10977581270363412	0.5544726048737565
CATSPER3	-0.07310455408395988	0.5545011695354872
CPNE8	0.04880566875814729	0.5545237441002547
CPEB4	0.03416793019549402	0.5547056422458924
PHF21A	-0.03435319354010069	0.5547933019473904
PROM2	0.10490918511152536	0.5548056077851814
PDPN	0.06918451918421109	0.5548997655494594
TALDO1	-0.035308499774439284	0.5549841891819097
UBL7	-0.037738749502508995	0.5550081602500978
GLIPR2	0.060168002405388776	0.5550720067677273
BLOC1S6	-0.02546670413533647	0.555347985882476
YRDC	0.04250501624122727	0.5553998975711687
FGFR1OP	0.02345948862092584	0.5557656810532936
GK5	0.0420281162017524	0.555874460901271
ADIRF	0.10435029514035321	0.5559700035506479
ALB	0.14272158059210938	0.5559864748437142
PARL	-0.026339812449871047	0.5560416369511408
PHLDB2	0.03230135020050007	0.5562008955208271
RILPL1	-0.032925053349623035	0.5562576294789556
RPS9	0.024551086748120454	0.5563281926924202
ZNF383	-0.041234338068292686	0.5563460379823513
PCDHB2	-0.11631211050188117	0.5564754830014558
RALY	0.04850890254260776	0.5565722504248222
FCGRT	0.06011835618107497	0.5566990107945781
HOGA1	0.11787906891541233	0.5567615856360719
FOXP1-IT1	0.044277616906643225	0.556920622294365
FLJ31306	-0.042962218842733435	0.5571080628474251
CLCN3	0.02597273755012708	0.5571381348531269
TBC1D8	-0.03608336496366249	0.5576807802872835
APOPT1	-0.037809157667924254	0.5577569980359879
ARMCX5	-0.031600250518799555	0.5577914558376262
OAT	-0.04798075958646564	0.5578532111758602
NAGK	-0.031237798651005733	0.5581131479444134
C11orf73	-0.02627129959899044	0.5581182784522338
NCAPD2	0.03594553644924048	0.5586187455828414
EIF4ENIF1	0.025431121763157094	0.5586893113367593
AB488780	-0.0576019143176687	0.5586911378788283
PPP1R8	0.022604154348373484	0.5587525383353685
SORBS3	-0.04586860863471287	0.5588647377729411
ZNF529	-0.046307520758150034	0.5591397012646473
SCN7A	0.14098700598746827	0.559147989715144
ARSJ	0.07791880465099954	0.5591858274994187
HGS	-0.0703235874298258	0.5591863054782262
RBFA	-0.041981152411654676	0.5594587519022036
USP46-AS1	0.07139214071866906	0.5597068492280903
TSPAN33	-0.0724298898276956	0.5598926857937618
DECR1	-0.025900570996236993	0.5600475173846615
REPIN1	-0.028031082268171303	0.5601277578551417
TMEM117	0.04573050030576553	0.5605652155975469
CAND1	-0.022823524053885436	0.5607665629391523
METTL7B	-0.13369438544235646	0.5608116782476721
CYP2C9	0.13035355576128005	0.5611317831903709
IFIT5	-0.03498814150376006	0.5611796602698074
ABHD13	-0.046008361003134546	0.5613234375441808
NR1D2	-0.02257092746240552	0.56133227438632
PLVAP	-0.10368181252192876	0.5614674168584604
ZNF592	0.03344100716353715	0.561488501274278
ADAT3	0.047122148716791656	0.5615149843668681
UNC93B1	0.036633761697993705	0.5615324738609339
CRAT	0.055950318486839734	0.5615945845818976
APRT	0.04124312534962904	0.561682427072127
DVL1	0.03502707728195631	0.5617255210950206
FAM84A	-0.08086278862844765	0.561832367836673
WDR91	-0.040627453355259746	0.5621573056531627
SNX16	0.07355042417606938	0.5623220925364234
AK6	0.024658015921053433	0.5625160696868736
SCYL1	-0.02820484497430442	0.5628127233809725
DHX32	0.0661252158953669	0.5629990108960211
MED14	0.02627078708833963	0.5630030957430154
SMIM3	0.05607650899060168	0.5630088779161837
UBL4A	0.03534527270175225	0.5631313296482646
ECE2	0.06649267749185572	0.5631905541201119
INTS3	0.04566536311466329	0.5632159265658222
C19orf33	-0.11799340444423656	0.5632857460762094
ZNF512B	0.04487383138722123	0.563350175025321
CRAMP1L	-0.027566686514409078	0.5634281416620269
UBL7-AS1	0.0706374489504995	0.5634348110461471
FZD4	0.056782225384086615	0.5635724960773121
TAC1	0.16666938221366134	0.5638404486968672
DMBT1	0.2029096078458661	0.5640233326147642
MAOA	-0.04483893639724279	0.5641147664935492
UBE2T	-0.05277386066040357	0.5641998484418105
YME1L1	-0.01962036906641451	0.5642061128532828
FAM189B	-0.03759673778258055	0.5643014298903551
SRR	0.03938273367230849	0.5643563765371414
MFSD12	0.042420063154759546	0.5644136926827529
PHIP	-0.0191341701002532	0.5644331713194615
GIT1	-0.03825848776253693	0.564521673330624
ZSCAN22	-0.04782721572932047	0.5648289754866704
SOCS7	0.027085218302007164	0.5649313306257817
PNLIPRP1	0.1323877505914801	0.564967711980114
RAB6A	0.06902984302568882	0.5649729354674546
NANOG	-0.0965305386629094	0.5651504195330141
CHERP	0.022278007299497915	0.5652350227662755
FNDC3A	0.03626064736215362	0.5654224092419349
C1QB	0.1330128007938578	0.5654229482171503
RNF186	0.06469533734586808	0.5655551775662145
KPNA1	-0.020811970620300713	0.5656259824843697
METTL10	-0.03915162494235602	0.5657207666866455
CTHRC1	-0.13242918007455806	0.5657581616409493
ODC1	-0.06433905817293528	0.5659450144919957
C19orf25	0.026579153513158538	0.5661619660662356
RPL15	0.008780025388468005	0.5664022200854802
HIST1H2AC	-0.04891174474937543	0.5665270030191479
YBEY	-0.05195655404886779	0.566541894407606
MRTO4	0.056281175865915856	0.5665543034257414
AEBP2	-0.02281088641165141	0.5666857188353759
ZMYM2	-0.019207893872177806	0.5667113005096771
SPDYE2	0.04707204661904729	0.5667261500407174
SLC25A16	-0.027733159373433125	0.5668185258219892
GLCCI1	-0.07833381635151149	0.5668420330249371
PRR11	-0.03778040825626583	0.5669978331892706
SCLY	0.046741741139099346	0.5670856043102867
MBTPS1	-0.024543869616538316	0.5674458084550721
FKBP4	-0.04396789567856807	0.5676744294880606
SLC24A2	0.18443949781265623	0.5679124106327936
ADH4	-0.02117509558584274	0.567967504129996
F2R	-0.0935501821748117	0.5680894293251929
ZBTB9	-0.03369116436152808	0.5683076350978701
GALE	-0.050980530612152464	0.5683349005258396
TMEM161A	-0.03774262812030038	0.5686739343627819
FRAS1	0.07445276504072673	0.5687643307684327
CRIPT	0.03383948192919917	0.5687924608534881
MRPS2	0.04694928001191023	0.5689091563449896
TSEN34	-0.02654944300187978	0.5689091669604418
PLCXD1	0.06842620363721608	0.5690007340029772
LUC7L3	0.024178415557639	0.5690562676893549
TMCO3	0.054739334746239265	0.5690989032451009
AK090844	-0.06303916191290604	0.5694217086699784
HOXB7	0.12757257056453586	0.5694523184910285
M6PR	0.038391893375941066	0.5695467596756355
CAPN12	0.07723835520050226	0.5699219931641083
SNX11	-0.027624446639721967	0.5700712951065767
FGF19	-0.18446996860714293	0.5701356089637427
NR2E3	0.03983232692105254	0.5702179211049211
HIPK2	-0.02813706407894756	0.5702606204458053
MARVELD1	-0.06873166990350477	0.5703981884582947
CCDC23	0.06485973623934527	0.5704903575686442
COL6A2	-0.10826539069173258	0.5706352277210274
PRPF4B	0.0214931363909745	0.5706675475242418
HLX	0.04405995386591499	0.5708498397028907
YTHDC2	-0.03179473839661817	0.5709133292483907
PCDHB16	-0.06265011706140378	0.5714870381565221
MT1F	0.058157185664168054	0.5716117838091714
UBE2L6	-0.06210723807707019	0.5717605992802154
RELN	-0.11355714869485833	0.5718996341618051
EDEM2	-0.028695865419173572	0.5719228133447021
BCL2L1	0.03382789550125409	0.5721879850813296
ATAD2	-0.056224755770678314	0.572416271692121
COL15A1	0.09665136895926985	0.572655412958018
TSPYL1	-0.022422847531327506	0.5726779794044272
SFI1	-0.02377867726566052	0.5726905831495601
FAM13B	0.027877418639096874	0.572832501149757
SYNDIG1	-0.16043448563283214	0.5729496816092502
RNASEH2B	0.04681732807769379	0.5731045464127653
PSMC4	-0.02789979286966826	0.5732856059811526
POMZP3	0.10526345544110072	0.5734361849790757
CHAC2	-0.07039561390475946	0.5737529115235805
MTL5	-0.04309504123558572	0.5738068164735763
ITGA11	-0.026794526156015408	0.5740472772477474
HLA-F-AS1	0.04124405865225178	0.5740537251191788
FAM49A	0.07258862021992396	0.5741354158732189
ACTR8	-0.02795879737406004	0.5747937696226255
F5	-0.10324641486842001	0.5748133682971595
TRADD	0.03926573983396331	0.5752398659586606
PRR24	0.04965353911842563	0.575267810781573
LINC00685	-0.05801659661841896	0.5753281468616044
IGBP1	0.053656401754384575	0.5754363819012882
TFDP1	0.029016510494987102	0.5756578946619217
CCDC9	-0.029264487385966653	0.5757327328968811
AP4B1	0.0452767985883451	0.5764734264278477
ZNF585B	0.05872014904010037	0.5765409496066072
SPARC	-0.11673605944360865	0.5765631243359416
POLG2	-0.03046286202193116	0.576845030975964
ERCC8	0.038668614505008136	0.5769597277881635
ZFYVE19	-0.037782218072061724	0.576981941041972
ZBTB41	-0.03845887381265811	0.5770832756911489
ASB16-AS1	-0.09146174662406104	0.5773038592548975
MYLK4	0.07766595627192885	0.5776328249908568
VPS4B	0.02270491706767075	0.577987567339062
SZT2	0.05984999609837072	0.578083255381743
PEX19	-0.032757508595860685	0.578352114396091
MPP7	0.05154855492418342	0.5784118138541952
FAM71A	0.028746304983080506	0.5788128868008958
TNFRSF13B	0.022638460408521688	0.5790578956799431
ATP5G2	-0.039171644398495076	0.5791415300735276
MTRR	0.034638786115285924	0.5791802038365415
USP1	-0.023469909818301105	0.5792197780424352
RP4-773N10.4	0.03746972626754275	0.5792989093579841
WNK1	-0.023299573904761672	0.5793103896468815
REEP1	-0.058349968354013626	0.5794142745368778
LRPPRC	-0.029383504999993093	0.5794233836038464
CDK1	-0.14956184673747064	0.579499755166149
MZT1	0.026062594110277004	0.5795013683038365
MAP2K2	-0.042364114104008976	0.579612689919984
CBX6	0.018699795050128643	0.5796992906947769
PSG7	0.17574769768044884	0.579801088123109
RP11-48B3.4	0.061368109591480646	0.5798058409671432
ARHGEF11	0.024824139402880974	0.5798274691237432
SFTA2	-0.11125741718232884	0.5798814701046562
PBLD	-0.06318992268232648	0.5800370132267675
MMP11	0.09063615678508619	0.5802574654109994
BAMBI	-0.04344522812719376	0.5802683072722347
FUCA2	-0.013523707994986367	0.5803125278957914
PPP2CB	-0.02117767142857474	0.5803645873200954
HOMER3	0.032316770239977366	0.5803858795067797
WAC-AS1	0.03743373344737044	0.5804661337468614
GK3P	0.06888256376440882	0.5805935333468488
METTL4	-0.03427972524310441	0.5808990369109
LOC727820	-0.05661102160024711	0.5812530696232537
SLC39A5	0.06499723450501627	0.5812636828835424
RP11-173M1.8	0.042804927665414993	0.5813607909059016
PWP1	0.02788832386591622	0.5814405122895001
CCDC138	0.07503665984461438	0.5814919328714887
PLRG1	-0.021635280958642866	0.5815004426512366
LRTM2	0.023308481296994366	0.5815338506918345
C5orf24	0.02576103076441072	0.5815764380629026
DND1	-0.030189600366544056	0.5816625287352228
CHAF1B	0.04328364640037563	0.5817091148887822
RP4-545K15.5	-0.06043385194987483	0.5817709377037587
STAG3L4	-0.053227990176690554	0.581791923608556
HIST1H2BC	0.08528678536528655	0.5818030522601977
HLA-J	-0.04858270844361101	0.5818825882539131
PEA15	0.020578969135337744	0.5819370564751764
LOC102724814	0.06227292092543646	0.5825305080307056
MPG	-0.04150500017668968	0.5828544302090823
COMMD7	0.026141260908520536	0.5829238264581568
SMIM20	-0.037107052286343034	0.5829994550420572
SVEP1	0.08280430564035068	0.5832365591015249
LINC01191	0.05349691764974818	0.5832801031146593
IFT140	-0.040413553484961895	0.5834598858701235
GSDMB	-0.08292420041666482	0.5835254289870304
HMCES	-0.02097799300376124	0.5842190153769982
RP1-20C7.6	-0.05408460286027861	0.5842386135205015
ARRDC1	0.04271946946491045	0.5843894379056912
STX10	0.036963950662278755	0.584929761491788
BGN	-0.12356963021679057	0.5852030633391492
CD83	0.07449272460149992	0.5853067445457758
HEXIM2	-0.03563316775564207	0.585517844027824
BAAT	0.095253512307643	0.5855248267277654
TMED4	-0.027085683953634643	0.5858372313898554
SRGN	0.09215487703822411	0.5859731806257372
NBR1	-0.02287102937969543	0.5861460849934929
MRPS35	-0.025602325194242326	0.5864784861598327
COG2	0.024858684141602083	0.5865264512992407
DHX37	0.034054423053257565	0.5865341580666987
RPS5	-0.033024545338344424	0.5865467911683298
FAM96A	0.029854182637844673	0.5866579784926951
C12orf75	0.04596861342856862	0.586723416312162
SLC26A2	0.035540029005010965	0.587008221130063
KLHL28	0.053662466372179196	0.5870566245913946
BPGM	-0.031357885562654175	0.5870673833800066
WDR72	0.1824333842048862	0.5871043445159773
COPZ2	0.10264840343985071	0.5871734866487771
SLC30A1	0.04179850503759752	0.5875776962525237
COA4	-0.03601962922305546	0.5876378382932608
HSF1	0.03445050424624263	0.5876703702036702
ASPHD2	-0.04812423278696798	0.5878691330283048
EXOSC2	-0.045392874465539634	0.5878778931757369
ZNF275	-0.05055502414975166	0.5878925761424242
PCK2	-0.03540680450501199	0.5879027389782602
SEPT7P2	-0.05679620313721845	0.5882763018174167
TCEAL7	-0.1535440545927358	0.5883318600823995
RP4-647C14.3	0.04869856463533839	0.5884093750743591
PCNP	-0.01701628644736708	0.588446927892164
NAGPA	-0.037848110766291576	0.5884564698983826
DGCR14	-0.020636788729323285	0.5888346386959246
ARHGEF17	-0.05246717227569242	0.5890180872568223
RPL11	-0.020633964705510266	0.5891752519228259
INO80B	0.05073707612656708	0.5892013597986532
ENTPD6	-0.04048902533082632	0.589287836955299
NR3C1	-0.03284964098809162	0.5893170803258033
TRABD	0.039706171176062455	0.589478539384491
LDB1	-0.037436784047620186	0.5894865206218463
ZNF606	-0.07369845759586013	0.589903340420859
MACROD1	0.05829569290601455	0.5903548049027744
REV1	-0.026280943832084347	0.5903618543736436
NAA40	0.03313164486842268	0.5904274683509699
NPHP1	-0.06400512983019802	0.5906233364361052
PRKAB1	-0.032625435798872005	0.5906244882586525
GPATCH8	0.020532658884715005	0.590682452389241
GAS5	-0.0538448979110262	0.5910783628714699
MED16	-0.04556318481829358	0.5911017704442659
BC069739	0.07015850756766895	0.5911381188338942
C9orf9	0.05547933329949917	0.5912199506843849
NUDC	-0.03130060406641633	0.5912337434032431
DOCK6	0.03304967358458821	0.5912389759487905
THOC5	0.04258617013470811	0.5914617724939171
EPB41L4B	-0.036163821347118486	0.5915024197417981
GTF2B	-0.025862292092732275	0.5917222571114303
TXLNG	-0.03202025641290618	0.5918440469132136
SNRPC	-0.028955674523185593	0.5920118681245009
PLXND1	-0.06608235247618843	0.5920417079394837
CLEC2B	0.08750402499373244	0.592242773957247
IMPA1	-0.03009610092732018	0.5923318492169568
RP11-403P17.3	0.046717825684833514	0.5923765065362628
UCKL1	-0.03834673050062953	0.5926103985576736
CSF3	0.11724876678947194	0.5928249586841479
MB	0.07290126763596572	0.5929329129057245
LZTS3	-0.038255244118419185	0.5934126684790094
ANKRD17	-0.03572038300250391	0.5934609448486453
PROS1	-0.06599941802631193	0.5935042614755491
ZBTB46	-0.054206577179197524	0.5935511063207197
GLA	-0.03864856407769679	0.5935534200856423
ADM	-0.04971180072054793	0.5935798550766904
DTNBP1	0.02899181796177963	0.5937336622143832
BIRC7	0.024320237021305147	0.5937954819606789
ZNF16	0.03980341095864581	0.5939222784405638
KANK3	-0.04592079574310759	0.5941657866361104
KIAA1598	-0.01461264446115429	0.5942135860212622
ING4	0.03212130603007779	0.5942881092935984
TSN	-0.016760226372172227	0.5945454716035802
LRRC61	0.04216116535588821	0.5947090749569724
EMP3	0.04918357096930315	0.59503242524467
LOC728819	-0.06571007041102916	0.5951972628926315
E2F6	-0.029137997602129317	0.5952003654172597
AHCTF1	-0.035770143984960256	0.5953203064996354
NUP88	-0.03359515720927497	0.5953206607073516
BUB3	-0.015568944718049593	0.5957457168601373
SLMO2	0.026189762142861284	0.5958290110476798
RP11-50E11.3	-0.04268509869486081	0.5959364689682928
MTR	-0.025900713018174315	0.5961855640582208
RECQL4	-0.03075707842982567	0.5962022003898292
IQCH-AS1	-0.05075770639285615	0.5964321811701252
PANK1	0.055839430662906864	0.5967990696773634
CNTN5	-0.13747669547556374	0.5968638120188162
MTHFD1	0.03228986236904419	0.5976341715322618
EDNRA	-0.13142021752067734	0.5978356620566626
FAM110A	-0.03252647022994992	0.5979921019313031
NHLRC2	-0.02722557776315604	0.5980495463958991
FBXO18	-0.02833357873308273	0.5981706309554463
ZNF814	-0.04950886728133064	0.5982085658485853
IMPA2	0.054461320448622175	0.5982121533703406
FAM101B	0.07891090921303423	0.5982445516365927
HOXA3	0.13659086586653757	0.5983232017142365
PXDN	-0.1160090297192955	0.5983913730983312
MRFAP1	-0.011948112913538367	0.5983994772339779
LOH12CR1	0.07227924075626824	0.5984737921075706
AL928742.12	-0.027728927155390437	0.5986424561630501
ANXA7	0.023625310839598512	0.5986446260796175
SFSWAP	0.04668745337468572	0.5988558852294429
ATF2	0.025509551228072525	0.5988580976043034
VPS9D1	-0.03511202961403548	0.5991320580770673
VBP1	-0.018630454548866027	0.5993163169826831
CHD6	0.03151808543860213	0.5995086236093361
ATG9A	-0.030143976687346807	0.599951596665173
POLR1B	-0.03368605546679149	0.5999610412218408
AP5B1	0.060817635838343875	0.59997409136075
PAXBP1-AS1	-0.06689798534649327	0.6001594746099398
XPO1	0.012198811234334528	0.6004180805421677
APPL2	-0.031939837960523576	0.600426333401489
KCNE3	-0.11309793784335831	0.6007938494527725
PDIA6	0.013893184680449977	0.6009407831856393
TCEA3	0.09881766728571684	0.601037574365193
GMFG	-0.07940946451001984	0.6011197777553516
DDX20	0.029686779515659012	0.601187034572922
ARL14EP	-0.027880259567668375	0.601308354390056
WDR31	-0.03960020065100167	0.6013090779277561
DUS1L	0.044930943999373696	0.601377714153074
RAB11B	0.10267610486403456	0.601392127559197
STX17	0.025793852350249225	0.6016104365873994
USP19	0.03185505896679253	0.6018718309927826
WDR66	-0.054894484095865614	0.6019234416260195
FHOD3	-0.08447460751065083	0.6020535974806778
CPVL	0.11117790141165518	0.6024314616594572
HINFP	-0.035094422063913555	0.6024418410655858
TMX1	0.027129128038852812	0.6025666668692458
PLAGL2	0.030129154185464913	0.6025915422978461
IBA57	-0.04427619106767011	0.6028329910522017
MLPH	0.06320099876879759	0.603105413500416
USP14	0.019436224812031	0.6032090334020299
ANK3	0.03454200449874634	0.6033464844161992
NPFF	-0.04053612176942778	0.6035199681227286
UAP1	0.02051094216165339	0.603693340327381
OBFC1	0.04134334637844539	0.6038997386520616
IFI44	0.08547984883521487	0.6039004061315335
ZNF282	0.04475854124812084	0.6041250626033979
PSMC3	-0.05649106251441083	0.6042182605521004
CDK2AP2	0.044315269184840744	0.6042588344057105
PPP1R36	-0.05085553066603943	0.6048279972712622
RNF26	0.029195450675436163	0.6048622117756016
LCA5	0.04454882380764502	0.604907343475019
VIL1	-0.059849245753129665	0.6051025155210026
C1orf52	0.03270217606579173	0.6052348208328124
SIRT7	-0.024930864588343482	0.6054242635891061
ZNF677	0.048905638924187755	0.6057846711943407
CTR9	0.02714674871553946	0.6059907956427886
LOC100289333	-0.02610448966729173	0.6060589052125389
DARS2	-0.03437667644485831	0.6065324717951438
CCNB1IP1	-0.03128169816416104	0.6066500750340104
CTB-31O20.9	-0.03240155475814621	0.6067072253577919
SLCO2A1	-0.1097278623327087	0.606784465435853
ZFP37	-0.053390744978069726	0.6069407081308029
RAN	-0.03364118941102312	0.6069537537435982
IDH3G	-0.03482072251503787	0.6071299697880419
FLJ11292	-0.04050308677443404	0.6072074236590806
GARS	-0.03280709580827157	0.6075162124726657
TSPAN9	-0.0421230641835848	0.607517338558249
CPA1	0.07416997572682149	0.6076718982677568
SIGIRR	0.040401514760651125	0.6077832916834336
TFEC	0.1158612702662909	0.6081928547056883
TINF2	-0.027558797843356686	0.6084541642672747
BANF1	0.03387444293045583	0.6091525156524026
EIF4E	-0.017373715676690438	0.6095776664498929
BAD	-0.04003884963408311	0.6096334062786035
RBM15	0.01809552869674036	0.6097993216571577
SPOP	0.022277327122177226	0.6098510159993167
DST	-0.017953243020050635	0.6099811461198255
SERTAD4	0.059090508058897484	0.6103129398932905
PRPF39	-0.04861769257707138	0.6103728653243524
HIPK3	-0.013977277681703981	0.6105548617009339
DENND1A	0.03352985171804157	0.6107762713605607
SLC41A3	-0.0335403971228061	0.6108515310959061
HLA-DPB1	0.11448210774122813	0.6108694786943187
PRPF4	0.027342900721805563	0.6111012934518307
LINC00476	-0.049009012187344325	0.6111213167438689
TRIM27	-0.03979494236591741	0.6112652852118668
C2orf69	0.028472080883453543	0.6115441369140991
RAB1A	0.012773650833331374	0.6115577560641206
PITRM1-AS1	0.059901803628447325	0.611739489271964
CCDC17	-0.05664933679824813	0.611861376296256
LOC100289092	-0.07414979230827345	0.6119009600429114
POLN	-0.025534559278194813	0.61201181510547
VSTM4	0.057899175624056554	0.6120825375322604
UBXN11	-0.04433474900501544	0.6122035882498148
RASSF4	-0.05645721152004768	0.6122216838554203
SHMT2	0.025065555814538953	0.6127855195480727
PLEKHM1	-0.02810713998496439	0.6128842991909096
GOLGA3	0.018735039674181664	0.6129873632577384
AIF1	0.10044635107080424	0.6130259058095824
LINC01207	0.15669801171240927	0.613371596511946
EIF3I	0.03708502120927193	0.613429223579861
TIMM50	-0.033973635477439146	0.6135949431653775
ZNF627	0.020975331419798238	0.6136448783529559
CTD-2541M15.1	0.0883566730764418	0.6137020132377798
CWC25	0.03898497063909723	0.6137789473754615
EIF3J	0.03315184719298614	0.6138923810919745
HS2ST1	-0.02361090062657034	0.6139076308462247
PDZD8	0.032481564354634784	0.6139691329609153
LOC221272	-0.03732591209899905	0.6146049163351572
LENG9	0.04283268407769558	0.6147013963551088
DCAF4	-0.03538177905764428	0.6147907512638936
CAD	-0.04313137888471008	0.614956395224592
EDC3	-0.02727680674435895	0.6152076151166795
RERE	0.02053835100251078	0.6153103673106305
ZNF239	-0.039499450301381245	0.6154524430010557
NUP85	0.024580065354637526	0.6157710250078494
GOLGA5	-0.026315543240603034	0.6158124792602117
PLEKHO1	0.04179662851503707	0.6158574840087017
NIT2	-0.024975504122807024	0.6158856813032846
ERBB4	0.09947831342982738	0.6163709272273366
CPSF4	0.02723191501253197	0.616409207086908
MMP15	-0.038902659053887234	0.6164759952031482
MARVELD2	-0.015385491992478961	0.6165531581053703
SPOPL	0.028641965528819924	0.6170063586857826
TCN1	0.19570088109022166	0.6171139289188436
CD5	-0.09450429355137757	0.6174541947736231
A2M	0.10363230160651504	0.6176072088879286
TNFRSF11B	-0.0697017638809534	0.6176803828498934
ACTL10	0.020295145964285055	0.6177162391997469
RPL27	0.005872809022561043	0.6178769465544336
SLC24A3	-0.08303098979887213	0.6179027205044244
CRYZ	-0.024074713508765555	0.6180817197589339
RP11-471B22.2	-0.05692653961779648	0.6183097592920413
VCPKMT	-0.031905041644110455	0.6184437022682873
FAM155B	-0.03896775124811924	0.618648888742949
OPHN1	-0.017649422788219127	0.618745649981898
ACTR3C	-0.05109358886278237	0.6188652465769754
LOC101930067	-0.1371973039887182	0.6189681300117176
SNX15	-0.03694642554636651	0.6190959666928367
ACPT	0.021178233625939846	0.6193896538287433
SEC24B-AS1	-0.061615209491856504	0.6195129448250096
RP11-539L10.3	-0.06844314712030108	0.6197735878482167
TSPAN8	-0.0986256996365924	0.6199528073658034
DIDO1	-0.021626764479954375	0.6201310509385919
PAAF1	-0.02867808723809695	0.6201815458488115
FOXJ3	-0.02132023981203446	0.6203955356155889
GNAI2	-0.03536774854010005	0.620480908045723
PABPC4L	0.09151084602381143	0.6206234633860045
NES	-0.10637088904448877	0.6206290986834443
TDG	0.015544894649124785	0.6211963687465167
HSD11B1	0.11860019317105142	0.6213010147449737
NDUFAF7	0.023610114155381723	0.6216246043482816
TATDN1	0.03460884670425557	0.6216814085079984
PYROXD1	-0.032683831923559836	0.6217359959275345
GSDMD	0.03651564875751223	0.6218580717804477
OPTN	-0.040391714868423634	0.621978211899675
TTC9C	-0.026533613744989637	0.622461839350121
ZNF593	0.05091579371428878	0.6224832372797336
BIVM	-0.02786513329448681	0.6225704642275436
RCN1	0.013950311710528851	0.6228786394259508
PFDN2	0.023573096372180302	0.6233304969765218
NT5E	0.07511752372931646	0.6233674096577585
CSRP2	0.05856380297681518	0.6233681921254033
SNRK-AS1	-0.05083452750250572	0.6235544831855651
LOC286052	-0.03096753271992725	0.6235585795272648
EIF2AK1	-0.015952680444865308	0.6239084114990435
CDC5L	0.023785276963664614	0.6239208766067305
METTL22	-0.03252669863032587	0.6239619548209271
PRLR	0.044739287780700465	0.6240691216524684
ARIH1	0.014712481817035439	0.6244407113849628
BMS1P6	0.057485538656017354	0.6247359655802586
CEP44	0.02725951084335776	0.6247554160803788
KIAA1429	-0.023361361895988253	0.6248000840274912
CTSF	-0.04986341486779722	0.624910170301241
PGBD1	-0.03846982466791893	0.6249764893100548
ESCO1	-0.017098312474933763	0.6251624927576455
PRKCQ-AS1	0.04616518397368807	0.6253594572556276
RASGRF2	-0.08265551827694395	0.6253981140584403
ERCC4	-0.04385161487405931	0.6254290707596618
ZNF35	0.03675459650376389	0.6254386628041055
COL3A1	-0.08339139481202906	0.625511576207266
PLXNA1	0.04877585506642035	0.6255345981349051
CHRAC1	0.03006425364787546	0.625596557315776
MIPEP	0.0372445525657934	0.6257381179355224
ZNF398	-0.029256297353384753	0.6257923547390278
HS3ST3B1	-0.07522439399498992	0.6258189360273925
NOA1	0.04159066626817065	0.6258612175194608
REXO4	-0.03665359510024757	0.6262295615778827
RP11-5C23.1	0.031460303046989324	0.6266189700069291
NCKAP1	0.01979990709273416	0.6267106716386786
LOC80154	-0.041331956697989725	0.6267484093619362
WDR78	0.06893392130012455	0.6270469248219114
ND2	-0.00997956615287876	0.6270814752984801
GSAP	-0.02763087471867287	0.6273144284329325
GIMAP6	0.1380988627562667	0.6274027068802613
EPHX1	0.04617359954824707	0.627607783565611
PURB	0.040564231630327185	0.6276185221598056
PPP2R5A	-0.028997481760649535	0.6277259121465526
PSMD12	0.03549633380952599	0.6277725903095585
OXA1L	0.02496072058270471	0.6278062641377682
PPP4R4	0.06084819217919524	0.6279218816357686
CCDC58	0.10799903990476167	0.6279765301952734
FOXO1	-0.019093632800752047	0.6280935425192458
COPA	0.023252392530702437	0.6281030564724296
LRP1	0.09242141968546491	0.6281968116029428
CCDC137	-0.05052158021804942	0.6283247617672064
DENND5B	0.03901494371177883	0.6283318339289943
PMF1	-0.035817471246241794	0.6283671399197291
KRTAP5-AS1	0.14476038418671688	0.6285180540909312
SPATA21	0.022998666296363268	0.6285405795757809
SLC2A4RG	-0.048967426690476046	0.6287203860747056
TAF15	0.03252277545425741	0.6288155294875676
STX2	-0.024661262804514195	0.6289197363110823
PKIG	-0.03657578919172799	0.6289869448459656
NUP155	0.03012736064097865	0.6291448115993172
FGF1	-0.08799309105764586	0.6293749524975552
PCAT6	-0.050041039525687836	0.6296448508508298
CAPN7	-0.04738814263846969	0.6297665266449756
ZNF160	-0.024995532835216494	0.6299979846603961
PRDM1	0.07938099197493642	0.6301256173060812
EIF3B	0.04236638687406291	0.6301415094289166
RPL12	0.017600847938602726	0.6301582241585535
OFD1	-0.024815530087721527	0.6304676377438327
MCAT	-0.03200222032017663	0.6304834989059663
ZNF587B	0.028507237003758235	0.6305775813970381
ZNF311	0.0736111866785718	0.6305828741404144
TMEM109	-0.023699288190478285	0.6307096406288603
ZNF124	0.04639546423182672	0.6307725222550996
C14orf119	-0.027811501416039164	0.6308227539979976
CENPU	-0.046764074598367955	0.6310306409859432
C14orf166	-0.01634183424185487	0.6311655654623001
LINC00657	0.017968396284462784	0.6313178506099727
SLC40A1	-0.03918829712406158	0.6314883000938831
C1QTNF4	-0.025349108521298014	0.6316873267757478
HLA-G	-0.04014636375876712	0.6319260192471453
KLK10	-0.13434397757518912	0.6320453364498212
SPATA33	-0.04277386077129819	0.6321459313850889
ZNF3	0.025937152260022245	0.6322336717994758
ODF2L	0.040595084598368913	0.6324997986872234
SEPT7	0.015752688577695295	0.6330734777180843
PDCD5	0.03222822208584297	0.6332405341300685
TDP1	0.045677333924185604	0.6336543333389452
NUP50-AS1	0.03442236333521098	0.6337336634644961
C9orf117	0.04744597131767403	0.6338479447092045
CIR1	0.03155489819360646	0.6340493240323173
ANXA1	0.07110014295426303	0.6341296455218627
ZNF747	-0.030570265006263142	0.6343388200290957
GINM1	0.030627370302626744	0.6343488402340739
SMC3	0.023696538966165193	0.6343741031755462
USP24	-0.021641473099004216	0.634457635475471
PSMD3	-0.041262634602757586	0.6346823437067345
RAB11FIP5	-0.029530315860277767	0.6349251480982536
GNB1	-0.017237562969928177	0.6349937612118788
SOCS1	0.08213166201503519	0.6351267730765674
EXOC5	0.021347438441098987	0.6352105632518031
YWHAG	0.015854210319551143	0.6352894731570334
GSTK1	-0.031279325281953874	0.6354498598946774
LMF1	0.044949478793230746	0.6355887750456574
CIDEB	0.04518932948183085	0.6356199127508515
ZNF514	0.04640060618421149	0.6357649521345312
KIAA2013	0.027096345438593517	0.6358290812716921
ARHGDIA	0.039247534140349316	0.635838265796363
ATG2B	0.027256030364659622	0.6358389730421881
ORAOV1	-0.03822479743546481	0.6359489445773252
HESX1	0.05129495028759301	0.6361197263092903
RIOK1	-0.027147537200502114	0.6362332098817796
EIF2D	0.0319710301271936	0.6363703840120163
SS18L1	-0.0242391793483705	0.6364639452034101
LYPLAL1	0.02387364540100556	0.6364865242057589
PIGR	0.09425246061403492	0.6366056539807324
ZDHHC2	0.02808499382831897	0.6370587389196091
C15orf62	0.024711758140350426	0.6371447950670065
ZNF696	0.03514017103258027	0.6372497067671226
TPSB2	-0.09513526829197883	0.6372855271002835
AK9	-0.04754473361215705	0.6374625480340601
THUMPD2	-0.032769480313284305	0.6378198758177369
LINC00926	0.031598186380950466	0.6378619006929089
DCAF10	-0.026732135905389143	0.6378863786469062
ADRBK1	0.032605054186087834	0.6379556769389078
LOC390705	0.024830141540100215	0.6381778255540695
MAF1	0.03254242664536555	0.6383862157269505
NUB1	0.019729503370928825	0.6386379645993306
ZC3H12C	0.032517965776943214	0.6389384495115242
PRR26	0.047903831968045374	0.639248864888475
ST6GALNAC6	-0.023703954845237796	0.639257245075691
ZNRF3	0.029063491570804345	0.6397282847471757
AC005224.2	0.04570095526503781	0.6398272895028927
PDPR	-0.048695392261908665	0.6398334105380638
TPSAB1	-0.08161738021929477	0.6400575201050587
TM2D2	0.016413174010025955	0.6403210063897313
FBXL6	0.03578228412030082	0.6404313417639489
NPTN	-0.022549039968668083	0.6405104884917118
HARS2	0.02314645023621864	0.6407190879717349
CNTRL	-0.03625378873621621	0.6407578524740312
AF198444	-0.19977028967731947	0.6408759238065935
WASL	0.011768556228073379	0.6412041231780866
C2orf44	-0.03884721973872374	0.6413463004774141
SPATA1	-0.053814792983709836	0.6414243406624434
UFSP1	-0.028626808073935806	0.6414891210712504
DUSP7	-0.031242888820797177	0.6414968848595033
CD300A	0.11093418198934835	0.6415954561135342
RP5-894A10.6	0.042406401703633634	0.6416094824244442
JOSD2	0.04404920839223081	0.6418557979699038
LINC00667	0.026647051964909352	0.6418654762950459
ROCK1	0.011354117593988633	0.6420583494343507
PDE12	-0.017221810000004112	0.6420867884775112
MINK1	0.024714630707395102	0.6421571238980072
GSG1L	0.018602767830202538	0.6422317210152712
PTPRO	0.010980185494981143	0.6422386080363527
DYNLL1-AS1	0.05307233076190432	0.6422395747073784
FBXO44	0.023447417939853388	0.6424087515926769
RAVER1	-0.030893635815795406	0.6424304835031646
SCARF1	0.06072701732643804	0.6427434971272221
RPS24	0.006318730087716773	0.6429710385825043
ZBTB5	-0.0275349437305783	0.6431743881711549
C14orf142	0.048658772055769184	0.6433267876608619
APOH	-0.11271737664912607	0.6433721553752263
RAB7A	-0.017674495068927598	0.6433927162615382
PHYKPL	-0.037442157921676156	0.6434919176925431
AKIRIN1	-0.036470425506889725	0.6434979983620963
NLN	-0.0263103746152904	0.6437094557889401
DTNA	0.024405168289471035	0.6437144644741215
POLR2E	0.041777882515667386	0.6440170384655629
PJA2	-0.026739976156642697	0.6440244401533227
NCAPH2	-0.025956750390978556	0.6440408308528524
NUBP2	0.022316079550128265	0.6440750361898719
CDC42SE2	0.018644896190473048	0.6443945130348656
FZR1	0.029566096587716473	0.6445683432669544
LSM4	-0.02770870391604241	0.6449757569725633
DET1	0.031064282310151903	0.6451464437192078
ZNF197	-0.02505701538721894	0.6452800494732307
HIRA	-0.03390940309460966	0.6453322775586596
ACTR1A	0.016924855068923605	0.6455887578398958
ST20	-0.019402596184210807	0.645924164450919
RUVBL2	-0.03551098803258235	0.6464417848978136
MTOR	0.019920511834582655	0.6464765459988071
RPL23AP53	0.04004137599937252	0.6465091502961073
HOXB4	0.059536851853383865	0.6466698951877319
COL27A1	-0.060621710813913765	0.6466954306418481
LOC100049716	-0.04619992978759413	0.6467032432548979
BCL6B	0.07901931249874483	0.6469252383123654
NKRF	-0.030011943360277016	0.6476005331762785
KRT15	0.060521692404760685	0.6483800144836093
PDCD2	0.02818714911654574	0.6487369618567718
ADPRM	0.038048899901001576	0.6487577559950244
PPP1R1C	0.0491646910632797	0.6489524982517779
CIC	-0.0342109417155374	0.6491586154737795
E2F4	-0.026172757294490978	0.6492794145752937
ZFP1	-0.02810274332957441	0.6493462939775805
CDKN1B	-0.02918296877569304	0.649425413464936
SLC39A3	-0.03747745313658957	0.6496582724577732
LOC728730	-0.045020361359022765	0.6499308937902409
RCL1	-0.03586306775000203	0.6500109393573692
LRRC47	-0.020813392518801876	0.650094220968646
PTMS	0.04955518563346217	0.6502393900454031
CDC14A	-0.029725514164791633	0.6504784614854864
CEP112	-0.040692898777567876	0.6506987949285853
LOC158402	0.054556829904134574	0.6507397047531176
FBXO21	0.016817944636589033	0.6507980537117235
SULT1C2	-0.11976402677005193	0.6508325675185622
ROBO3	0.04233940916290635	0.651407383939531
ZFAND4	0.0331742804410986	0.6514356694171071
TLDC1	-0.03056987730137628	0.6514762805592439
XRCC5	-0.015098569248117144	0.6515686310267944
RNF130	0.020279032236844685	0.6516681172121771
CLYBL	-0.0336207546184184	0.6518555620603864
CBX4	-0.03086776675563918	0.6522028802933807
CORO7	-0.03132973276002904	0.6522747698608088
PDE1A	0.0983802570162906	0.652333858108406
POTEKP	0.022643637459896837	0.6523344461781784
RNF7	-0.02778282087092876	0.6525184301551132
SPATA18	0.05784622138784101	0.6528994144821302
CLDN18	-0.08611052409586151	0.6533564414906775
PTGDR	0.08134526467356018	0.6535707254461705
ZSWIM7	0.045957790805763565	0.6537311689110243
TEX261	-0.023568880908525713	0.6537868934137017
TERF2	-0.025695555243107293	0.6539643486075527
TRUB2	0.025547827169173587	0.6541738020837999
SRPK2	-0.025501499198000488	0.6543808161296669
P2RX4	-0.031709304652883574	0.654509612933618
LINC00982	0.02959236888847183	0.6546177312879176
CYP1B1	0.08097383458020069	0.6546180236045058
CDX2	-0.05539153284586629	0.6549851384153278
MRPL13	-0.023015021264415125	0.6550636466532461
TAF6	0.025910600496240832	0.6551006917706175
COL6A1	-0.07848265493609219	0.6557329374768427
AC005606.14	0.032786684734961824	0.6560001736035865
MAFG	0.03141556521678801	0.6563261000877754
SPESP1	-0.09449316449059975	0.6563832875241278
MYOZ3	-0.020465227000000752	0.6565024652383472
FTH1P5	0.01386650338972295	0.6568242925605294
SRP9	-0.014117738728074869	0.6570184399800835
STK35	-0.01684553820802215	0.657156943844635
SRBD1	0.030998563790722855	0.657181440578377
SDR42E1	0.03558218769924615	0.6574336395739173
TDRD7	0.020342668794485874	0.657662722455133
BRPF1	-0.03009424513220793	0.6579264654987811
C2orf43	0.0369117794567666	0.6583493455457764
EBI3	0.05739038459210555	0.6585422921179046
CHTOP	-0.02066579988721884	0.6587486178765206
PTK2	0.012045234335838373	0.6588608371268311
ZNF518A	-0.05468427613346272	0.6590642477066917
NT5C3B	-0.02496998939411199	0.6593658164552524
HNRNPH3	0.016697741083962825	0.6593719165270688
EPHA3	-0.13966648577130236	0.6595679522336669
G2E3	-0.039779089333960016	0.6598336662099464
ZNF771	-0.02378708227067694	0.6598630826212829
HLA-DPA1	-0.10681527353007603	0.6600006426016644
IZUMO4	-0.017419163367169865	0.660018041863179
NUAK1	0.03628038312656656	0.6600268435461221
HSPA9	-0.015375553013784682	0.6600546446905158
MFSD2A	-0.03736501767293543	0.6605437756094111
ZNF438	-0.039832566529447	0.6607000038540011
LOC100288911	-0.05754911096866877	0.6607822478551132
MRPS22	-0.02295896256265273	0.6611805720743372
ENPP5	-0.044437934442985494	0.6613581972587348
LRRIQ3	0.08992343026566463	0.6614244961277745
SERPINF1	0.1081584088402252	0.6616917087682839
COMMD4	-0.034098615895988615	0.6618353668295821
ZNF598	0.041448400519424666	0.6618487206193644
PDLIM1	0.027367060175432556	0.6618617920493558
HIST1H2BE	0.04710954404323431	0.6619119680691303
TBC1D31	-0.030788061588347126	0.6621183212950463
ZFAND6	-0.011647604467411199	0.6621541216955372
PBDC1	-0.017936739743104724	0.6621915738945172
SOCS4	-0.019554358527567928	0.6622490959656541
ZDHHC6	-0.014767853832077904	0.6625678826196453
ZNF205	0.02111344541416127	0.6626172349060194
DIS3L	-0.030864065968668086	0.662664483674163
MROH1	-0.034337276466166244	0.6627224800344941
TMEM99	-0.036572533659148476	0.6629784472314872
ANGEL2	-0.019749169352131446	0.6629938749652963
KLF9	0.045584643214285236	0.6632803463691455
PEX11A	0.03811534103320824	0.6633684071526104
TRIM26	-0.02521802465350831	0.6634026486325753
RP11-395B7.7	0.024054875139725596	0.6634428067370797
CENPO	-0.05271260183521331	0.6634598594347368
NAA10	-0.027362579862154846	0.6635083724868142
CA9	0.10626811913282985	0.6636055113635015
STOML2	0.02829719727255231	0.6637076551351826
VAV2	0.019747296176063855	0.6639838669289798
ARMCX1	-0.02546197268170758	0.6640354851426277
PAK1IP1	0.02943249898808986	0.6640481478713295
MCU	0.02073470844172398	0.6640861810846301
WDR81	-0.029334471651005778	0.6640930159885232
DDX51	0.040281392820802786	0.6643995893843045
APOL6	-0.03181528682957335	0.6644444138633322
ZNF81	0.05210788138157785	0.664542063433584
RNF13	0.017867127650376347	0.6646764712855532
SLBP	0.025327372651004154	0.6647198726231671
CDH5	0.08405015840162733	0.66474476837644
TAF1D	-0.042148127857768	0.664759697162061
USP47	0.016033838646613674	0.6648498062956116
PAFAH1B1	0.025736120194238765	0.6648555016018164
AXIN2	0.04737664862593505	0.6648610226250778
DAP	-0.03304073678195607	0.6650108582245055
CTIF	0.04817143553884762	0.6653462454448309
HEYL	0.04823699906766876	0.665394695387161
C16orf93	0.027795919459899565	0.6654419956969718
LOC101928100	0.11490088541980015	0.6654713746832015
DLEU2	-0.047759991989344996	0.6655417692945924
TACO1	-0.01835632956829336	0.6656976659876306
DCAF5	0.025526367569552733	0.6657410332054174
CNNM3	0.03729257107142736	0.6658055929791712
PTCRA	0.016797897306389586	0.6658644729537292
ANKRA2	0.034915991486219156	0.6659092201347925
ANGPT2	-0.0692413667625269	0.6659807528712128
UVSSA	0.03208147426692243	0.6660814515073944
RP11-350F4.2	-0.029399461794483273	0.6663002060004766
PRELID1	0.030786262744362247	0.6663950011963554
PSPH	0.03657810252819438	0.6664611817399285
CELA3A	0.07751028629073176	0.6666844457515585
TICAM1	0.031858326731205366	0.6666957474775541
IBTK	-0.014891147875935928	0.6671035132010527
RPUSD1	0.030400889389096797	0.6671714210753188
RPS6KA4	0.04363580342356066	0.6671818991782621
CROT	0.0276805485745637	0.6672624020003111
MTFP1	-0.04140996765037741	0.6673901915281084
ROR2	0.060690849325814256	0.667524030041725
FIP1L1	0.0186038977318308	0.6675366883644821
SLC5A6	0.027305089129072257	0.6675558683766031
CACNA2D3	0.07049966156767251	0.6676456295908194
BMS1P20	0.030954725852129883	0.6680652000626582
CNBP	-0.01114666752506821	0.6682202788162215
GNPDA2	-0.03182400093421123	0.6683764434512336
ANKFY1	-0.013256543630332018	0.6683979439516302
RBAK	-0.02964125943483964	0.6684943226625367
SH3GLB1	-0.022265748320801748	0.6686275963174138
ZBTB6	0.044349720516294155	0.6686962949441093
FLJ11710	-0.020143876641604663	0.6687851085676383
CENPN	-0.04019406408521675	0.6688588984100694
C1orf112	0.03484218801504024	0.66896981997314
VPS13A-AS1	-0.022094449362156432	0.669107710467254
SUPT7L	-0.021314965350876847	0.6692909095186498
PAQR7	0.03689795583395927	0.6693944081296236
RNF40	-0.030822176610900698	0.6695689174423454
TXNIP	0.05594849445300909	0.6695776169406142
LINC00537	0.021447975401629904	0.6697195375546818
IRAK3	0.08054808192168217	0.669965894979857
ARHGEF1	-0.028603414359649193	0.6700060067830444
ATG4B	-0.023929987043231904	0.6700125833369875
UGP2	0.02109134885338726	0.6701033158935052
C1QBP	0.023456841096493264	0.6701097469133794
AGER	-0.026434149869043466	0.6702379318519583
SUV420H2	-0.020665529487469136	0.6702443540504396
SNAP29	-0.032751878884081265	0.6702612940245676
PITPNC1	-0.02726284711780025	0.6702964465034871
BAI1	0.025203408585211307	0.6703425576955357
ZNRD1-AS1	0.08711772214473434	0.6704239788198596
IRF7	0.04641898345989759	0.6706241088548526
DMXL1	-0.024610272770054564	0.671019102707045
MED12	-0.0288474763558888	0.6711711589574237
PPM1D	0.025742203595866542	0.6712601348887866
SSRP1	-0.027055068567673146	0.6715526206908647
TCTN2	-0.036392950408520974	0.6716503639933552
SNHG17	0.04859787687969508	0.6720300735025307
CEACAM19	0.04136338868546208	0.6721132591002159
FUT8-AS1	-0.05442935902756929	0.6721932244598551
POFUT1	-0.0199126564849621	0.6723548584303028
RPL36AL	-0.013133912337092823	0.6724446226844353
TMUB2	-0.015149062393483348	0.6726924356382364
MMGT1	0.009720769943609042	0.6727501986527292
LETM1	0.052171335890349724	0.6728333856072303
CTNND2	-0.021663837088350846	0.6732171384743039
BEGAIN	0.038910261862785234	0.6733006119428643
LINC00475	-0.05627960304699364	0.6733247546893133
SLC7A2	-0.02744829570802665	0.673334086230626
DCDC2B	-0.016284601452380976	0.6735179340122613
PPAT	0.05267232533396182	0.673627648536341
AP1M1	0.022102348027567942	0.6736396112863492
ZFHX2	-0.036283085448622465	0.6736808704147222
GZMB	0.11114979689787141	0.6737223814935288
SH2B1	-0.016165639187969205	0.6737486622539172
LOC101929718	0.027417974961152503	0.6737761215890905
PPARA	0.023893786664155314	0.6737837011316078
C1orf228	-0.04314153190225767	0.6738556974685767
RP3-486D24.1	0.018749195100250304	0.6739319343189631
TMCO1	0.01574460644110154	0.6740105880860823
IFT22	-0.02335130509398553	0.6740540303160233
C6orf52	-0.040282474488722464	0.6741132199151771
CIPC	-0.022727759411026227	0.6746542542830085
STEAP3	0.03948489749185491	0.6747307842093959
FST	0.06152455259836831	0.6749025902672569
LOC101927648	-0.049639848590852687	0.6750001228838414
VPS28	-0.026989187368421597	0.675342758861419
USF2	0.022674624587722292	0.6755482033392883
NME6	0.04986381811090457	0.6758441753053495
SLC45A4	-0.03814599162844523	0.6759083188179205
TSPAN12	-0.06563276911842486	0.6759185578244317
C7orf49	-0.02449877843671544	0.6761578267484717
FAM172A	0.019768555236215235	0.6766410902265281
AK097453	-0.03364850771741956	0.6766429827512631
PLXDC1	-0.12786596676566475	0.6767747159083591
LOC102724870	-0.008454333339596332	0.6769487165494146
MAP7D3	0.02895744127443667	0.6769933723727776
ECSCR	-0.086928900594609	0.6771660083173365
TRPS1	0.04524184519987884	0.6773089007304024
KBTBD4	0.02376115330200257	0.6774166448128975
TGFB1	-0.0504729624780742	0.6774346986821181
PPP1R15A	0.04723519430952283	0.6776935953126734
APOC2	0.07744564591478653	0.6778479410827225
MINOS1	-0.015951309937339175	0.677860683758696
DDAH2	0.033983473060777314	0.6778617678131821
UBC	-0.008696634360903843	0.6779636623582567
TK1	0.038901266791354416	0.6781568334587007
GLB1L3	0.12020387584524084	0.6781965578982031
C5orf45	-0.05480626830889612	0.6783064109927203
MEDAG	0.08373427239034914	0.6783553778146253
MRPL32	-0.02489619798872411	0.6783824029389698
INTS12	-0.022928419730572358	0.6787499402565083
OSTM1	0.019718992650377132	0.6791917989365999
SUZ12	0.017846890469924048	0.6793849261537689
TOMM40L	-0.02465801987092675	0.6794060825889746
RBM26-AS1	-0.05650279274310677	0.6798364750780705
SRM	0.0492858847994988	0.6798996343763184
RP4-742J24.2	-0.0627428241083976	0.6799424120117087
GPR37L1	0.016354089348996403	0.6800036384008288
CLUH	0.027619207490602093	0.6800766376665607
KCNN4	0.045270278744988346	0.680148906754658
MKKS	-0.020861088270677897	0.6801559945799973
MED11	-0.02979050183646592	0.6802397577369816
JUND	0.008667348659152196	0.6808266778529332
LOC643072	-0.03470833538847007	0.6808348549763793
GAS7	-0.08779681576566656	0.6808613846926119
CYBRD1	0.09794856425751952	0.6809360829317421
AP1S2	0.02516509457267624	0.680986006796244
KIF3C	-0.042569657773180225	0.6814381583879594
PTPLAD1	0.03237311060776804	0.6814743031014944
JMJD1C	0.020319406923556826	0.681494964642039
ZBTB26	0.027509360350876477	0.6815856628879247
FTSJ1	0.02398108688596956	0.6817770675296829
TTN	0.08792189369235714	0.6818571437517491
CCT2	-0.016491308878444855	0.6819394088774335
MIPEPP3	0.01709314087030389	0.6821167965506876
BET1	0.031405914676065905	0.6822675782379158
FA2H	-0.056721934203634916	0.6823539423296093
SPRR1B	0.19212309060714183	0.6823589166303886
TTN-AS1	0.051756474140352005	0.6824161802632982
GOLGA2P5	-0.06203411160964656	0.6824325955628403
GTPBP1	-0.032401203446116966	0.6824419978805234
KCTD11	-0.03876004417669243	0.682516544974958
SPARCL1	-0.08890478299435856	0.6826129078641918
C8B	0.08062731386027533	0.6826350674540654
TET2	0.02991124593045491	0.6826819577447132
CDH11	-0.09226510391478726	0.6829566760989306
SSR3	0.02777319222431096	0.6829824261951585
C2CD4B	0.037652372957392544	0.6830208574786956
FCGBP	0.06692269064160694	0.6832823472852833
GGCT	-0.028220905372181804	0.683291649769742
SLTM	0.014152309091478799	0.6834361704600455
C2CD5	-0.0329281192656623	0.6834487938962766
KCNMB3	-0.040492088974933615	0.6835840772797854
ATP5S	-0.029060161272562723	0.6837185427011646
PCDH10	0.09453193048747366	0.6838603107667437
ALG2	0.019391750576444267	0.6840573557712878
METTL7A	0.04861735796992406	0.6843995127020858
NKD2	0.027300541466793504	0.6844052649011522
DHCR7	-0.03220690412030258	0.6845499021988307
HLA-DQB1	-0.08862673080388284	0.6847181236913381
NKPD1	-0.019061626466162274	0.6848568928494538
TGFBI	-0.07065369083708894	0.6848855775980146
GRAMD2	-0.06090652652756834	0.684970020965935
THADA	-0.015943281592106118	0.6851276225758669
DCTN2	-0.020137402894739864	0.6854791707599819
POLB	-0.021404058295111383	0.6854798164764142
DLAT	-0.019739374592738557	0.6856892523945325
C9orf116	-0.0372586638314516	0.6857660534105668
PLCB1	-0.02683450994673997	0.68598512314838
MYO16	-0.08122890512217751	0.6859914158680827
KLHDC2	-0.014481562092736766	0.6862095470067876
HOXB3	0.0805478293389692	0.6863089384283209
PI3	0.12154076767481392	0.6864269355088524
DKFZP586I1420	0.030120928721803608	0.686442958830401
SNRPA	-0.03475852969172699	0.6870774591415206
ZNF507	0.01994705032581301	0.6870840145643192
LOC100506100	-0.06304947092982527	0.68726356678323
MEPCE	-0.021588763193605587	0.6875761269021864
LYRM2	0.024734044653509812	0.6878532542624585
ZNF763	-0.0385188165983692	0.6879289315091306
TTLL1	-0.03493364563032664	0.6879975702510371
FAM134B	0.02705847313909615	0.6880220382477411
RANBP9	-0.01479971143045411	0.6880710612014597
TM9SF4	0.02341327649185132	0.6882942825689542
NKX2-8	0.01838134415162518	0.6885921223834292
RAB35	0.0216373922092723	0.6887942377963342
KL	-0.09728603063722119	0.6888470770630174
MRPL11	-0.0317430173878428	0.6890800464286844
ARPC1A	0.02683638364035268	0.6892702597101611
MTMR6	-0.01553645197869713	0.6894348335753305
SLC12A9	-0.04512954358521348	0.6894928838386786
QSOX1	0.03345169096491496	0.6896581134616971
C1D	-0.033275176208642065	0.689675500360679
CPPED1	0.04445785593859419	0.6896994798371169
WDR4	0.048193687451753675	0.6898818860926292
BFSP1	-0.03666330959962405	0.6900380020553817
COX5A	0.013587714893482428	0.6901044507225277
LOC389831	-0.08863430791228222	0.6901432847627434
ACE2	-0.07558111779260468	0.6901719442917628
LEF1	0.10270942529699134	0.6902689998087623
ZC3H15	-0.014633783333339423	0.6904796788277467
ISCA2	-0.02313391253070307	0.6907723183281653
DPP8	0.01752333979323417	0.690817824952592
BUB1B	0.05256182648058072	0.690966277242806
MSRA	0.025770641677320683	0.6911594367534256
ZFYVE20	-0.014816182692980462	0.691165257744272
DCLK1	0.07301464850250916	0.6911928138048322
UTY	0.057800614693610974	0.691420986167492
C6orf47	0.015067052800748826	0.6917992316935697
TMEM181	-0.020023475858398143	0.6919414231448618
HTRA1	-0.07391136903697237	0.6926070851117873
UBIAD1	0.02812243467355735	0.6926907889125985
ZNF567	0.03950522913346077	0.6927097016296897
UCA1	-0.13870290322430812	0.6933449655281418
GLOD4	0.03119288957644173	0.6934221468631396
HSD17B1	-0.029676900900373226	0.6934832632186654
PDK1	-0.04289058177004712	0.6936983286453142
ZNF396	0.03659826681892486	0.6937937769042818
CAPN15	-0.05893425249436035	0.6938888491629249
CHUK	0.022080290558266213	0.6939398373711662
OSER1-AS1	-0.03842178913909855	0.6940301074199334
EXOC3	-0.02980362922243529	0.6940463751563285
YJEFN3	-0.017749063126566433	0.6940937132931312
MORN3	0.026126504442356868	0.6941230257848519
RP11-248J18.3	0.039153924501255766	0.6942879389532548
ZNHIT1	-0.026883284454882528	0.6944579076957813
TFIP11	0.025969903260024907	0.6946495408775614
HEATR6	-0.031040922511277103	0.6947581648050903
NHLRC3	0.02770076265100485	0.6950794271613413
CALR	0.019626326134087435	0.695087617666869
EIF5A	-0.05150004356453586	0.6951317098033825
INSL3	-0.01930853964411039	0.6952824020707536
ATF4	0.018432826409773284	0.6954065145413375
DEGS1	-0.02261967319047642	0.6954431850193767
C15orf40	0.02201073724060265	0.6957832491213052
EFCAB4A	0.03314013796804538	0.6958914637456864
NUCKS1	-0.01376669566415778	0.695960023474142
MFAP4	-0.05645332051503704	0.6961292104638359
DEF8	-0.032974340523802326	0.6961814521021712
NAT10	0.02621748041729255	0.6962621326506124
DDX60	0.03770522310526481	0.6963984555545571
FAM65C	-0.054742273992481216	0.6964975030886444
RAD21	-0.014863617869671941	0.6966342951526338
AF086184	-0.09749550774937177	0.6968416175086651
POLE	-0.025671978504384185	0.697676309918615
ADARB1	-0.016430173199247555	0.6979936969733206
ABCD1	-0.02842262951503738	0.6980751020732451
LOC285819	-0.034727092462405906	0.6982741584226863
CTSL	0.03246038000563445	0.6986469017163861
LOC101930114	0.04626894453634023	0.6986901623430175
TNFAIP6	0.07951393197995316	0.6987466070209015
TRMT10C	-0.019169340841477478	0.6987750308450872
CTSB	-0.019438704097746395	0.6988094735166999
ZGPAT	-0.024779255895989394	0.6993460105452961
BIRC5	-0.13448718392042558	0.6994391235458425
GLS	-0.020359955883453296	0.6996346416301511
LAMA5-AS1	-0.017782614694235477	0.6996871552703328
ZNF805	-0.025763688958015507	0.6997610053139973
PTH1R	-0.021030257002506936	0.6997635744400822
POLA1	-0.0226894143458658	0.699793260052952
ZKSCAN3	-0.03308609289598863	0.69984772102383
PCDH18	0.09949722823558993	0.6998883337961533
ATP7B	0.03744998783270681	0.6999374374758515
POP1	0.029243648939848654	0.7000097676929574
C7orf73	0.030545214380948593	0.7000713501189302
PMPCB	0.01645244964912429	0.7001125126091597
CHAF1A	0.02751606149373398	0.700396026941682
PLXNB1	0.03654436042857334	0.7004218098748607
CEP350	-0.01871661182143214	0.7004594792460911
ALKBH4	0.02385934414473656	0.7005479049999372
FBXO25	0.03347029452568506	0.7012984920909128
PRIMPOL	-0.035830932308268615	0.7013500544806623
UBE2K	0.010346059392231766	0.7018947813085759
PPP2R1A	0.028515857620298846	0.7020598122107582
MTG2	0.04718268607644038	0.7021936899539394
RNF220	0.017288666137845965	0.7022403897958539
WDFY2	-0.02056553812844797	0.7024208909387124
GEN1	0.024267705849622345	0.7024598115861789
EIF4H	-0.016284429812030154	0.7025072266774645
RNF181	-0.03060656305138032	0.7025705943889358
SFRP2	0.08419154985651467	0.702811849979951
MAP3K11	0.032688301737472614	0.703155950676963
GANC	-0.03745439536466222	0.7032085608087137
DYSF	0.05981794321553835	0.7032506252701662
RDH11	-0.017984877644112274	0.7032973060428721
PRCC	0.02539439556265677	0.7033429033589933
NR4A3	-0.0528238908164127	0.7033618234360698
LMF2	-0.021881345236838712	0.7034195181426535
RHBG	0.023968229998119206	0.703486307640588
IFT81	-0.03612498541917386	0.7035789338109529
DDB1	-0.023088294415414268	0.7038672177029565
EYA4	0.09547743513471207	0.7039748351821348
KIAA1211L	-0.04154365672117599	0.7040628804880342
FNIP1	0.01500949464285739	0.7041171891790032
KLK1	0.09491749248559245	0.7047422896068973
RPP40	0.03563871946678887	0.7047688739645132
LOC100506388	0.07750884322619367	0.7050837806684731
LMBRD1	0.019074814943605745	0.7053287220311544
NLRC5	0.03341647873747	0.70553500789902
ITPKC	0.03620240081829351	0.7055487573353693
FAM109B	0.01791893152443791	0.7056102477395992
SRCAP	-0.01869371858145108	0.7056902760359314
ITM2B	-0.020085709066416157	0.7057513942090398
RNF126P1	0.023140037231827115	0.7062055791939091
FIZ1	-0.026235030690481054	0.706309158186907
ADAT2	-0.04461676109273238	0.7063540838728289
CREBZF	-0.030685638082708522	0.7065173737833059
DDX28	-0.0257691575964909	0.7065333239538966
LDOC1L	0.01697751705513717	0.7066938403752904
WDR75	0.024298778961773237	0.7067154250495945
ABHD17C	0.03761103232581586	0.706770583251778
PSMG3	-0.02308280051441436	0.7071826044742844
CNOT6L	-0.020963828164155984	0.7072756848945363
ZBTB7A	0.014655916171680161	0.7077431525226038
HOXB2	0.08549763787844444	0.7077643760914053
WDR74	0.035084299540100616	0.7078014937768865
ADAMTS16	0.04300680769486309	0.7080215933823192
RRAD	-0.032904336340228824	0.7084502070960355
ESM1	0.06458471267480448	0.7086980415810493
CEBPZOS	-0.028061722340845918	0.708791332287703
FKRP	-0.023489483353381857	0.7090062072620593
TRAPPC3	0.031261351533837356	0.709032980995032
AASDHPPT	-0.017338250814534106	0.709438016486587
C9orf72	0.02835720348433135	0.709470689944614
EED	0.015353614466162568	0.7099658392022595
LRRC27	0.023002553710521845	0.7101164523532689
NME7	0.010703244016292857	0.7104028878786224
KIAA1549L	-0.07939880890100248	0.7104661465963091
FOLR1	0.10364846811215322	0.7105669525028648
LARS	0.02116817288846562	0.7105919190969165
KDM4B	-0.029035563094611305	0.7106002423112504
REG1B	0.028987495814531528	0.7106992928993983
NPAS3	-0.06842752951880104	0.7107182843685786
CMIP	-0.042352905692983	0.7109861916537531
COL1A1	-0.04917530677945159	0.7110195331206374
C11orf95	-0.028895115056389642	0.711097628082087
ASPN	-0.11797187426503886	0.7111322940793012
MGLL	0.05529463277882485	0.7112836477152467
TRA2B	0.009166721228066166	0.7113809516751814
LYPD6B	0.07087528009837385	0.7116249680295049
GCN1L1	-0.021029472907276414	0.7116489658518578
DNAJB5	-0.02899660794423653	0.7116893904417829
ST6GALNAC1	0.10342437030764096	0.7122509010509878
LOC101927699	-0.0728342677888465	0.7124827098751217
SEMA6B	0.028411308982455807	0.7125610457120545
HTATSF1	-0.025395954411026267	0.7126355748521673
ACAT2	0.0363994381453665	0.7126779671153693
MMRN2	-0.07352305744486376	0.7127601604638948
MFGE8	-0.06587549450125163	0.7128046872228136
CLASRP	-0.024127811588344983	0.712807793788521
UCK1	-0.021066135049498058	0.7130179239735874
ZNF319	0.019964351449246465	0.7130366709171304
EIF1	0.007152309548873248	0.713159141132445
BATF2	-0.04535064752568907	0.7131908652058797
CRTC3	-0.020333892738095827	0.7136590200837535
DHX34	-0.021788351350249258	0.713748193510391
DOCK4	0.04134298469047337	0.7137829085199003
CCNT2	-0.01643320569673712	0.7138091068302997
BCAP31	-0.013457995607771167	0.7139767857914593
YTHDF1	0.010245378439849517	0.7143277971131761
C1orf54	-0.06363907582644401	0.7143382100409299
ZNF426	-0.035296221605260136	0.7146296232264451
RBM8A	0.027089326228066923	0.7146723587606901
LOC286437	-0.0419917390400979	0.7148485410042735
GTF2E2	-0.020990305898498818	0.7148586168157236
COX17	0.05309916232393874	0.7149748366058069
LAMA2	0.056937833221178735	0.7150236878329048
HMGB3P1	0.027247006015661768	0.715167639702346
ZFP30	-0.044100563986214425	0.7152099699044526
ATAD1	0.016858032218044272	0.7153609101971369
PGGT1B	0.017567051228068564	0.715549985542233
FLI1	0.07468424578822042	0.7155521786784109
NOP10	0.02477354214286187	0.7156699468712243
TSTA3	-0.03062050032142949	0.7157913376788985
UBXN4	-0.007992704812027185	0.715861254935963
B4GALT3	0.01968879985212979	0.7165481971486155
SNRK	0.015493615946116535	0.7165532261513985
SH3BGRL2	-0.024739697315158793	0.7167044324321856
ZFP41	0.02985127162217971	0.7167114797074601
STXBP4	-0.03672671079009948	0.7168546880143117
C1orf213	-0.03516975884774354	0.7170623489425059
DNTTIP1	-0.02353980101127995	0.7171679385020064
MEF2BNB	0.028980748149120217	0.7172702213439549
ASB14	-0.03600019789598985	0.717457996325256
PEX6	-0.04592713740977583	0.717698835700472
GRIN3A	-0.07375238019423325	0.7177158371444599
FLJ45482	0.023950970540727035	0.7179677424964336
RPF2	-0.028711605413537455	0.7189813260361559
TAF5	0.019777183770058215	0.7191467337504065
FLII	0.03985235192418379	0.7191747717662365
CERS5	-0.014491897901004691	0.7191946981047698
LAS1L	-0.02936520605325832	0.7192736902871871
JSRP1	0.018165111872177064	0.7193179485654936
MED15	0.02920082330074969	0.7193515120218883
IGFBP5	-0.06496853086904508	0.7193904387729995
VCAN	-0.08343669118045405	0.719524865175041
DNAH6	-0.0352399333928588	0.7197911377652435
AC079305.10	-0.0541937992406023	0.7198395438503438
COA1	0.03203374210588983	0.7199323618734313
CTNNAL1	0.0408614812606487	0.7199716879748747
TRPV2	-0.043846694818920895	0.7200838180085831
TMEM132E	-0.03433512483145407	0.7201700457334677
LMBR1L	-0.026266316597119754	0.7202916712623908
EPN1	0.024033252300750263	0.7203405432566924
WDR90	0.02320628252694057	0.7205932049592036
COL13A1	-0.05896818249498992	0.7206001372151748
CSTF3	-0.03114242421240121	0.7211209991615064
RPL32P3	-0.03381043501691572	0.7212707600417229
C8orf58	0.0260119049436085	0.721486328657992
FGFBP1	0.10880138284210794	0.722095842197596
RP11-348P10.2	-0.030727973219928373	0.7221878734275722
CCDC136	0.03467301951127855	0.7223809302010938
MDM1	0.0355878821021296	0.7224356496358848
FLJ31715	0.03522244979072564	0.7225833721469389
POM121	-0.021999768719926927	0.7226845602561199
GALNT9	0.018465946314536907	0.7228395610823827
TTC33	-0.025479733540727523	0.7229816461642642
KIAA2026	0.02205822652631717	0.7231275497420748
KXD1	0.020632044695490848	0.7231809256461612
KLHL21	0.031011520957392236	0.7232118123295171
FAU	-0.014076752149126293	0.7232197326423512
GGA3	-0.024888210871557348	0.7236774458393025
MROH6	-0.022519496796992833	0.7238325246764573
FKSG49	-0.024196447944859756	0.7239126989186752
RANBP3	-0.01707243153696325	0.7239433039432542
COMMD6	0.014487019912277077	0.7241658262700685
OLFML2A	-0.09078903606015043	0.7243166455172213
GFM1	-0.018507664129076673	0.7245359378473274
BST1	-0.034621263109647415	0.7246494246084904
CLDN6	0.07415590702506325	0.7248074736843687
UBE2D2	0.009750988352129397	0.7250379478458681
RNF185	-0.017108291386586316	0.7250605415624051
SLC16A11	-0.018378439748119035	0.7251005459577221
UNG	0.018264815092104314	0.7251218258931402
PET112	-0.02242275669109972	0.7252100512090517
UCHL3	0.025402945864660964	0.7253324014666033
MALSU1	0.015575240895989495	0.7253432055972646
COL6A3	-0.05833707441039948	0.7254734219534662
LOC100507054	0.024991148048871814	0.725570344248497
FBXL5	0.023053719097744008	0.7256101423428536
ANKRD13A	0.016364459937351583	0.7258156983270327
PRMT6	0.03151293875376027	0.7260210816294783
PCM1	0.020182988822059045	0.7260460102004496
WDR92	0.029139844125316117	0.726082132059615
BRAT1	-0.014555832473055474	0.7264439416772297
ENTPD1	-0.03252480457644147	0.7268609473115846
WDR35	-0.02604565734210773	0.7277912567891136
CKS2	0.03503026030012357	0.7278529683589204
STAT2	0.017124363934835074	0.7278785252878329
PON2	0.020520899580189322	0.7279904962028219
KIAA1033	0.01666171543859818	0.7280819367046689
SUPV3L1	-0.015228492772552116	0.7280953237212985
EP400	-0.013756754693611484	0.7281571691885148
NOL12	-0.027778456594610645	0.7282270231296195
GDF11	-0.031085788954893445	0.728237297346693
MDK	0.04052507663534044	0.7282379977828
DIAPH3-AS1	0.01465174794924895	0.7282605691103838
CALM1	-0.04239729299247941	0.7283504655581299
CYP39A1	0.055079908365289754	0.728380432792142
ZSCAN12P1	-0.05080852334524	0.7284992158807692
CEP104	-0.026890587115284248	0.7285818295219721
PPIL3	-0.027926185332708187	0.7286807700751272
TEX10	0.017983679065158853	0.7287351349969687
REV3L	0.019413456270049423	0.7288587203036502
TMEM203	-0.012558454805766672	0.7291287124013126
CTBP1	0.00840988437344059	0.7291585922558566
PMM2	-0.02521230688722298	0.7292572926109021
SSH3	0.02627432237907179	0.7293244804278564
PHEX	-0.05373728650501164	0.7294818151518601
FAM227B	-0.040721910571429376	0.7296603112427436
LSM7	-0.03884538722306097	0.7298058078614971
WDTC1	-0.019716313460525825	0.7299545852836725
SYNE1	-0.04454656945426194	0.730094399503685
RPS27	-0.004655177318296566	0.7302098926085202
THOC2	-0.018657317819547714	0.7303162503534361
TAF1A	0.03357875602882299	0.7303488132600866
MBD3	0.023370242080828163	0.730842038284924
RPTOR	-0.02138585412845284	0.7312760149620459
BRMS1	-0.024056524596490547	0.7313548914385083
ST7-AS1	-0.035517170678572185	0.7314714857960722
PPA1	-0.01654156060150669	0.7314919206283341
VDAC2	-0.016215113182958873	0.7315239375426703
FAM86B3P	-0.03483455221867082	0.7316907345308591
RABL3	0.021707970573309865	0.7319229525618668
MAPK14	-0.011954320528827722	0.732133569524012
GPNMB	-0.06310586336090296	0.7322434999274257
RPL7AL2	-0.017226881699872187	0.7323140182253901
CDPF1	0.024387763193606915	0.7323594059668391
ERAL1	-0.021010215417291533	0.7324048914590255
GP2	0.08367303326127384	0.7324216455454646
LINC00662	0.03302557367355963	0.7326179090261703
PABPN1	-0.032982615600252174	0.7328673392884164
RBM14	0.011970351058900874	0.7330909927465522
UMPS	-0.01752336048245695	0.7331403988090277
WLS	-0.01650708166666348	0.7333135869384553
FAM171A2	0.016132834647867966	0.733421352141218
LRR1	0.031409514024439034	0.733537836216151
METTL6	-0.023757030137845803	0.7335450528453293
PSMA5	-0.018351486785713078	0.7336135299439722
ALG9	-0.013561677356515034	0.7336716910968389
PCSK7	0.04067963359335813	0.7339006411119928
SERAC1	0.024483597647243727	0.7339350038284851
KLC1	0.020064021152256473	0.7342795496571473
DOLK	-0.018576051776312497	0.7346538474703318
GSTM3	-0.04694618291353336	0.7347244041085795
PIGC	0.013108402462409074	0.7347421358331364
VPS41	-0.0191638963345806	0.7348825317932077
SLC23A2	-0.025683030769423354	0.7349821624620045
APOBEC3C	0.03584832349248046	0.7350600877292124
CRBN	-0.01847968358897667	0.7352196060526112
SMCO4	-0.0260301163959884	0.7353571641099724
ZDHHC4	-0.01918387821679346	0.7354977389499642
ADAT1	-0.030706255213027944	0.7355017655731386
ENGASE	-0.024343958281331624	0.7355288948541734
CYB5RL	-0.041227584162903064	0.7357371933253428
JAGN1	0.01956171287593733	0.7358284256582666
KIAA1468	-0.02374579317731751	0.7358998164065179
GPD1L	-0.01926221916290416	0.7361124605907645
MGC16275	0.03507115893483892	0.736278739044811
MPP3	-0.04024851548183239	0.7364837401610717
TAOK2	0.05045278666227926	0.7366296657069042
DHRS11	0.030654197570173736	0.7368110527378129
C19orf43	-0.03065900822117662	0.7369782256124121
LTBP4	-0.015849164085210532	0.7370934722940172
GDAP2	-0.03698751092982633	0.737357472542256
DPH2	-0.030420465494362503	0.7376002916338894
NLRP3	0.06156080747995141	0.737819199394077
GNPAT	-0.012696226697995527	0.7379322163535441
HOTS	-0.09906798603570799	0.7380157429943329
OASL	-0.07664765462343492	0.7380724336658514
RBM22	-0.00965174894110099	0.7381630346333652
GIN1	0.020364915491853708	0.7382011325682899
C17orf62	-0.02094873170614342	0.7382961753464058
MAD1L1	0.02466525805075026	0.7383678551316115
SAMD10	0.01935691397556205	0.7386346289563909
TRIM7	0.04937774384147975	0.7387781355469754
LINC01125	-0.03505630967293438	0.7390501394584096
FAM126B	-0.020595143642859526	0.7391730176326317
ZNF347	0.030861717959272283	0.739322689661763
TTYH2	0.04872676834461309	0.7394039937206595
SRSF10	-0.013749139467424953	0.7394903769272776
L3HYPDH	0.02726207907393352	0.7395482015291318
MRPL16	-0.018416903623435843	0.739807641317969
THAP6	-0.020985410806389382	0.7398279034589411
SETD3	-0.011125358865916368	0.7400755292149204
ZNF766	0.016617027864038292	0.7407128271647495
LMAN1	0.019439975050127956	0.7407507668378281
HAGHL	-0.014169557756892104	0.7408664437741939
CLIC6	-0.06328738779009768	0.7409635139881864
NCOA6	-0.014460321372183671	0.7409974447750048
LINC01341	-0.01580014052631462	0.7410026067376552
ZNF346	-0.02753360943922356	0.741094590281414
C17orf58	-0.014789077312034493	0.7411236403944341
ITPA	-0.018059748050747615	0.7413359146187275
RPL36A	0.03691312962092841	0.7415131629014896
SUPT3H	-0.03175440954887421	0.7416124492276686
RPAP2	-0.01763209415225475	0.7419119395962432
NASP	0.022120504642231253	0.7420076677010151
NFKBIB	0.03209902160714684	0.7426320382127667
LINC01140	-0.04617768186779436	0.742695879123259
WDR12	0.022981876592110595	0.7427307438770838
SART1	0.026722061895988247	0.7428536624671455
COL5A2	-0.08418614204448538	0.7430774096298333
ZNF135	-0.014406842196116543	0.7431227504482796
TXLNA	0.013987116134083877	0.7431323203485621
MAPKAPK3	0.028749658875311113	0.7434992034364942
BLVRB	-0.030651918250628185	0.7435013352408048
CXCR3	-0.020388970699873	0.7439476851918753
SREBF2	-0.020793454664161715	0.7441848053124055
PTPN18	-0.03569430114787053	0.7441873050354568
CEACAM7	-0.09547871830513444	0.7442749973476366
TMEM160	0.02535325313847281	0.7443277686745404
RAD1	-0.018173312939222086	0.7445795479752847
LOC102723493	0.06444371400375992	0.7446321933435056
VTI1B	0.01293139969298096	0.7449427792482477
ATP8B2	-0.043084626700501616	0.7450218967868242
VSTM2A	0.1331028828916052	0.7452523767125572
RUVBL1	-0.02247099280388376	0.7453672161573511
WEE2-AS1	0.07242412058646508	0.7454375873599228
LMAN2	0.014244035012536571	0.7454865675577063
TMIGD2	-0.01568146280012339	0.745845699499302
MYH11	0.02306385263095123	0.746024783156551
TDO2	-0.10469479751002542	0.7461218386625514
TRAPPC10	0.03541632161717079	0.7461489579733916
WSB1	-0.016891137387219146	0.7461839648376866
RP11-214K3.19	-0.029305255306391942	0.7463897918703981
ANK1	0.0644239238276949	0.7470006524020069
DNAJC10	-0.01906517343358871	0.7470716159243872
BPTF	-0.014329954936716405	0.7471612390925559
LOC101927247	0.012983285998741323	0.7471853390479228
RPS14	0.006287441184211318	0.7472739266223406
MCM2	-0.029654344124686816	0.7477978230196826
AF186192.1	-0.02494124007205034	0.7479172364980542
SLC29A2	-0.02781104003821966	0.748143092621115
BTN3A2	-0.054445111815794256	0.7481446377912235
C8orf74	0.01532514531829765	0.7481602385899779
REXO1	0.01607168251816571	0.7482320308956334
RNF214	0.022142063530704803	0.7484916386096531
LOC100506469	-0.022528656917291556	0.7486982748322831
RP11-425D10.10	0.03805490582832238	0.7487369220376747
UBE2J1	-0.011952415946117512	0.7487754612134024
MAD2L1	0.036850436843986145	0.7488199586271052
GPR180	-0.015382333188593833	0.7491010010842404
U2AF2	0.020225556686717994	0.7491272364202421
RAD23B	-0.009807362399749664	0.7494924138893985
PPM1N	0.031091579028821315	0.749683729227484
AQP8	0.039255986787595454	0.7497044962696864
NIPBL	0.015082039592737573	0.7497686582612761
SLC44A5	-0.05376661044360631	0.7499648570240668
CHTF18	-0.02133973476190487	0.7499796764869903
RPL34	-0.004628342537593255	0.7499932724533582
VPS35	0.010561071679200396	0.7507431501082187
DYNLL1	0.011962691854636276	0.7508528829118061
SMAD4	0.013701022662909068	0.7508540838311254
CMTM1	-0.041017282994363136	0.7509434029911534
RPL8	-0.015143855313286991	0.7511959273631121
PTGER3	-0.03677393622932623	0.7513555098327489
RHOG	-0.02828762282581465	0.7517229081787752
FAM210A	-0.04324045146428368	0.7520403513788282
RGP1	0.021853281600247243	0.7522808812174133
ALKBH2	0.03913973771678858	0.7527944313480068
TWIST2	0.0450908346754364	0.7530215717438448
MCPH1	0.019456847662908672	0.7531159790156686
SBF2	0.015167519097118998	0.7533923802787261
CCDC61	-0.021453081246238348	0.7533966078321169
HRSP12	-0.026569605098368143	0.7534541556136428
SREK1IP1	-0.016818076491226464	0.7535785762727988
NELFB	0.021609880609020138	0.7535830160851402
TMEM92	-0.05603266863659151	0.753851278408511
LMCD1	0.030710771008774174	0.7540624914111067
ZNF316	-0.020297547357142953	0.7541029226067351
ZFYVE1	-0.020453250751881313	0.7541299483394043
RECQL	-0.011798470946120077	0.7542950428028166
KLHL8	-0.02070985344862386	0.7544179302037848
USP49	0.020995231108393853	0.7544216817365142
USP12	-0.012230059348368627	0.7545828232824653
CDC25A	-0.03371007964222983	0.754836841921704
PSMB8	-0.030553444542606556	0.7548447023860196
SLC39A13	-0.014622539015038072	0.7548860809732935
NOP16	0.014632701140355309	0.7549080021831697
RPS21	0.010172811597744413	0.7551473234796735
TRMT1	-0.023383093479950823	0.7553162441061455
CTTNBP2	0.03762469742606811	0.7555867620136922
TMED5	0.013122529805764671	0.755669004893919
RAB5C	0.008654251290725057	0.7558029904329264
CTC-425F1.4	-0.011021786585210691	0.755827240289141
FKTN	-0.017178125342733885	0.7561012837452445
KCNAB1	0.030087374892232788	0.7562573462030213
WBP11	0.013470511578947963	0.7566234121580662
EEF1A1	0.003856272587718479	0.7567238757401724
C10orf76	-0.012753370595239844	0.7570713677439883
DOT1L	0.027102318730575448	0.7571098487051854
PRRG2	-0.02202569269361021	0.757231939842933
TLK1	-0.011770062431079253	0.7572594328630903
HCN1	0.01358298981829531	0.7573026029388419
ARHGEF39	-0.027718892471177092	0.7574682939329072
TTC17	-0.01597207620426566	0.7575668783837474
ARMC5	0.011189085825187739	0.7575831362638822
ST3GAL2	-0.016002054204257377	0.7578967756419052
RNF41	-0.01889413942167728	0.7579054951542941
PRR15	0.029211423788849444	0.7579610070489174
NPLOC4	0.015813477213029614	0.75796371775212
KIF22	-0.0271319633966165	0.758132480757558
HOMEZ	0.03137558488283165	0.7582550182549319
GNG11	0.026074923928574023	0.7583657690815803
TIMMDC1	-0.012285818477444366	0.7584562947632032
KRT81	-0.036477463579575264	0.7586175261612077
SPCS2	-0.01027617685463511	0.7588739123627369
EXOSC6	-0.012688503320800848	0.7588747690128598
ABCB7	0.010603287639096237	0.7590770217646652
BCCIP	0.02597146714286147	0.7593794115017829
TMEM147	-0.015054831679821135	0.7594474107188988
CENPBD1P1	-0.031739933745614124	0.7595973794231561
SYTL5	0.06889491033333073	0.7598497264311926
BCAS3	-0.018538050285085816	0.7599409150693313
DENND4A	0.017704890115290084	0.7599756161755122
WDR25	-0.03925864516040534	0.7603285649821733
GTSE1	0.017398032215538706	0.7605972011744571
FAIM2	0.06319691690100093	0.7609222998461876
LRP12	-0.029078778719297205	0.7610043806461212
FAM35A	-0.009409039692982901	0.7612737769319299
PTN	-0.04932017373057551	0.7613089613787729
RNASEH1	-0.023671473565162415	0.7613305280788272
PRR16	-0.06550695016290664	0.7613567451581545
LINGO3	0.013743031116541182	0.7614065494934584
AGAP11	-0.02322471362656664	0.7616220849798575
IRF2BP2	0.008541068189224177	0.7617770082513324
TRIB1	0.01682288969924528	0.7622548113803392
THBS4	0.05417166262405626	0.7623067056823524
YIF1B	-0.07469776856202337	0.7626431549496117
MAP7	0.013237183715540723	0.7631085607474904
FAM103A1	0.03072111848370973	0.7632314653193829
CUL5	0.017089732026313698	0.7637221181770097
SUPT4H1	0.02034000251190804	0.7638051182512385
EFCAB7	-0.027580886213657507	0.7638267350661192
HELZ2	0.0181689302161665	0.7641659604907172
P4HB	0.008178632963664612	0.7642850136736873
RAB25	0.026861561004384527	0.7643443299818247
VPS29	0.015952731804510734	0.7644743928055591
TMED10	0.008439960802004265	0.7645456947454712
ZNF440	-0.023209494346490445	0.764749416478003
AXL	0.049151772594610676	0.7648555876223498
YDJC	-0.02549037021240519	0.7648661287290198
MPHOSPH10	0.011162556453632178	0.7649064973071116
PTGER1	-0.015211215789474153	0.7654441265501954
MTMR11	-0.026638076126566546	0.7654647357292016
TMEM169	0.051418061182326724	0.765924835776224
CLPTM1	-0.02614978664661649	0.7661797255924927
TRAK1	-0.01773165515663777	0.7664616147642221
PPP2R4	-0.018051609233086907	0.7666330486387934
WNK2	-0.026214186884711665	0.7670374018095105
RRAS	0.03340422234586704	0.7670466664878269
MED15P9	-0.013103820853383574	0.7671154931230033
PTPRD	-0.045041695558277084	0.7672633467447423
CCDC186	0.01571066246240882	0.7673162399144957
KDM2A	0.013932295695489927	0.7674033041013015
GTPBP6	0.02062228353446116	0.7675150956417425
C1QC	0.0674310582230584	0.7676028669545514
POLR3B	-0.021297586728696416	0.7677503738396941
FBXO28	-0.016116917075187587	0.7678529042318941
CD81	-0.011675192362154974	0.7679127871951301
FRMD4B	0.030003809920420288	0.7681886286374449
FBN1	-0.0640053680225563	0.7684536938531946
AKT2	0.013152700775069803	0.7685357382996505
C2orf47	-0.01722242514411576	0.7685565819911465
ZBTB22	0.016643287229947568	0.7686474643912916
CELA2B	-0.0988618522036333	0.7687613406085871
INO80E	-0.023014728706142407	0.7688696447289829
BTBD9	0.017765864134709375	0.7690775582193996
ZNF490	-0.016758522270677645	0.7692328600691826
PHF6	0.014575852140973566	0.7693501982153368
PRR29	-0.018068645411649875	0.7694568640682781
MORN1	0.01080131553070629	0.7694574927926098
NSD1	0.018210094020677303	0.7696044731440397
C16orf46	0.03262390695551609	0.7696537176722886
LOC646014	0.03611901307143128	0.7696770418104597
XBP1	0.02060753712405905	0.7697344255089725
WARS2	0.03157128731015568	0.7698783822941364
KIF13B	0.013086068917914417	0.7699124880399023
SNRPA1	-0.01963100100814863	0.7701316782855312
JAK3	-0.04256910746428755	0.7701999746737551
BTD	0.022674505077072027	0.7702053969852615
BAZ2B	-0.014136104774429725	0.7703160202199093
PPP1R1B	0.05676329852067585	0.7704371654233495
SMARCB1	-0.018975012380950673	0.7705454288053617
SAMD1	0.022648651452379376	0.7707789176163607
ZNRD1	0.025944118180452946	0.7708178946032881
EXOSC10	0.0162308483709257	0.7711909400117447
CCDC66	0.017753072015661786	0.7712139019416235
PPP2R5C	0.008235464085210253	0.7712398358784675
CYP20A1	-0.009832721730573368	0.7712705294144915
C5	0.03606905119173209	0.7716093871784776
CCDC88A	-0.027917354137841244	0.7716529710510593
FLJ38773	-0.05320463384272944	0.7716708600467997
MED26	0.015798738788223687	0.7716921878455503
ZDHHC19	-0.01278957006391046	0.7717056358629221
POP7	-0.02168670662030614	0.7717721760351787
LIPA	-0.018279035344610506	0.7718893448936415
RPE	0.01506606800250232	0.7722601109847437
BSG	-0.022589479946745428	0.7723537020965447
TMEM128	0.016160333741233046	0.7728243572105742
BRWD3	0.01854819628696802	0.7730261146847779
UBALD1	-0.027780615303259815	0.7730389092081166
FN1	0.08403822809210659	0.7731161633140571
MAPK9	-0.013299677932330667	0.7731320550684854
KIAA0368	-0.009207077800752472	0.7734837158161175
CACNB1	0.014438121333332887	0.7741160836428881
MARS2	0.034257232442979735	0.7744062321470752
WISP1	-0.08746570640601359	0.7746396292081326
HDDC3	-0.0227942905852192	0.7746484184730326
POLE3	0.04032114094298489	0.7751249613506296
RBM25	0.009749518527568668	0.7751625134484268
NOM1	0.022442328070802375	0.7752455998148211
PLCG1-AS1	-0.03404044937969619	0.775295247968374
NDUFAF1	-0.01487174402443614	0.7754583899824661
CCDC85C	-0.04019349102506453	0.7756177798744038
DPP10	-0.03908965852129942	0.7759377462611978
ZNF175	-0.01777290889348393	0.7760329267056646
TOR2A	-0.014867792378446154	0.776433194850588
GORAB	0.018439632814535756	0.7765379096934624
KDM4D	0.023238217751876178	0.7768742732905551
JADE1	0.018548211459901154	0.7778186913457819
PAX8	-0.03222237604511147	0.7778361226147367
RAPGEF3	0.027329137074561416	0.777844194501721
LOC441528	-0.1386335201453628	0.7783071244211822
ACTB	-0.0034675155263172996	0.7783150656233159
RBM42	0.016789719086466093	0.7784153143829586
SQSTM1	-0.020421375225566862	0.7785230476168911
IRAK1	0.01771635268796956	0.7786320717213492
EIF2A	0.017128629655385197	0.7786351123921406
CASP9	-0.02106543243233361	0.7790545593114487
PSMB7	0.013099191823309653	0.7790735660566628
GPX1	-0.020913965515040545	0.7791322251590704
AGL	-0.015984433045110436	0.7792429713946251
EXOC6	-0.012424711307014391	0.7795452420230925
CAPNS1	0.018353383120299327	0.779546367871039
HVCN1	-0.024468248078319377	0.7798004256660029
IHH	0.015345016628446118	0.7798223847077044
TUSC5	0.01280464064160114	0.7798594601898057
OSBPL2	-0.014644821247495443	0.7802193506926325
TTC21A	-0.02257111065287898	0.780561838208781
ALDH7A1	-0.024328310872810732	0.7805658801409355
GPR162	-0.020146327137845255	0.780584318189765
RP11-589P10.5	-0.036153706434208566	0.7806851955474448
FGD5	0.050549469777568135	0.7807396856261943
GON4L	-0.011183521002502417	0.7809013154903283
ITGAV	0.009979432437340563	0.7810521774179862
ETHE1	0.019837472146614132	0.7811562458660274
RNF20	0.010978035068296421	0.7812224054594364
SYCN	0.07958434089598576	0.7813441393742474
PAFAH1B2	-0.01256113399123393	0.7817854917046825
RP11-465B22.8	-0.02120595725876928	0.7819132188781591
CCDC82	0.017971417846490922	0.7822480076286624
KDELR3	0.040895362383459144	0.782449955443285
RUSC1-AS1	-0.035765977126567705	0.7825209546707241
TRAPPC1	-0.017642623759400067	0.7826443448965585
NR1H4	0.06112174516729674	0.782841700307962
TYW3	-0.01885429381955106	0.7828842771594918
SEMA4F	-0.0169794421792	0.7831718425510531
RP3-428L16.2	0.03940886164662416	0.7832119885587836
LOC100287525	0.0266238610307008	0.7832415410769681
RP11-585P4.5	-0.05039219017857288	0.7833065533443929
OST4	0.01597542268170571	0.7834146191435906
PYCRL	-0.022793295118422208	0.7834437640177319
FBXW9	0.02385867368233363	0.7835179815696629
MAP3K6	0.016416461471181698	0.7835262155164568
NTRK2	0.054658593500002794	0.7836245267197213
IDI2-AS1	-0.028716253710523	0.7836957645163801
CDC14B	0.015698206751881827	0.7838898766659174
HMGXB3	0.017313093729953266	0.7840332537844901
FOXS1	0.035815092202386545	0.7841138116919882
JPH2	0.011566778554511714	0.7847420551491628
RP13-39P12.3	0.008833252869678176	0.78480806678468
ARSA	-0.02445991921929913	0.7848227618750505
ATP10A	0.057143858912901635	0.7849180560792405
SCAF1	-0.01923047783145293	0.7849196586212989
SARDH	0.011889294585214039	0.7854973515478532
IFT88	0.015388669350880235	0.7856865443862392
LETM2	-0.035482363822683105	0.7858396629408234
TXNDC9	0.010406774398498797	0.7860424367723775
ISOC1	0.02075156155701663	0.7860597854700632
CSGALNACT1	-0.03478953244110272	0.7861544705565401
PRUNE	-0.018082975513786792	0.786265479900856
SEC14L1	0.01904521322055608	0.7863361733399528
SH2D5	0.040426386634083045	0.7863705860564384
MXD1	-0.012682638521305023	0.7864648398986794
SOCS2	-0.025458978912906716	0.7864671592267996
KRT3	0.015481627123432595	0.7867037639465896
ARFIP1	0.013676811591476934	0.786799909671783
BTN3A1	-0.041937354284465655	0.7868721341388645
LOC101060424	-0.034080555932956	0.7869739912524303
LHFP	-0.04789157850877679	0.7870529117387312
RDH10	-0.025549867199247345	0.7871073946807486
C8orf59	0.012156154655388107	0.7872087168116668
CDC26	-0.008647904812029594	0.7872367275741977
SART3	-0.012424094560778087	0.78750111067985
AEN	-0.014365436392230535	0.7878108489511497
PCDHB6	-0.05032533136904682	0.788042813965401
MYEOV2	-0.012192643446109486	0.788063434268186
AMBRA1	-0.012233714578320232	0.788234260116372
MRPS16	0.015537729705515702	0.7886497618076865
SFR1	-0.018484986425439942	0.788660854987775
MSX1	-0.03409743663596654	0.7889962334499576
TMEM180	-0.03549507521992634	0.7890264419364139
NAA50	0.012831871885968127	0.7891235898096596
OGFOD1	-0.012314633308269762	0.7891627671898845
NFKB2	0.028823002522559094	0.789931457300824
HLA-DMB	0.06434191689787205	0.7900216220834505
PLP2	-0.013196328740605168	0.7901277250538623
TRIM59	0.027094519042607068	0.7902133900060186
KIAA1614	0.013238501849624384	0.7904787954296134
MCCC1	-0.018332977532578454	0.7908551353244904
AFTPH	0.009103156867171336	0.7909216985392902
NDUFA6	-0.015247846278198196	0.7909497829577284
ADAM33	-0.016791992775689657	0.7909970859972313
TUBB	-0.012824203352131747	0.7910724509620284
METTL13	0.013503271181079413	0.7911536880913763
MAN1A2	-0.009879357963663793	0.7912339688382202
C5orf15	-0.009682239160397899	0.7913547684740494
MZT2B	0.010949581315788492	0.7914928911945163
CENPQ	0.02469682801190931	0.791572010435962
DFFA	0.013970297843984625	0.7916114286327794
OAZ3	0.02481148834398539	0.7917243588061903
GRK5	0.03671043210902347	0.7921697486626081
FCER2	-0.011382742034462545	0.7922747836537202
EXOSC5	0.024308625445486065	0.7923603809487986
BICD1	-0.04266644533709396	0.7931290999912878
ZDBF2	-0.0282853970595216	0.7932088941314918
RRM2B	0.019815894125937206	0.7938227809809829
F8	-0.027097347889098344	0.7938736324252224
KCNG1	0.03637540817418383	0.7940077315157341
PSMD10	0.013823964233084851	0.7940234111399526
GABARAP	0.0049612419736870805	0.7943244877484852
MRGBP	-0.012999366062029338	0.7943870194129794
EPC1	-0.0076848519172987295	0.7944914084648511
MTMR10	-0.01340939437907629	0.7950468840586095
AMICA1	0.030378112538221202	0.7951461274720021
RP3-368A4.6	-0.03651435592669383	0.795247676652565
ZNF618	0.01647974655325335	0.7953661051766647
DKK3	0.053218044726813574	0.795437464104016
MEIS1	-0.01172578635338617	0.7955134432990368
NR4A2	0.02904338380639082	0.7955705986083044
SMIM12	0.015154520609019784	0.7955734281272836
TFAP4	0.017696808149124443	0.7959359722279657
ZNF746	-0.013647011922309105	0.7962029209655087
ANXA2P1	0.017819525043232254	0.7962141329462238
EIF3L	-0.007982581810770384	0.7962430135636449
MRPL9	0.010894273997495318	0.7969061646547142
RP6-99M1.2	-0.025484825057015215	0.7969736142486802
KMT2B	-0.018863147534458946	0.7970263297778755
GNS	-0.025435391021300546	0.7972210642426594
IGFBP2	0.030640265271300038	0.7972492748437499
F2RL3	-0.06472810598308065	0.797350626279322
UBE2N	0.010619448583955915	0.797501795343632
PDSS2	0.010606610137847028	0.7977490487443887
C6	-0.05993260342669515	0.7978592146263698
UXT	-0.010542019699245841	0.7979654335197562
SPRY4	-0.025136820636587842	0.7981263455532375
CYP4V2	0.01774489659774403	0.7982686062679439
RCN3	0.027652404573931477	0.7983407227885014
ZNF234	0.01615563589223079	0.7983443072807245
ADA	0.04021143423558904	0.7984406344081563
SLC25A39	0.02039289015162815	0.7985888117931272
TMEM115	-0.016868820699249554	0.7989192557716027
PAQR6	-0.03575420774060145	0.7994027028997115
ACADM	-0.020385324565788565	0.7995254866746777
RPS18	-0.0062230233082711806	0.7997624000306082
CARD11	0.016157604442357254	0.7998616257556168
HILPDA	0.0470627554053884	0.8000974096472625
RPL35	-0.02002864040099972	0.8001618555843548
PTAR1	0.010465305914788559	0.8003832036053059
TIMM13	-0.021361998681081573	0.8006099490079162
WRAP53	0.016610697235584837	0.8008033282828076
NAB2	-0.017469862573311623	0.8008365630704528
BLVRA	-0.013164442569552293	0.8008530795431626
PLIN5	0.012994798692981924	0.8009636852848088
RNF219	0.014266826721181403	0.800981166014016
CHD4	-0.022573586577067317	0.8010323592287893
CCDC149	-0.02028752863157557	0.801272542365472
LSM2	-0.01661434805137496	0.8014651507888454
GTF3C4	-0.01802495699248219	0.8016913038887646
LOC101927761	-0.01593894117168304	0.8018335057961401
SPDEF	-0.009895868166041488	0.8019407893230994
FLJ10038	-0.026147208607138595	0.8019578925939065
CITED2	0.021836210969924608	0.8019918174813933
NARF	0.016234999110903203	0.8020410140534503
ZNF668	-0.019039654765041547	0.8023736934558195
ZNF665	0.011182505472426385	0.8025815590179038
ZBTB7C	0.05109331215664081	0.8027423097608997
IL17RA	0.01871898521803672	0.8027756779900488
COX15	0.01994669276566796	0.8028841430502092
MAP1S	0.017168035539470772	0.802919539309477
CASD1	0.02141970126065118	0.8030110578096953
SRGAP2C	-0.02711420935651443	0.8033108827949121
CRYZL1	-0.008906804768169962	0.8033313951372887
ZNF415	-0.019737454103379903	0.8034425950606485
NTMT1	-0.012232048914784244	0.8034889476438485
EDF1	-0.014587001979950998	0.8035894199411305
CAMLG	0.010578018164162373	0.8035984593229594
VWF	-0.056825727766916856	0.8036006340676968
CASC10	-0.015901127219922984	0.8038021720008669
PPP1R3C	0.032983614416664864	0.8038274088209137
ITGB3BP	0.031334141531957016	0.8040985041666082
BTBD19	-0.038515824623434725	0.804207981571879
PRR14L	0.0091510652318334	0.804347922110619
MICALL2	0.019061733371550815	0.8044031379443888
FAM166A	0.027327440459898433	0.8045794280429844
FAM69A	0.02537309929825149	0.8046124853889856
SLITRK1	0.07928217174498897	0.8046300815441614
BLOC1S2	0.013703053540105259	0.8048084443879997
FUT9	-0.0698917882775687	0.804945408254615
PRRX1	-0.04503373291541024	0.8049527862977426
TP73-AS1	-0.019872637033211404	0.8050082490669221
IFITM1	0.046369965877193664	0.8050166680889493
CLEC4A	0.02442225292544098	0.8052482427762252
UPRT	0.015498727091483033	0.8060691063167787
PLA2G1B	0.02052002388471763	0.8064487987868604
HDAC9	-0.026928674609647985	0.8066142521655899
CYP2E1	0.0330380885313275	0.8066360651969061
DTYMK	-0.01612049935526194	0.8066497538007587
NR2F1-AS1	-0.050071761590855246	0.8066513122294545
PLEKHA4	0.025414758779447766	0.8069920923007436
LOC100506119	0.0341597843082706	0.80721177875642
RNA45S5	-0.014408037057643597	0.807566830365295
FGL2	-0.07083778150751474	0.8077034553972204
MED25	-0.013688290195490005	0.8077760099014433
RACGAP1	0.01777828450752139	0.8078519983133985
SCAF11	-0.005262362268171117	0.8080843660416094
LIPH	-0.024429029223055565	0.8083684772031282
MS4A6A	0.07807377484774047	0.8084156084625681
LOC101928288	-0.008519666430451878	0.8084922422352854
PCBD1	-0.01398688170676543	0.809074470954822
PCIF1	-0.021767765739975964	0.8092563782949934
ZNF253	0.01770068718859541	0.8093052351511192
SCAMP4	-0.04258445789348464	0.8093074225325224
CHD8	-0.01230660080764423	0.809495481813493
DCN	-0.05701228278320691	0.8094998927661283
FOXK2	-0.011988290569552973	0.8095450544127883
LRCH4	0.019114769981203317	0.8095833353882136
LOC101928817	0.03126009319235834	0.8095919657734598
HLA-E	0.01578920516918103	0.8096041794507133
HHAT	-0.027995583248742406	0.8096146022659981
CDC37	0.024159820051377068	0.809763992820433
HTATIP2	-0.013234642744366809	0.809979328633338
FAT3	0.0562439626253175	0.8100374998196062
CCNDBP1	-0.014105413901630115	0.8100988560834556
ABCG2	-0.04874006239849926	0.8101798144483058
DPY30	0.012911600258155076	0.8102165478557536
LOC100507073	0.036161736801375355	0.8102352379807171
FAM184B	-0.03309918632393494	0.81059079065016
IL17RC	-0.013645632283836306	0.810704765710528
LAP3	-0.016793102180450603	0.8108430553222215
AREG	0.04113162844736884	0.8108656798602153
RASSF1	0.02183522755263212	0.8111327278727339
ACOX1	0.01512032867794666	0.8111380629260638
SLC16A6	-0.034607209848996234	0.8111398607426974
TMEM237	0.016028947846491448	0.8112393514100454
CD40	-0.023221818389101756	0.811327214028135
SPAST	0.010661374340850571	0.8113516651453768
NSMCE4A	0.013524673076448224	0.8115830681185121
DHX16	0.011211383236840788	0.8117807660899278
POLR3G	0.021060068728701253	0.8119188568738208
ACVR1B	0.010937126471175063	0.8122694274571717
FAM115A	0.016574693838972365	0.812275878314503
HSD11B2	-0.031035515973058203	0.81245970359377
KAZALD1	-0.012544629062029244	0.8124900766470818
ATP1B1	0.007644348533840883	0.8133098290309377
SKIV2L2	-0.009767792644112205	0.8133525606856377
LAMTOR2	-0.019330119277569224	0.813446541763549
CIRBP	-0.005325357261900976	0.8138028989889212
COL7A1	-0.03198063844235843	0.8138131074693383
FAM188A	0.015136317994985049	0.8140023779724825
CHRNA3	-0.051284335305763484	0.8140527030524066
FAM73B	-0.015043020588969114	0.8141436064190958
PLEKHH3	-0.009817937611528826	0.8142360635120782
VSIG2	0.02524491776127924	0.8148219519071832
IL27RA	-0.02948712630639072	0.8149765918040968
RRP12	0.027077048889722732	0.8150043324755879
SLC22A18AS	0.016315997973058494	0.8150128995833523
ZNF445	-0.014020836064535303	0.8151263546970307
C9orf156	-0.011987737416042421	0.8151728588309807
C2orf76	0.019431667477444847	0.8154109954358976
TMEM91	-0.022410156482452592	0.8158810208186229
ATAD3B	-0.014226005112158546	0.8159550381848668
CASP3	0.012011933840851086	0.8162899498800077
LINC01134	0.010134230753760853	0.8163864797987757
C1orf86	-0.021015719915417286	0.8164791603386015
RPL27A	0.005184303314534233	0.8166387423531982
SAP30	-0.022522335470549493	0.8167921609627077
CTDP1	0.013341139473057595	0.8167993704607592
SSSCA1	-0.024001120591480074	0.8169903968831346
MFF	0.008153841723054	0.8173066990599185
ZNF330	-0.014354640355261239	0.8174100588041968
BAG2	0.019061770244986675	0.8176430769192086
GAS8	-0.01481004233959915	0.8178677267502751
PPP1R35	-0.015004227140344994	0.8179121295073338
HENMT1	-0.030527735927944555	0.8180872152333905
MLX	0.010571008276938798	0.8180926685065755
CSRNP1	-0.012662041095238052	0.8181749588357649
FAM207A	0.02320094067543632	0.8182970006186738
SLC38A6	-0.028135668748747733	0.8183035434633031
SCAND1	0.016504475729949064	0.8183701298376951
LOC339803	-0.05898746526754817	0.8184052330249006
SKA2	0.010315986629070295	0.8184133504755801
PINX1	-0.01597080607456114	0.819256582535341
SYAP1	0.013097864216788935	0.8194573103134564
C11orf24	-0.014786985544487763	0.819764609317136
UBE4A	-0.004812533878450154	0.8198444655595308
GAPVD1	-0.01749962492481849	0.8199289816755722
ACCS	0.02322035908959741	0.8199517446509355
OLFML3	-0.053885105097744024	0.8199558664390982
TRIM38	-0.01627914240037498	0.8202431013136539
SGMS2	-0.020354981052003396	0.820588056581571
CLPS	0.04713571112217707	0.8206121157275864
LONRF3	0.028938148352755988	0.8210494956887985
IMPDH2	0.02031493748746982	0.8210708525396827
GLB1L	-0.026198522775065847	0.8212107170180791
FAM193A	0.01042260723621613	0.8215520183579131
RABGAP1L	-0.011953872305761948	0.821817763391208
MSI2	0.019322773038842556	0.8218754770360529
RARRES1	-0.058070116810776895	0.8219083806005368
ZNF562	-0.01271801479511403	0.8220282294376886
EFNA3	0.013381956061401468	0.8222548050572837
CD8A	0.04307851957644093	0.8223283553536476
PIGW	0.02519277134022424	0.8224497510130768
LINC00865	0.035143346367792816	0.8226029244585186
C1orf210	-0.03887235874749262	0.8226223334072188
ATP13A2	0.02028126599561375	0.8229586924511608
IKBIP	-0.02847289150125043	0.8230202455202965
SPATA2L	-0.01874382656453477	0.8231652662114547
PDE8A	-0.010715718691727716	0.8232213441770869
FABP3	-0.03153583969924689	0.8234900430464429
MAPRE1	-0.005957784342102812	0.8235525507732834
SCP2	-0.010844010350876232	0.8240760758449529
CWF19L2	0.013838724364035215	0.8242348191202883
MYEOV	-0.030265464864033476	0.824310168496811
ZNF597	0.014239773439223669	0.8244814079139725
IFT52	-0.011526200607143267	0.8248578751809258
NUSAP1	0.04625957425626481	0.8248963785231322
IL10RB	0.012674977402886256	0.8251677004091097
SEPSECS	-0.013427355312034095	0.8253850148248338
NOTCH4	-0.02387497118107529	0.8256180940421418
PPP2CA	0.010270531234333191	0.8256461970055068
HSBP1L1	-0.013711781375940646	0.825832561731451
MRPS36	0.010267901009395786	0.8258640093731044
TP53INP2	0.013896601616540494	0.8259464209245965
SIDT2	-0.018972329486215855	0.8259999265096802
RASD2	0.03808162293420825	0.8260656636977469
CFH	-0.04487207410902183	0.8261567342744167
LOC401052	-0.019115811498747526	0.8262504338163238
CRNKL1	-0.01367147129886881	0.8265812672014369
UBE3A	-0.009190414179197859	0.8270539272129525
ORC2	0.012134732256894765	0.8274220797945008
IQCG	-0.027018672216161832	0.8274275263111575
SLC22A18	-0.03852415110338381	0.8275893675810191
KLF16	0.015333578052004526	0.827713356233587
STRN4	0.01790991378634299	0.8278783074500446
FANCC	0.013949399593985667	0.8282653297178946
RIT1	0.014121868633456103	0.8284924385694433
ZSCAN9	-0.013470129378445606	0.8286791438569453
OPA3	-0.012709784780074784	0.8290903631480911
ZNF142	0.016332475019423143	0.8291443716397042
PFDN1	-0.008356132008771056	0.8294341155529495
ANKRD16	-0.019938476253757997	0.8295806956182405
ABHD3	-0.0218910554185463	0.8297746792783052
TYMS	-0.030286075113414412	0.8298476691094631
HSP90AA1	-0.005722625958647143	0.8299142955194727
BDKRB1	0.01993222471929723	0.8299793509895416
CEP76	0.01450427739661464	0.8303655410098143
NBL1	0.025243644643483165	0.8305923016043072
BTC	-0.022588255444235372	0.8307896723912424
OGT	-0.009774808302006832	0.8313122790320141
CHPF2	-0.02014137641666558	0.8313248485076437
FADD	0.012505874628446989	0.8314083356107574
GUCA1C	-0.046741614204260706	0.8316888494770359
SLC31A1	-0.015634215169798793	0.8317198935411472
CDR1	-0.04656414344987514	0.831853036277777
SLC25A26	0.014837252412283064	0.8319755404772435
SMG6	-0.012042211231200639	0.8320192336781429
RASL12	0.02584915475376004	0.8320961435467704
RP11-495P10.6	-0.009551824041982293	0.8327002984439772
FUOM	-0.02042356677569046	0.832745909178891
KLHDC3	0.02534333219924534	0.832821853332602
PSMB10	-0.021762065061402325	0.8328976717694837
DUOX1	0.030786605966793168	0.832939619990777
SLC6A8	-0.032596020761278766	0.8331597854713199
CYB5R2	-0.022218130566413308	0.8333046677679895
NSMAF	0.00985083339285886	0.8338581711187362
MRPL15	0.015122576378443497	0.8345127480884486
SLIT3	0.020576806055764507	0.8345749894019413
SLC25A40	0.015692135699877596	0.8345921926058044
RAB40B	0.014755379173559291	0.8349665703412823
ZNF318	-0.013265416291977417	0.835074947411969
PIAS2	-0.016391071807010604	0.8353989483237461
PHF3	0.007889431378449885	0.8353997578624067
SPON1	0.04640226591102703	0.8354600034272549
ACTR1B	0.012535884719300228	0.8355270131112849
ANKS1B	-0.04437427364097779	0.8355326104825497
YIPF3	0.010670920927315919	0.8359227422981608
S100A14	-0.031750077464909765	0.8359686011181331
RHCG	0.028008036877194442	0.8360668287057499
RP11-420K14.2	-0.06890568426566368	0.836263380181144
PTGR1	0.017439637706763378	0.8362780687387394
RPL23A	-0.0020304439724352363	0.8363072795174586
STX18-AS1	-0.03111085401566349	0.8367153260800744
LTBP2	-0.04428076325814523	0.8370291037836728
C12orf61	0.018710985739348374	0.8374106909749229
PSMB4	-0.006315127387214403	0.8374866240799629
UBR4	-0.010369710043859115	0.8375726314367444
LOC100507459	0.027953670414786913	0.8376756281718584
NMT1	-0.011347847387222387	0.8378278206250498
MPP6	-0.014288711698622336	0.8380289846871009
MTX1	-0.011122079455514466	0.8381695004273377
RP11-33O4.1	-0.017535078768796453	0.838199375913801
FRAT1	0.015516277313908589	0.838231222685996
CUL1	-0.009489882136591632	0.83828797539763
POMP	-0.006183276397239368	0.8383803883061627
SEC11A	0.006517908088968127	0.8383855006719694
LOC440434	-0.014299507317046434	0.8384253463194021
ERN2	0.01394786469862197	0.8384410974200421
PPAP2A	0.009658326836468945	0.8387914301400805
ECI2	-0.011102885878448987	0.8388091099654917
ZNF32	-0.013229257655392956	0.8389562939918824
S1PR1	0.04219852228759535	0.8392125326026498
DDX23	0.011586947691100136	0.8393079973186606
RPL29	0.011153271879695836	0.8394122433581495
GCNT2	0.016575715630326116	0.839680214418186
AGFG2	0.022530035886594746	0.8397181800027121
SPATA6	0.021069574367791333	0.8397231934908495
ATE1	-0.011250562681080822	0.839838708777033
JARID2	0.016725791610280538	0.8399455874175992
NPR3	0.030866953347743475	0.8400280814532992
E2F5	-0.012675127204261116	0.8401553690602507
GM2A	0.023764137080199532	0.8402073355068695
EIF2S2	0.009099036209269329	0.8402083508968399
FAM76A	-0.015710874138472164	0.840308818148457
ANKRD52	0.013370252794481452	0.840520948552631
ATOH8	-0.0247554160407244	0.8408746997776513
IQSEC2	0.010968606758146038	0.8410583714017464
TMEM106A	0.01920311492794724	0.8412302899535713
YOD1	0.012736049572049879	0.841473311021668
MMP19	-0.026093821845865506	0.8418010806606748
LOC403323	-0.027860044270051176	0.8418690011566419
RP4-710M16.1	0.013025381221178911	0.842046450786111
THBS3	0.018484367165412685	0.8420501844104111
SH3GL1	0.013933691587091346	0.8424598281283129
SNRNP200	0.020715128371552538	0.8425135650484129
ERF	0.013899583451125963	0.8426238422310357
MKLN1	0.009314658242480789	0.8427015698694097
HMMR	-0.04180165824686721	0.8444308331630257
ZNF493	0.022284179168547524	0.844564835019272
JUNB	-0.013940094498746447	0.8446126564412018
ARRDC2	0.011175304573306732	0.8448140598047295
ADH5	-0.00978337942982499	0.8451445562781046
PLEKHH2	-0.023084880704260513	0.8451659215912202
RPS11	0.00352055151001629	0.8455074153824503
BDNF	0.0255567603427318	0.8455574838048425
CLN6	0.014505935006894788	0.8455764624599115
UBAC1	-0.008657936566413227	0.8455932540867434
GEMIN6	0.011509539941727098	0.8457119895814268
STARD7-AS1	-0.01475566811717055	0.8457438000714026
TIMP2	-0.011856679285713767	0.846608337716596
DMKN	0.016496210105891862	0.8466396110520259
PIK3R4	-0.012043038786341498	0.8470689574668034
ZNF250	-0.015416144681076993	0.8471491376714517
CORO1B	-0.015376594875309735	0.8475932406136332
DDR2	-0.033660240626563365	0.8478261818672499
RCOR1	0.007561726800751956	0.8479352656707166
MPEG1	-0.053534936626567386	0.8479442761409569
XRCC3	-0.010052405864033886	0.8479587958579615
BUD13	0.009731119084591455	0.8479801385715288
TIMM44	-0.008990923290099317	0.8480921463822496
LRFN4	-0.01152020372995377	0.8481038652413514
ASH1L	-0.008464900476184312	0.8482903233016533
HAUS2	0.012340954328946552	0.8485563001769931
ZBTB4	-0.0077547616102719985	0.8487091057624845
PRSS23	-0.014707329692978277	0.8491031744225769
CCL20	0.06721546768734576	0.8492067804226614
SCGB3A1	0.05591603743107587	0.8493590206396372
ENDOG	-0.016945337484958856	0.8494312618849709
NLRP2	-0.04990862934711782	0.8494364776794362
MFSD11	0.01075722311089855	0.8494619028051626
RABIF	-0.013080984450501987	0.8500693849392024
CDC123	0.009418610332078359	0.8502137513772718
PWP2	-0.015341583780699608	0.8502261472458089
BTN3A3	0.03180712580326173	0.8502364417909687
HNRNPC	-0.0048119562343398314	0.8504816985805964
PPM1B	0.0064459616729344305	0.8505592308130643
AKAP8L	-0.0067094149624065125	0.8505747378584483
CPNE1	-0.009813890219296795	0.8506980381526743
SH3RF3	0.018880812907895006	0.8507078880707978
CHRNA5	-0.026073202555765285	0.850911912174564
GATS	-0.015378333821425727	0.8509506864670624
GLTSCR1L	0.011069981614669544	0.8510717818990687
RP11-295G20.2	0.028582452743730613	0.8510769693129516
KCNC2	-0.009784321025061438	0.8511028439214152
IL24	0.04006556720238308	0.8511418256475962
NKTR	0.015263358540098082	0.8511891292730407
LSS	-0.014131399072683237	0.851321836978559
C21orf91	-0.014186708104011458	0.851359871993594
STX4	-0.013999480685459531	0.8513607802097742
CCT6A	0.008816910494983787	0.8515549176835442
RILP	0.010743420315163732	0.8515808974548611
LARP1B	-0.01839023573308296	0.8517439300291129
SAP18	-0.009117195770679487	0.8518758564840274
HIST1H1C	-0.023175364976816937	0.8522601884282756
DPH6	0.01718042923057439	0.8523689373417158
LINC01089	-0.012979371436089515	0.8523970860031701
CLCN7	-0.01295829921930114	0.8525008131377967
ECE1	-0.00842103811027961	0.8527596809995825
AC025442.3	-0.010178412238722068	0.852978557317795
HS3ST3A1	0.03933401268232828	0.8531342056854029
RNF146	0.013216032008152467	0.8531961711083703
RALGPS2	-0.012769559033833033	0.8532429307848575
ABTB1	0.013393635184209884	0.8532585282176341
TNFRSF10C	-0.02850780695363575	0.8532681002539876
RPS23	-0.0018996098245640525	0.8534250521341523
AP006547.3	0.010336003168545993	0.8535189434772243
GTF2I	0.014080972491225197	0.8535873754511404
DCAF7	0.007485802979321221	0.8536730542950798
TIGD2	-0.013782038333330249	0.8537741890440042
SLC25A19	0.01171625420049871	0.8539520316245297
PCAT19	-0.031280935221177586	0.8539933371913685
CSNK1A1	-0.004736631340856334	0.8540904408036026
DLST	-0.012885114617795068	0.8542162802698245
VEGFC	0.03275368282894853	0.8543590816915247
C3orf17	-0.004865361666666956	0.8544509937199787
GOLGA7	0.004794781478691945	0.854748280014325
MTFR1L	-0.00723687566165232	0.8548212468532524
SHKBP1	0.013098993608393172	0.8548922757158789
RRN3	-0.012244802499992602	0.8549015974401186
PPP5C	-0.011123584612782622	0.8552254858626501
MVD	0.013910181242480668	0.8554168261360495
EXOSC1	0.011334293907268034	0.855580549174555
NRP2	-0.029398186721179442	0.8556299502560504
TRAPPC6A	-0.01288396701879968	0.8557352899171161
PALM3	-0.028756187345862827	0.8559426256131881
CYP1A1	-0.04352780422243274	0.8560032545339304
CYP4F11	0.05501651566353338	0.8566703344820914
MRPL33	-0.008425629204259266	0.8567302487996393
LOC100129129	-0.015887300911649582	0.8567603766942025
DEXI	-0.008346248773813514	0.8568623859872845
DGKQ	0.013420619236842235	0.8571517001736136
ZWINT	0.0177299829843367	0.8572896414583299
PECAM1	0.042002684493105846	0.8573211155961243
ATP13A4	-0.038107325946115544	0.8574354642657768
CCDC125	-0.02003659971240168	0.857462108840707
NCKAP5L	0.008866967125316094	0.8574994338456525
PNKP	0.013463953461153366	0.8576463766207801
TNRC6B	0.00950892391603908	0.8577356319437409
CNGA1	-0.036094742808894686	0.857808421757861
MRC2	-0.044190893568297085	0.8578110664927742
TRPM4	-0.015130183478699877	0.8578218546275519
LINC01000	-0.021084156338348592	0.8579357310296768
ALDH3B1	0.02173006751441342	0.8588722144569368
TKT	0.015379108734331126	0.8591719722025606
PHOSPHO2	0.016186319224937407	0.8596701810089694
ABHD5	-0.016596872626561066	0.8597094947436196
EPG5	-0.012142009350249339	0.8598658044697998
SLC35C2	0.011506357726815963	0.8598743098746787
MRPS12	-0.014567196942358862	0.8598866442618635
MIF4GD	-0.008121020481206997	0.8599388870972158
TP53I11	-0.01140635154698888	0.8601090802473733
KDM6A	-0.01716982944924972	0.8601685228624776
RP11-69I8.2	-0.009815818581456526	0.8602927656946897
SLC1A4	-0.01709913751880343	0.8603840068939053
ZNF521	0.037655889722431723	0.8604837740443575
LHX5	0.008500069959272771	0.8605454084241918
CLEC14A	0.02396546255263221	0.8606250349869644
LACC1	0.015533731243108306	0.8608755120168009
RPS15A	0.0023441737907230475	0.8608756993679451
RNF14	0.013809875822683892	0.8608758098435447
PRO1804	-0.03011609348935007	0.8612599913265842
FGFR3	0.037253151340228996	0.8613482586501117
LRRC74	0.012508535232456985	0.8619775392173975
RPL18	-0.007780833289476874	0.8621940860600956
CYB561D1	-0.011333641451136245	0.8622142614288767
USP33	-0.0058217431390943375	0.8623355823272569
ZNF256	-0.013685244266289587	0.8623531228608696
FLJ38379	-0.04023083324749521	0.8623620384692982
DUSP12	0.009518161737467778	0.8624113556492412
RPA3OS	0.012442804000004415	0.8624566896036642
PRRC2A	-0.011871315056392717	0.8625488967586907
PCGF1	0.008994399582078927	0.8627092251592244
POP4	-0.009281414254386888	0.8630251766686814
ZNF614	0.01460146916290661	0.8639544126997549
TMEM251	-0.010029522299500826	0.8642185018323931
HS1BP3	0.012446403202380552	0.8643270341174459
RFESD	-0.017218826819551225	0.864435273097426
SAYSD1	0.009542971295740443	0.8644511322976082
DLD	0.012435075238100168	0.8644658795338359
EDNRB	-0.03791362150438182	0.8645183325088145
CCDC152	-0.008985113780076937	0.8647114901670532
C4orf47	-0.025880786781330656	0.8648695332864876
DNAJC5	0.0070200595676723765	0.8648722389281934
NAE1	-0.005196087913535763	0.8648917385643602
C22orf46	0.01013503794736792	0.8654095541602259
POLL	-0.007624332090225394	0.8654693296024533
ZNF543	0.016084443206767496	0.8654963051904182
SETD6	-0.012730827607144946	0.865642584665134
RNF31	-0.011163330411653405	0.8659336128772119
CSPP1	0.01225851557769353	0.8659779354985438
FBXO36	0.016388875390346946	0.8660145809400617
C11orf80	0.009368844715542224	0.8660545469492859
TAGLN2	-0.010686861704261474	0.8664884256724894
PTDSS2	-0.009816896325814284	0.8665799698090113
SULT2B1	0.01820549169987551	0.866609366169744
CELSR2	-0.020477077389099207	0.8667251248414961
FOXL1	0.019344016172304634	0.8670700025417214
TBX2	0.025926792798870224	0.8671204435311851
RP4-539M6.21	0.021426852290100662	0.867463198365126
HCG18	0.013808065467417308	0.8676327057834902
ZBTB25	-0.018357619132830294	0.8676887969584347
PDLIM4	-0.02152083527568749	0.867807548152806
ZNF236	0.009448401329580136	0.8681996176830437
ILK	-0.010542946760649485	0.8685191847108809
BTBD2	0.010041537081453278	0.868650010315334
MDM2	-0.005383791271928118	0.8686832034516785
AXIN1	-0.012068902693606276	0.8690850986405846
LRRC69	0.018894766077065306	0.8692031582822561
CTSLP8	0.009450605513782406	0.8693070075977481
MRFAP1L1	0.006625717882203119	0.8693794561230596
SNRPB2	0.006620598038853842	0.8698800030142373
SUV39H1	0.021907648088344445	0.8700744096926896
TXNDC16	0.017833937909145448	0.8707762856026758
ANAPC16	0.007519832161657192	0.8708799525289455
GCDH	-0.010096053347742995	0.8709142010570671
DSTN	-0.002897683063904921	0.8712035355078386
FDPS	-0.00947844201128234	0.8713335899878054
CXCR4	0.021081446560151207	0.8714199715190178
GJB3	0.02295454968358346	0.8714637711052519
PATZ1	0.008995350369669808	0.8716383784598004
CDK5RAP2	-0.014703566941102864	0.8716626609997297
FAM20C	-0.018390600297626847	0.8717696736978573
CD248	-0.03445359950563898	0.8719576032025256
LINS	-0.011253650916037472	0.8721460148383068
PI4K2A	0.01073048413971911	0.8725942895579322
CRKL	-0.007520582750624172	0.8726172132590134
HSD11B1L	-0.0075804027963668474	0.8727127109676476
HAUS3	-0.010977257328318224	0.8727371730982698
LOC730101	-0.026403120659773904	0.8727567106515696
ISG15	0.03306159442731449	0.8729075818534205
SLC11A2	0.010194206807014439	0.8731626953573923
FKBP10	0.027392485253757926	0.873186859765386
FGB	-0.04354649477005257	0.8733404852288319
COPS7A	0.0055296684398484786	0.8734547361928623
RASL10B	0.006814400793233588	0.8734829476927068
CCRN4L	-0.013790210341481313	0.8737160045501169
RETSAT	0.012180559344605157	0.8740440357341922
NUP188	-0.006799709705507695	0.8741265435345269
BATF3	0.01984828054260923	0.8744540517068868
CBR1	-0.012577238030070603	0.874829484269231
RARS	-0.006560902154133075	0.8750091455994666
GSK3A	-0.01316432385839672	0.8750422890256448
ARHGEF5	0.011188335526947313	0.8752543442397143
FBXO2	-0.018706753885338046	0.8753222962339983
POLE2	0.013112765156013673	0.8753307590043843
GGPS1	0.0056044848182974505	0.8753365644359427
CCDC92	-0.009460765726817755	0.8754605449322671
GNA11	0.0059704185187960945	0.8755064167873172
HLA-C	-0.008086044129068881	0.8757371628538053
USP36	-0.010669804119673998	0.8762206832732256
TFG	-0.006421742374689288	0.8764645883769271
FAM134A	-0.005250021434834551	0.8768795359612318
SRPX2	0.030730068154134926	0.8769083911579536
EML1	0.011920198864038056	0.8775096473825995
C9orf40	-0.012180652500001443	0.8775639431558475
CHMP4B	0.010309175156644201	0.8776907517731348
SPNS1	-0.009607503825190378	0.8777169163279553
PRKCZ	0.01169016964411096	0.8779729157117518
C19orf68	-0.008727350182335947	0.8781592069661409
SSBP3-AS1	0.009949752563906067	0.8782704743152637
LOC101926918	-0.022124349630321838	0.8783618755999952
CANX	-0.003042359072683354	0.878371393646493
LOC101927507	0.012786134349623168	0.8783952518544925
ARF3	0.007527314830825915	0.8785837874039326
PSMB9	0.024869609182330166	0.8787073558670969
VNN2	0.040861287634082366	0.8789760900637574
ORAI3	-0.011551176372185168	0.8795732665162319
CWC22	0.0066329061760654895	0.8796379496476973
AK8	-0.016774646957392392	0.8796930933980913
FMN1	-0.02160386465476094	0.8799621267929439
DRG2	-0.009786194820179617	0.8801586128228135
SKP2	0.010509687328323025	0.8802322454208193
ARID3B	0.013535249875313404	0.8803021398300924
FLJ20021	0.009760352177943687	0.8805340970679779
SNRPB	0.00908614351566328	0.8805681395706676
PKP3	0.014802088809526381	0.8809537134027445
NOP14	-0.010284064248743618	0.8811874530623452
KIAA1161	0.018113469953635608	0.8812847339022367
FAM161A	0.014391204833330562	0.8813352813086388
DSTYK	-0.00655905767168008	0.8814133427501696
WASF1	-0.013117898033833342	0.881678978269113
NPTN-IT1	0.018543065322681684	0.8820080507356357
ARMC10	0.010083588232452811	0.8821131271517297
ELP3	-0.0077608724185491695	0.8824016626139728
MAK	-0.01851428677255651	0.8827821209431701
P2RY6	0.012549032996865606	0.8827825705478924
POLK	-0.010099163577695691	0.8827849653651525
RBM45	0.007218190480578812	0.8828198790750822
ZBTB33	0.005920233790721596	0.8828547977922474
ADCY10P1	0.01565833386027471	0.8829805861731683
BSPRY	0.009832596303258612	0.883240608890666
FECH	0.013397304981202396	0.8832616180845443
U2AF1	-0.004766768063905857	0.8832792131235638
PALB2	-0.00702140114974803	0.8834232255474213
NACAP1	0.0026010725745635455	0.8834903782344743
ARHGDIG	0.012413263809521347	0.8838637665404251
ATXN2L	-0.012199026692353954	0.8840081227304915
VCP	0.01009169146302824	0.8843199360191603
NPM3	-0.009196783671679754	0.88437513458715
LOC101927608	0.0073234842750595774	0.8847840057909633
TEX9	0.015911231329573283	0.8848286908714397
AKAP8	-0.004390721478696236	0.8848682531333076
EFR3A	0.006396005169174046	0.8851357753251414
TMEM239	-0.008473985347741575	0.8852056041429243
STOX2	0.012493530254386265	0.8852250468467286
CTB-25B13.12	0.015985582558272426	0.8852737542001549
CTD-2528L19.6	0.020715471511904227	0.8855166828744299
PARP1	-0.007857519533207125	0.8856759779125628
PDE4B	0.024171756718047277	0.8857261592335086
ANXA9	0.03763235163094958	0.8858501911537036
HIC1	0.021812406382204053	0.8858504772460956
CLPP	-0.009342447482456606	0.8863424810102546
ILF2	-0.008316931140353034	0.8864273089616472
DERL3	0.011472643875310773	0.8865067744977492
SMARCA4	0.011134591266293015	0.8866580371017921
CNTROB	-0.010495284637842772	0.8868526292191664
CAPN5	-0.021017950984334455	0.8869821077371645
SNAPC3	0.005307615298875135	0.8872400447741672
FAM127B	0.0061639389310759185	0.8872835916944336
MANBAL	-0.006526625845864942	0.887284138662469
INPP5K	0.00976202577694174	0.8875141474974167
SUMF1	0.009419602468668131	0.887616878562172
SLC37A1	-0.010291988155387344	0.8878346731545425
MBNL1-AS1	0.011790602414164297	0.8879319473143319
ACOX2	0.017848135521300712	0.8880871606018169
RPS15	-0.006930385169169995	0.888196820729485
TTI1	-0.010613577988097589	0.8882193610082314
DYX1C1	-0.012738371553262517	0.888312462591674
IPO4	0.013937781981828934	0.8888417525619704
YTHDC1	0.003543832900998467	0.8889116274826065
ERICH3	0.043406712098995825	0.8891146881990416
RP11-436D10.3	-0.0074092669918526255	0.8891897600582014
RNF144A-AS1	-0.015603350003757122	0.8893210150788388
ANKRD37	-0.01697295604698823	0.8893560351061234
CYB561A3	0.008299064476188889	0.8896065629758594
COBL	0.00890365090225842	0.8896538992531758
PLIN2	0.023766319563909732	0.8898506805748306
S100A4	0.01802258878759666	0.889895966522409
GTPBP4	0.009769512473683406	0.889984034223458
RAB11FIP3	-0.018630138020677478	0.8900761935133644
RP11-255C15.4	-0.01308886932769493	0.8901594918486498
TAF10	0.007635928696744898	0.8902596398075759
PLCH1	0.015168894876568473	0.8902774109666683
PPP1R3D	-0.005638828852131184	0.8905720734621234
EI24	-0.005327845194235792	0.8909007363217923
LOC100507634	-0.014755487647245324	0.8910654846403685
CPA2	0.014741373139095515	0.8911722503121741
PLA2G7	-0.034603240027568205	0.8912716690272626
LOC100130219	0.012243559492482348	0.8912816759717708
PLCD1	-0.012337853800753251	0.8914934551661505
PDIA2	-0.036815746865918264	0.892129406530027
TAOK1	-0.004415153208020328	0.8924816749369866
RP3-327A19.5	0.015254512199249781	0.8928416662947148
HSPBP1	0.01348608836591314	0.8928453550154921
TIPIN	0.01033146341541702	0.893243175266732
CEPT1	-0.006405070009398273	0.8932578793602595
RP11-378A13.1	-0.013905188345864516	0.8934595288336593
TRAF6	-0.009126387217420984	0.8935046615291519
SLC26A4	0.03762799222932234	0.8939891620896941
METTL1	0.013120388774435554	0.8939926595920916
SLC35F6	0.007150091240596623	0.8942825828493353
PLEKHG6	-0.013633703849622592	0.8942827669280449
IFI27	-0.02670968380012617	0.8942869620338376
RAC2	-0.01933281166416112	0.8943198789739031
CEP164	0.012689920363408547	0.8943309337153789
USP35	0.012506363322681402	0.8943892654773663
PLD1	-0.01808830221679436	0.8943895236500062
FOXN4	0.008141210528822995	0.8946135800276627
ZNF207	-0.005048929492481591	0.894655512937805
COL16A1	0.017405180313908808	0.8947915479315359
PCTP	-0.007247888860902663	0.8950913605007162
GLI4	0.011953538281952447	0.895338908231699
GFPT1	-0.007122018997490542	0.895423546349348
KNSTRN	0.010140638895987486	0.8958905134661601
COL1A2	-0.03785641607831991	0.896052442726977
FAM118B	0.00677496571491254	0.8960920705231956
SUN5	0.005958563602130873	0.8964114291637084
SLC17A5	-0.00931308624060101	0.8965207358007282
AGBL5	0.00801188119360674	0.896552429211247
RP5-1065J22.8	0.012861225469296578	0.8965903779741242
RPS28	0.0054402798558932375	0.896708223996639
LIN7C	0.005066658101505084	0.8970707250866231
KDM3A	0.00754000130137733	0.8971895494292823
TIE1	0.02809165522055146	0.8976547323020975
GEMIN4	-0.009431971989352306	0.8977465838466674
STARD3	0.007246292328320969	0.8979322277362518
DNASE1	0.00754561720426139	0.8981736941009953
PCDHB12	-0.008040511748123258	0.8982084754746059
ZNF254	0.0068184693295769705	0.8982882854816475
HCK	0.017709079535715766	0.8983267152866756
DLG5	0.004013697581454423	0.8984720127084128
FAM98A	-0.004995636591475616	0.8987279956430599
KRBA1	-0.009354940461779648	0.8989273872920913
SLC39A6	-0.003067328496243249	0.899036050004351
ORMDL2	-0.00806176174185147	0.8993068027291043
MTIF2	-0.007220387931702987	0.8994462622220619
PPHLN1	0.004064374667919424	0.8997609564047349
PTRHD1	0.01059477698496103	0.8998696522809609
ADAP1	0.013728377793234436	0.9000777774594841
NID1	0.03173441858772108	0.9001899516776303
ZSCAN32	0.007416009908526533	0.9002371740452103
PALMD	-0.01688716139348223	0.900429743365167
COMP	-0.023221210088347988	0.9006099786350606
LOC692247	-0.02138975972932311	0.9006733997541967
FOXF2	0.03149506408772229	0.9007768856557201
AEBP1	0.024001748681710566	0.9008070280518623
ZFAS1	-0.007649392261905419	0.9008623327253572
LUM	-0.02341757379197773	0.9009015795886623
UTP23	-0.005803823957393206	0.9013102987232107
CRISPLD2	-0.030368060373433536	0.9017550463704014
DNTTIP2	-0.006871316911029268	0.9019235604954999
CYLD	0.006025706246244766	0.90248444900604
LDB2	-0.021487915413533898	0.9029456414987729
MFSD4	0.016487721514412357	0.9030756233267999
ZNF444	-0.009249945963661688	0.9031357681492282
HMCN2	0.005044497406016646	0.9033848691837519
CPA3	-0.022985271825816334	0.9034613790874897
NOC4L	0.010455068600251138	0.9035483272176463
DIXDC1	0.009650472432959134	0.9037123149234141
CYB5R4	0.005879817761904604	0.9040422211035133
IFITM10	-0.021582594253758636	0.9041388991974769
DESI1	0.007996959813908688	0.9047264836448584
BC012193	-0.013935415131578033	0.9051087479086888
MIS12	-0.0057300291253152835	0.9056550867470985
POLR2J4	-0.010099340961779113	0.9057844777172525
FLCN	-0.0054317016541372	0.9059007313834083
TMEM11	-0.00625670666353173	0.9059817383088268
NID2	-0.021447608067667545	0.9062292405698471
CLPB	-0.010676182927946698	0.9062563301625822
ZBTB40	0.005494893572052462	0.9063636509771344
ELAC1	-0.0076267221365888815	0.9066398609055533
CEP290	-0.0085795090338312	0.9066728786482828
SSR1	-0.002940351159143262	0.9068392455728151
CHST12	-0.008871361125313726	0.9070610474433735
NDUFA4L2	-0.010312489709276562	0.9071366829606035
VCPIP1	-0.007197501330826306	0.9071473344534697
RFFL	-0.01816732456829584	0.907322854919532
IL1RL1	0.03146832458959903	0.9073331982106249
NDST1	0.007044430469298035	0.9074491941226593
HLA-F	0.011275925307018042	0.9076204497556618
ZNF532	-0.01472389444172606	0.9076903407239529
RAB31	-0.011442494617796228	0.9079028903533378
ZNF808	0.010913807409143494	0.9079690390116434
CEP250	0.008569319496241512	0.9080364929832759
ZBED5-AS1	-0.00818229172305962	0.9086688216655832
HAT1	-0.00526227968671833	0.90882640506585
FLT3LG	-0.012683735402883478	0.9089864095152642
OSER1	-0.010159526802626218	0.9090885010951549
TIMELESS	-0.006962604165416053	0.90916161965869
ZNF354C	-0.004851148546993755	0.9093103089421375
SFTPC	0.006916692095238375	0.9094663991267354
PRICKLE2	-0.011967257759398109	0.9096949021453596
SRSF5	0.005937860338342205	0.9097931604974583
WDR27	-0.011104042130953395	0.9099539941508602
MIR302B	0.0038299894580209326	0.9100626132289252
GUCA2A	-0.014648201854635445	0.9101369881185439
SHISA5	0.0032724488972384336	0.9101385902282695
TFE3	-0.00535288224937247	0.9101986379456255
RFNG	0.007090591754386644	0.9102259884970573
MX1	0.01577118265852917	0.9106244413312636
C19orf54	0.012645268505011131	0.9106650289507684
PRKAR2A	0.004172269241855986	0.9106706315295103
TSPAN13	0.0034247075626563372	0.9108746928669494
MOGS	0.006598073560148521	0.9113165629255606
PNPLA8	-0.0051732376541338	0.9114713218418523
RRM2	-0.032608265182958895	0.9115015521568257
MMP24-AS1	0.007310236380952517	0.9115112443932801
SMIM19	0.006903355814538159	0.9116894053389936
ZNF358	-0.005600180386592157	0.912050209442117
PRLH	0.006717722644109969	0.9123100877237761
EXD3	0.006575983279448749	0.9123722228411973
LINC00674	-0.004065496825816695	0.9124697491618483
MRPS15	0.008607034436087346	0.9127037675224707
TMEM33	0.00518156093985489	0.9128159808150054
HIVEP2	0.004585635651633169	0.9137055356357131
DAAM1	-0.005103742036338232	0.9137798169959459
SLC25A25	0.006132760620928934	0.9138182118437528
LOC100133130	0.013016752755636851	0.9139466828547468
FLJ45513	-0.009877762130952483	0.9140363204657287
DDX49	-0.008789298022557901	0.9141209984749756
METTL17	-0.005706306274435136	0.9146926157287308
RP11-389C8.2	-0.027280149415414456	0.914714563289663
GOLIM4	0.006591614226820752	0.9147677217553671
GPR4	-0.022163939916664432	0.9147884428756955
NSA2	-0.006337628471175805	0.914968874116158
CSE1L	-0.005284833859651172	0.9150661119014495
IER3	0.004624673082705755	0.9151866412291163
CTNS	0.015749156250622676	0.9154216188468379
NUDT5	-0.005305391296992923	0.915595672296517
ZNF473	0.00650225497493917	0.9156140133539322
SAMD4B	0.007832055560776041	0.9156572410002879
TFB1M	0.00639686412406526	0.9160850868460351
GPANK1	-0.008524642053258091	0.9164822855084804
ACP5	-0.022600978949872008	0.9165381619151225
DNAH14	0.01057993684899916	0.916548752943018
CTSC	0.014541210850877562	0.9166927867654808
CILP	-0.02209855030200636	0.9167489025965427
FHOD1	0.007374391044484341	0.916831424402403
C15orf57	-0.009435044546366456	0.917104058813093
C9orf114	-0.008904245303885006	0.9171374156841633
PTPN11	0.0031874678320757965	0.9171524550734161
THBS2	-0.022050457581448413	0.9172705571999142
LOC81691	-0.013166976801382013	0.9175283620141343
SNRNP27	0.006597245288222808	0.917692060669962
RBX1	-0.008292205054509338	0.9178501421930694
CBLN4	0.020340775186090454	0.9178853396455495
LOC101927929	-0.008180494748120992	0.918447358166134
EXO5	0.006286815986836558	0.9185228993517736
NIN	-0.007249142368413786	0.9186940186699781
C19orf12	0.004946534981828066	0.918705665538179
TAF11	-0.010034196857139577	0.9187433839829722
EIF5B	0.006450195476192633	0.9187515692285418
TCEAL8	-0.005263801115289013	0.9189226081825276
LOC100130987	-0.009840775340852481	0.9191274147792302
PNPLA2	-0.005122121557016968	0.9191699692944936
BTAF1	-0.004667094736838351	0.9192103422214862
SERPINA1	0.00607136771303729	0.9193010916219173
GUCY1A2	-0.01561849674436111	0.9193134284417152
HIST1H2BH	0.010795613791351855	0.9193179962467222
ADCY6	-0.006104635364037492	0.9193462681970495
MGAT5B	0.006705726405390244	0.9198677667588961
DPP9	-0.0066083272869637	0.9202277077016624
IRS2	-0.003925946171676742	0.9202749409795415
TTC4	0.006062026593985692	0.9206114572944644
ANKRD44	0.008301022815787817	0.9207758922202344
B2M	0.0027446703884699275	0.9209484481288515
STX18	-0.0055688921992533835	0.9210688838385864
B3GALT6	-0.005203098679197993	0.9213400863753527
OSTC	-0.006009473527571529	0.9216401323004063
SETX	0.005295034866540149	0.9216985233447685
EIF1AD	0.0036408643045149347	0.9218218980848568
CHORDC1	-0.00590409976190287	0.9220164534572798
MED19	-0.006578648138475529	0.9221993875706432
MTURN	-0.008737320110274283	0.9224807362531773
PPIF	0.0076061889104011016	0.9225062313991607
ZNF76	-0.005105859400373447	0.9226943948120274
NRXN2	-0.011926892447368331	0.9227270759939351
EDA	0.007716743991229791	0.9231291788836449
YPEL2	-0.005838296660405362	0.9232276272748092
UTP14A	0.008718137891605693	0.9233792691452479
EFCAB13	-0.004641642164789239	0.9233799400440822
PRMT5	-0.006509371234335148	0.923381746515988
NUP35	-0.007398097616546195	0.9241212671689043
TMEM106C	-0.007009892566413711	0.9242566548938645
INPP5E	0.006831883699872421	0.9246013503485034
UBXN1	0.006041333354012579	0.92460214723787
DAPP1	0.005262575820180082	0.9246654055322987
NUP62	-0.0045248003784497115	0.9246820618611782
HIGD1A	-0.0027723154636571934	0.9249772688332265
ARAF	-0.00665677976253054	0.9252936616408104
GLRX3	0.008064673709274217	0.9253977334404422
PDIA4	0.0054369424937323885	0.9257137147003723
LGALS2	-0.023192753136589417	0.925793169310514
AC092620.2	0.013847710316416517	0.9258943137816797
PRKCE	-0.009526754483712097	0.9259519793394897
PHF23	0.005722753365917654	0.925961297032212
SALL4	0.008552548946743066	0.9260942828561975
SEMA3F	-0.013828932260651072	0.9261756467051672
SCAMP3	-0.004082125219294852	0.9262382663627616
FAM189A1	0.00964576148182772	0.9267150568914168
LOC101928464	-0.008019074250630531	0.926920072970004
MGC70870	0.009579808612782514	0.9269923093258781
TUFM	-0.006511701372177825	0.9273239638119908
TNNC1	0.021515820973687205	0.9276069382502355
NUP43	0.0055886559116569146	0.9279026449473727
LOC101926943	0.00846117280576486	0.9279715042589566
HCP5	0.013749437923561203	0.9280308977272101
RPS12	-0.0011599146428586948	0.9282700888976412
AVPR1A	0.005137328700499211	0.9283022562587777
MRPL4	-0.006720209046989112	0.9283922226465964
RAD54L2	0.008083313560148575	0.9284683076138677
PCGF2	0.005558762391601135	0.9291868562434197
TOMM40	0.0066989478377195155	0.9292273669782756
MEF2D	0.0044243620670387784	0.9292683328663738
ZNHIT3	-0.005289533916041478	0.9293162507486147
IMP4	-0.007730270969302566	0.9294564370707923
FAM114A1	0.006283948609022261	0.9298684697128312
PRCP	0.006166529385959407	0.9300230595893428
RARA	0.004344521786967981	0.9304888494676994
BTN2A1	0.005053053530074791	0.9307674488706851
BCOR	-0.006343580750627353	0.9314975686145389
ZZEF1	0.004816558942986049	0.9317249429164132
TOP2A	0.02781433722744442	0.9319855070805936
CFLAR-AS1	0.008762203388473111	0.932099499158156
ITGA9	0.019250979176066885	0.9321154880663606
ANXA10	-0.010608285975564513	0.9328617622888061
MRPL42	-0.004310741591474709	0.9331162957876836
EIF2B2	0.004036047489975658	0.9331977277831712
FRS2	-0.00408839258709115	0.9335884679369112
TNK1	-0.005317952660403691	0.9337421177612688
NRBF2	0.005796354892233069	0.9339471533646041
SLC25A6	-0.004183584003762064	0.9341704745905242
CIZ1	0.0066714147700484006	0.9342279932102103
HIPK4	0.002998599314533834	0.9343258650599591
SLC19A1	-0.004430838879700083	0.9344597107723426
TCEB3	-0.003914365137848819	0.9346471404625062
NCLN	0.009012753270678076	0.9346662002896011
LOXL2	-0.012770614992482443	0.9349037588393204
PDE7B	-0.012359723299494085	0.9350263812880845
TECPR1	0.0043466233834603685	0.9353204760731786
FKBP7	-0.009540083716792935	0.9354401713077475
PLK3	0.005561289473059006	0.9355691002350169
SON	0.00373990354010445	0.9358279251727544
RRP1	0.004804829511901865	0.9359228652637526
DPH5	0.004359126187969409	0.9361191002445901
KCNJ13	-0.028330094476191725	0.9365769213385302
F12	-0.010607426837094813	0.9366342924346918
CEND1	0.002924870854636552	0.936730885605229
CD93	-0.015363488483082222	0.9367563252614045
CLIC5	-0.019769663750627053	0.9367961280579576
CHST7	0.006143834919799751	0.9370451843137201
KANSL3	0.003324925983717364	0.9370536704216702
C10orf128	-0.019170552794488316	0.937291774634851
SLC10A7	-0.005457250607768138	0.9373696891391122
TM2D3	-0.0030235883145408593	0.9374142982924756
SIX1	0.003269499828948419	0.9374773872881215
MBD4	-0.0036235791090213354	0.9374830926205139
RP11-532F12.5	-0.007088847536962817	0.9379479890506357
DLEU2L	0.00856061118546414	0.9380776671952763
JAM2	0.009879913010650831	0.9383805528573501
GSTM2	-0.012838006616540554	0.9384849775784415
TGS1	0.00497319302255228	0.9386191529307254
FZD1	-0.005592719474934782	0.9389549687191571
COMTD1	0.0059561008721793485	0.9389656191616719
DNAJC8	-0.0030434902005040954	0.9391666693724926
BRD2	-0.005656021102758757	0.939184288760715
RTP4	-0.012557480249371977	0.9392742822793212
RUNX3	-0.013623512552005224	0.9393278455012285
TRMT61A	-0.006063131642229713	0.9394048222218926
LOC100996457	-0.009810731285091023	0.9396669786151354
SARAF	0.0024365702067647987	0.9396823014207417
IKBKG	-0.0041635214041342294	0.9399112476675291
CCNB1	0.008086471632208436	0.9399737854478413
ACSS2	-0.005816890632207361	0.940032707295032
DHRS9	-0.020367146263783553	0.9403858566778408
GRPEL1	0.004979857537593446	0.9406987101286098
FAHD2A	-0.005606013234961793	0.9407167569611753
PGAP2	-0.005251963088973355	0.940769707183156
TTI2	-0.004323496156011686	0.9407772697816632
PRELP	0.01770094944799805	0.9407944556430844
LOC255654	-0.003982648236216413	0.9409218309413167
MST1L	0.010763980623433866	0.9410340964812536
TM7SF3	-0.005626132593359756	0.9411919980921619
ZMIZ2	0.004891436253135595	0.9412987567573526
PPRC1	0.005841612758770154	0.9414113257726997
DHX40	-0.003574565229323312	0.9415905799998782
CRIPAK	-0.007232233973057944	0.941607277328069
EIF3D	0.005584646478702382	0.9417405949598097
ZDHHC21	0.00397942451315636	0.9418480936041213
CCDC90B	0.0024463799379699225	0.9419600989404558
MBP	0.003833684360900591	0.9419941774629409
NOP9	0.005533659063912566	0.9420419774822087
PKMYT1	-0.003249795836469005	0.9420878168779369
TMEM86A	-0.00777945714912498	0.9424731979083874
UTP15	0.00570276248058299	0.9425497233442718
HSPA2	0.00597578583270586	0.9428093228399946
PON1	0.0247104332600232	0.9429289614316355
SPTY2D1	0.003484635661649804	0.9430806410840755
TBX3	-0.011112129469296406	0.9431378646046964
RAD51C	-0.005369120247493697	0.9432147480803131
CEP55	0.025990440536966197	0.9433475310208415
RP4-595K12.1	0.004637077756889596	0.9433619103528633
TRMT6	-0.004081660950500776	0.9433959813281473
LCMT1	-0.004025751253136534	0.9437295589775094
ZBTB21	0.004350351916041717	0.9438901320586841
DGKA	-0.006913799397871401	0.9439344711657051
FUS	0.003726031629065929	0.9445763699099097
MCM3	-0.004214007572054257	0.9448359369315901
NPHP3	-0.005935078182956133	0.9448718429607197
PA2G4	0.004878336234336089	0.9449214100970038
PLCD4	-0.013052875442356004	0.9451239734863006
NAA20	0.0035881494548917203	0.9451565479594276
AMFR	0.0048383283634070295	0.9453837927490891
LOC100653086	0.017759690681700135	0.9454030023909576
PDGFRB	0.012587274546358884	0.9455211434976626
PRR14	-0.004203084553880743	0.9455500298282518
PSMG4	0.005117027760650927	0.945955156789821
BCAR3	-0.006559993067671854	0.9461445148860927
COL10A1	-0.021502538927317794	0.9462188872336349
SSBP1	-0.0027783208020029093	0.9464153908785212
TMEM245	0.0027332136403437346	0.9464343333611466
AATF	-0.004875924254385211	0.9465356903961134
HYAL2	0.005624191966166592	0.9465363890945304
CTB-50L17.7	-0.009732142620300976	0.9468207693390016
PBX4	0.0038362303859642566	0.9468598040446757
ZNF865	-0.004349583259401157	0.946964878223813
USP38	-0.0032721831453610406	0.9473007409492944
CCDC94	-0.004805224644735873	0.9474467599348461
MCM6	0.005145687115295061	0.9476978974000285
EIF2S1	-0.003130430570175591	0.9477733983675798
RAB5A	-0.0022879450187911488	0.9478229827094065
EIF6	-0.005701160476192513	0.9482957086164012
GSTM1	0.009240916884714068	0.9483809469391595
MPDU1	-0.0047023649354613895	0.9484777528860613
TRIP4	-0.003956567961779456	0.948703589146775
IPCEF1	-0.010301151977444079	0.949027561658249
TMEM100	0.01522982978508658	0.9491795600023055
TRAF2	-0.0036868590357155284	0.949240942877236
GABARAPL1	0.0024627523684248587	0.9492786343885576
TIMM9	0.00438564159774657	0.9498879803029276
TRIM23	-0.0035559160018792113	0.9499284200850825
EMC6	0.005775057970549113	0.9501035271756217
RPLP0	-0.0016718750939865856	0.950176594257033
INIP	-0.0047389442073964005	0.9503312781411335
EBF1	0.013864621073938821	0.9504203400723146
ZNF317	-0.00334975132455817	0.9505777718042476
FCHO1	0.003244446308895199	0.9506349522103379
TMEM184A	0.0020629979060196035	0.9507093705329702
DNAH7	-0.0067339608909762205	0.9508314196660748
GLRX2	-0.003720123807021025	0.9508928381039969
ZNF107	0.006028425860904463	0.9509912531848418
AAK1	0.003874901885962956	0.9510253169936559
B9D2	-0.003947829924188184	0.951297600257431
ZC4H2	-0.0037926830413512747	0.9513026595417353
LAMP1	-0.0020183839849625684	0.9515757835164677
ZNF701	-0.003396501109650174	0.9517922579827527
NHS	-0.00958840866980104	0.9519622868528406
SAMD9	-0.005713284873435143	0.9521024949946275
INTS1	0.0038170916046373904	0.9524504674938838
AC007292.3	-0.005006584709270179	0.952590044136018
ZNF414	-0.0058702050388452776	0.9528616602299268
SGCD	0.013495817022557866	0.9530107758616918
GIPC1	0.006066356947991736	0.9531306139229735
MAP3K2	0.0029810953822053676	0.9532351798142322
USHBP1	-0.0027667747731827674	0.9537718590509436
ATG5	0.0030081437888487272	0.9537933570535587
MTMR4	-0.0024879509210506967	0.9543304124924287
UBR1	0.0025988769799507594	0.9543407568193467
PKP2	0.0039397324310765924	0.9546816673075542
OLA1	-0.002040349360900251	0.9546896151734203
PM20D1	0.01723022627130355	0.9547004081947953
TMEM45A	0.008718058322056521	0.9548352684473894
OGG1	-0.003939221119673597	0.9549193772437422
ENKD1	0.003318798691100966	0.955011227898601
SLC9A3R2	-0.009330912585216566	0.955058670925668
FASN	0.004473893075186197	0.9552886516723021
ARHGEF37	0.004763068177945584	0.9554963327741074
MRPL47	0.002292608383463346	0.9558395984778537
CPD	0.0030241390914831356	0.9559717174492757
NOP14-AS1	-0.003639239818294726	0.9561626292907233
A2M-AS1	-0.006244614664788095	0.9563568980978607
SIGMAR1	0.003023420469293825	0.9565887600254221
PRR15L	0.0073110758928631725	0.956592613627192
SRPX	-0.008999789934835967	0.9566620399135803
DNPH1	0.004320623302628945	0.9567052654882636
ADCY3	0.007320941123435176	0.9567302281141176
FMOD	-0.011352088244359848	0.9572760893503878
LRBA	-0.002231504179194488	0.9574515371630222
TONSL	-0.0029057219555133074	0.9574589394327514
IGF1R	-0.0030252092167923905	0.9576194275262577
SNRPD1	-0.002763086221799327	0.9577341410729786
WNT5A	-0.011238274725567265	0.9579005501047391
EXOSC7	0.0028075577249389028	0.9579460569245404
CTB-92J24.2	-0.006598670080202318	0.957948845611448
LRRC15	-0.013325515884086592	0.958143324646875
LPPR3	-0.0036065359266963526	0.9582026666656682
PEX11G	-0.004369601419170088	0.9584727851405074
ZG16B	0.01438481876253217	0.9585404555553145
TTC9B	-0.0056757214755611685	0.9585439871165407
NUPL2	0.0025570192418538085	0.9588646451212756
RP11-473I1.9	0.004756541372810119	0.9588887804079298
MOCOS	-0.017699685322053682	0.9589229571575563
SPINT2	0.0021682209210514003	0.9591489109886118
PRORSD1P	0.005301605615289695	0.9591799108833629
PPM1M	-0.0044492824780704154	0.9595522612368619
TMEM234	0.003605309970551751	0.9597092096912327
TAMM41	-0.0037491197474910365	0.9599886859091816
CCM2	-0.0017380850689203697	0.9602731298132408
MUM1	0.003449983304511406	0.9602865945163558
RPL37	0.0003496946428587222	0.9603491817759829
SLC4A2	-0.00620228197619177	0.9603508289634571
PLAC8	-0.013615770208646794	0.9604105155917304
PRICKLE1	0.002990306723683389	0.9605302402735946
LTBR	-0.0038566113652915845	0.9606501556538565
VARS	-0.005256999984332822	0.9606751306817551
COL28A1	0.008104260123430684	0.9608243931924005
RRN3P1	-0.006696242846490286	0.9609003830432659
ZNF148	0.004391564702384443	0.9611404742845039
ABCC5	0.005698085532579	0.9612766794605265
ARPC1B	0.003730135972434212	0.9613978282104596
ZNFX1	0.003622204459901468	0.9614609628765792
MLKL	0.005493942729325241	0.96150613876115
MRPL38	-0.0029762490726827906	0.9618418457617218
KIAA0100	0.00383486295426394	0.9620082023033953
ZSCAN5A	-0.003676012476818258	0.9629680142260271
CCDC40	0.0018638637205503628	0.9630222474111334
CDC42BPG	0.002511139929822548	0.9631156095944909
RP11-401P9.4	-0.009281195379069018	0.963131208198236
C17orf59	-0.0029319524799502616	0.963251966502556
HES6	0.0036193068828351826	0.9634141899216442
AF289551	0.004082161866544531	0.9634884278810033
TOR1AIP2	-0.0033317588847143753	0.9635095635884702
CKAP2	-0.0055787908884727955	0.9635876658141639
SMIM8	0.004067401649123781	0.9637477264258607
RNMTL1	-0.0028305621065172204	0.9638993838954383
RAD52	0.003840293362154412	0.9641508823203745
VRK3	-0.002497883345865759	0.9643175000535885
SBSPON	0.006162727366541887	0.9643300615565358
C16orf54	-0.014351234298869642	0.964448884779975
MMP24	0.0031138365896019593	0.9645636767188643
TWISTNB	0.002883271040097668	0.9648066816554259
FKBP11	-0.004373925626566688	0.9648690109484178
HINT3	-0.003587398981199641	0.9649065380447053
UTP3	-0.0024960215789526785	0.9650127485276203
GUSB	0.0023511771679221027	0.9651381256941938
OPCML	0.01205327587531535	0.9652590500069615
DHRS1	0.0038621865100223474	0.965348668813163
BRIX1	-0.0025897015682954105	0.9655470886854789
ZER1	0.0023164910144135575	0.9655544503961413
ATP6V1G1	0.0023838501190560635	0.9656868163153827
SF3A2	0.004489301429195791	0.966071374451707
URB1	0.0032264148421070615	0.9661205763289653
RRBP1	0.004256222626567663	0.9663533052898156
RPL10L	0.0024728206704285327	0.9664529083561381
SULF1	-0.010864458847118286	0.966928515167821
ZEB1-AS1	0.003222865271302666	0.9669392397386226
MRPL35	0.003466999014410277	0.9669831602517972
MMP28	0.0017967684974919962	0.9669952916722968
GXYLT1	0.0020964669103982203	0.9671772787291584
BYSL	0.00420482419924717	0.9673661284333299
SPG20	-0.002391148019428968	0.9673856435809639
MYCN	-0.0021515090501234013	0.9674266864823071
AKIRIN2	0.0024746115332110463	0.9678569873094889
TMEM212	0.001847099857770651	0.9679584465410312
TMEM198B	-0.004606181543232779	0.9681999087482767
ZNF717	-0.0029670658765699187	0.9683816962421045
ANGPTL4	-0.009442244445491355	0.9684658510700915
FBXO33	-0.001614663998124044	0.9687820038928991
PSTK	-0.0036038946209266953	0.9688565948947527
SERPINI2	-0.010988523100252223	0.9690619234337017
CSTB	0.002688113226815503	0.969435081933703
FOSL1	-0.008654077808269989	0.9696041955799447
MANEA	-0.004152307818303669	0.9696590724568143
CENPB	0.00343469383709305	0.9697140528909204
RPLP2	0.0006851560839624682	0.9698935035910486
TEX29	0.006052724504386653	0.969894603367719
MYRIP	-0.006059321818916885	0.9699120637388635
FAM57A	0.0025990569486218362	0.9699331396665223
LOC340107	0.0018720623546393256	0.9699980789362967
UGT2B28	0.005667610541980395	0.9703373511845242
ARRB1	-0.004424152036964557	0.9704047689655726
OLFML2B	0.00799900766039574	0.9705103602745396
LOC100506691	-0.005655881591479783	0.9705699282451772
C9orf91	0.0027740598796999194	0.9710711984573422
PKNOX2	0.004742983656013777	0.9720788807988522
FAM120AOS	-0.0013293231954847329	0.972087534828036
PCDHB5	0.003353092162907245	0.9721051996714581
FAM220A	0.001631222860273951	0.9723994833859287
SLC20A1	-0.001510291447370804	0.9725782668608385
KDELR1	-0.0012590473308264905	0.9728626071503259
SOS1	-0.0016514300187964182	0.9730561084718171
C2orf72	-0.005516224830196315	0.9731224839981045
MUS81	0.002018532203639012	0.9731539686964427
SASS6	-0.003078330183583944	0.9733006359934641
NOL10	-0.0021448556510001993	0.973448734390091
EPSTI1	0.00401767485651483	0.9737333517962646
TRAPPC6B	0.001698049229323928	0.9739685464330297
AC004941.5	-0.0021132660795704084	0.974221117226165
IGFN1	-0.004066051773808255	0.9744009404807359
CROCC	-0.0018690170494988223	0.9744175013210454
AP3D1	0.002097005756265702	0.9744843196001038
BMP1	0.004294635149753034	0.9745072138246985
MICAL1	0.002867198251877312	0.9747475240542881
ZNF550	-0.0030940490701745205	0.9760896989308299
SHROOM4	0.0032885827894739705	0.9762272791278938
NSMF	-0.0010460512637848751	0.976335813762068
LAMTOR3	0.001688427090227762	0.9763947136985888
SFN	0.004055330332704443	0.976481160510624
PPP2R5D	-0.0015134665601497233	0.9767987378570991
ELOF1	-0.002172562939222189	0.9776355103738168
SPTAN1	0.002415534468045877	0.9776477683045351
PLA2G15	-0.0020890901798251704	0.9778958897044646
ETFA	-0.001852037600247769	0.9780108838611891
HTRA2	0.0012756237142834692	0.9780858571247388
UBN1	0.0011654431140346588	0.9781576365160688
MBOAT7	-0.0018621680789454587	0.9782180085583378
FIBIN	0.00854711113721951	0.978463157302206
HEATR3	-0.0016569073840813076	0.9787632037351072
IKBKB	0.0015409107644099862	0.9788166279820266
VPS13C	0.0016536587969895322	0.9791309177899693
LMLN	0.002214540102755791	0.9791467053314072
KCNT2	-0.007129717613409525	0.9793060856469019
PLGRKT	0.002305319982456311	0.9793385544227348
KCNAB2	0.0016830096058910726	0.9794949984193982
TNFRSF18	0.0015680417731829266	0.9795349143901575
TP53	0.0048195674367192964	0.9801281864895999
S100A2	0.005091859210528682	0.9801586113580715
CYB5D1	-0.0011831273878417647	0.9803686274046289
CTD-3092A11.2	-0.0030793617763151815	0.9805180063801437
SHE	-0.004232843922933327	0.9805630644695025
LHX4	0.0014087515908514092	0.981244394403414
MAP2K4	0.0011831277982423671	0.9812660698461699
DMPK	0.002074518637220635	0.9818065684026575
LRRC14	-0.001329176493108264	0.982125181466056
GALNT18	0.0018862175670415482	0.9821954515490036
TNNI2	0.0024657595739343563	0.9825927230243741
ZNF672	-0.0009621013527567612	0.9827188882096598
KLHL2	-0.0009554568358396409	0.9829673505251127
PRRC2B	-0.0008871875319567124	0.983012101288164
RANBP2	-0.0006882089849558071	0.9831441139863614
S100A6	0.0012535919110252536	0.9831452929663568
DCAF11	0.0009364912706768536	0.9832373809761153
PRKAA2	0.0016815157218044163	0.9832918791353094
ELTD1	0.004612893901001058	0.9833786613644429
PRPF18	-0.0012105011785692454	0.9836947655478693
C14orf80	0.0010113030946117263	0.9838171992245248
PRDX6	-0.0006721906265614308	0.9838530906562055
TDRD6	0.003467307169168876	0.9839869866816451
CLIC1	0.0007036696240625417	0.9842171278505131
VPS25	0.001260450866537255	0.9844875896816307
AQP11	0.001687514974309856	0.9844987235122882
MRPS21	-0.0009380809210526309	0.9846389796606985
UPF1	0.001623328738089569	0.9847840089644814
PTGDS	0.0038177865031308045	0.9849194757895978
LINC00661	-0.0034732509185460003	0.9849368797309509
GSTM4	0.0031208015432326874	0.9850156602031143
CMTM4	0.0007607719736864027	0.9850319560326984
FAM214B	0.000998536974940123	0.985219032441291
MAOB	0.0028747871716756634	0.985237356853763
GRAMD4	0.002082815880951827	0.9853909721417837
RP11-158G18.1	0.0036067355156665926	0.9853931619659481
PHF5A	-0.0015973422813297944	0.985505960767013
PCDHGA4	0.0025723019724326335	0.9858051524323911
MARCH7	0.0006437114661643761	0.9861106549442316
AC024560.2	0.004430311458644809	0.9861373640689507
MMP2	0.0033083626109071673	0.9866680324587583
PWWP2A	-0.0014526511566419487	0.9868113954906748
GPATCH2L	-0.0016801416472471686	0.9872140100536752
CH25H	0.004127123459897852	0.9872354097777658
RC3H2	-0.0005869084022496196	0.9872835678143149
POLR2G	0.0006057457080235196	0.9873072271910331
POLR3C	0.0012075758414784588	0.9874888793694949
ERGIC2	0.0007943246741870524	0.9875691765338871
HSF2	-0.0009231199624046837	0.9875971557684897
NUDCD2	0.0009715036359665419	0.9876336712965929
FBXO38	0.0006341883822091887	0.9882428592359169
MIIP	-0.001031379454257575	0.988412492650176
BRK1	0.0003437602631581882	0.9884921416717828
SCUBE3	0.0020541874348394273	0.9885053882341961
MRPS28	0.000831215179195155	0.9889915172444105
UGT2B15	-0.003642488896620222	0.9890459992882263
TBC1D15	0.0008474461215541851	0.9891269018896119
C11orf54	-0.001272848890984335	0.9893089776724026
LEO1	0.0005689886459929738	0.9895355131907392
ZNF513	0.0006162958270685692	0.9897718447090424
SEPT1	0.0008257210764410772	0.9898139429632801
C17orf75	-0.0009555191365873128	0.9901241332069333
INSC	0.002259873393483325	0.9902182223657572
PPIA	0.00028438049498902274	0.9902445863205973
PTPMT1	-0.0007435145607743721	0.9904831803447133
SSNA1	-0.0009852909617844574	0.9905426421733011
CDKN2AIPNL	0.001009561788222868	0.9906548348393611
CTRC	-0.0024453221040054984	0.9906684632953113
COL5A1	0.003453156426068915	0.9907693087534193
GPR116	-0.0026122545751920967	0.9907902316095348
LDB3	-0.00038260392230426987	0.9908033775527387
CAPN10	-0.0006546366547581783	0.9908174861399286
ANKMY1	0.0008123927030094791	0.9910788693965884
ZNF341	0.001094319226190521	0.9916048825698435
PTGIS	0.0028459133088967192	0.9917558965470428
BLM	0.0010064273521299683	0.9918210207180049
STAT5B	0.0005649701428520615	0.9921748095199056
NCOA2	0.0004563916791990863	0.9922966212504524
PCNA	0.0005332256986214645	0.9924138371740048
CPED1	-0.002673254577067574	0.9924552320717852
PPAPDC1A	0.00202154132017629	0.9925493350946882
TESC	-0.001252641561398704	0.9927051922910115
NAPEPLD	0.0004663754718023938	0.9927578117317852
CPXM1	0.0017497984342123019	0.9927745702634708
NDRG3	0.0004548146629073102	0.9930315285636455
ZNF687	-0.0004940898634142599	0.9934177188594968
UCHL5	-0.00046956066666936636	0.9934673390924955
FAR2	0.0009587079135329191	0.9935915163353279
GPR68	-0.0010626261353419153	0.9936762484951729
CCDC8	0.0008770245670444154	0.993839691519132
SCUBE2	0.0017364292894770372	0.9938927622317864
PCDHB3	-0.0008928325432346895	0.9941847326626593
S100A1	0.0006649227575197258	0.9942066313001109
GFPT2	-0.0010252820244396332	0.9944554714863091
ATPAF2	0.0004449863320781233	0.9945235984837727
MYO9A	-0.00042418399937282913	0.994551813979086
LOC101928069	0.000790227823935119	0.9947269411767505
DNAJC2	0.00039208992481221117	0.9947845743439684
DCHS1	0.000980225562657644	0.9948886628625138
RP11-274H2.5	-0.0010205829367189168	0.9949025198731313
TNKS	-0.0003834998746867768	0.9950336100007086
GLRX	0.00040983851503106905	0.9950775441453172
PCID2	-0.000317713673558373	0.9950928613024659
DDX19A	-0.00034086705451485955	0.9951225502481466
CCDC101	-0.00040683354386317205	0.9956879945311794
TYMP	-0.0004563385075195825	0.9958493577584132
EFS	-0.0011174427612763438	0.9958732954113995
PRKCH	-0.0002466233527567141	0.9960660815856333
HDGFRP2	-0.0002154399611535851	0.9960959116654359
RPL14	-5.994598370939741e-05	0.9962990138058301
ZDHHC8	0.0002510921278178202	0.9964194002349661
HTR2B	0.0006211886685436596	0.9964948097157961
NEK5	-0.0003657943809551867	0.9965317213663057
IGLL3P	0.0003472731528848527	0.9965699887010829
ENTHD2	-0.00034019661466277995	0.9965895423642097
ARHGAP1	0.00032994507518502303	0.996765379848557
LY75	-0.0008193297443614966	0.9967779673226594
NSMCE2	0.0002481673709251453	0.9972106664753084
ADCY7	-0.00024999317732010695	0.9973163662734832
KCNE4	0.0004535157468694706	0.9976615037885289
TNFSF15	0.0005016329711793333	0.9978625633532257
RAB38	-0.00028234979511054803	0.9981610834811085
TSPAN5	0.0002720963972464574	0.9983500647831233
RPL19	3.264755012821752e-05	0.9984489965643983
ADCY4	0.00021851734899769326	0.9985996581354458
MXRA8	0.00034133294611393694	0.998699346504775
BMP8A	8.075639849725036e-05	0.9995065932748118
DARS	-1.6151773182926377e-05	0.9997246563939243
ATF1	-1.850533834257817e-05	0.9997429504280557
CEACAM5	0.00012213841541530712	0.9998165883229624
PBOV1	2.0379474313436674e-05	0.9999089669000675
IDI2	4.621330200293983e-06	0.99995216762744
