IDX	mut_freq
A1CF	0.01639344262295082
A2M	0.03278688524590164
A2ML1	0.01639344262295082
AADACL2	0.00819672131147541
AADACL4	0.00819672131147541
AAED1	0.01639344262295082
AAGAB	0.00819672131147541
AAMP	0.00819672131147541
AANAT	0.00819672131147541
AAR2	0.00819672131147541
AATK	0.03278688524590164
ABAT	0.00819672131147541
ABCA1	0.03278688524590164
ABCA12	0.00819672131147541
ABCA13	0.10655737704918032
ABCA2	0.02459016393442623
ABCA3	0.00819672131147541
ABCA4	0.02459016393442623
ABCA5	0.00819672131147541
ABCA6	0.00819672131147541
ABCA7	0.00819672131147541
ABCA8	0.03278688524590164
ABCA9	0.02459016393442623
ABCB1	0.03278688524590164
ABCB10	0.00819672131147541
ABCB11	0.02459016393442623
ABCB4	0.00819672131147541
ABCB6	0.00819672131147541
ABCB7	0.00819672131147541
ABCB8	0.00819672131147541
ABCB9	0.01639344262295082
ABCC1	0.02459016393442623
ABCC12	0.00819672131147541
ABCC2	0.02459016393442623
ABCC3	0.01639344262295082
ABCC4	0.02459016393442623
ABCC5	0.01639344262295082
ABCC6	0.01639344262295082
ABCC8	0.03278688524590164
ABCC9	0.01639344262295082
ABCD1	0.01639344262295082
ABCD2	0.00819672131147541
ABCD3	0.00819672131147541
ABCD4	0.00819672131147541
ABCF1	0.00819672131147541
ABCF3	0.01639344262295082
ABCG1	0.02459016393442623
ABCG2	0.00819672131147541
ABCG8	0.02459016393442623
ABHD10	0.00819672131147541
ABHD11	0.00819672131147541
ABHD13	0.00819672131147541
ABHD15	0.01639344262295082
ABHD17B	0.00819672131147541
ABHD2	0.00819672131147541
ABHD6	0.00819672131147541
ABI1	0.00819672131147541
ABI3BP	0.02459016393442623
ABL1	0.01639344262295082
ABL2	0.01639344262295082
ABLIM1	0.00819672131147541
ABLIM2	0.00819672131147541
ABLIM3	0.01639344262295082
ABR	0.00819672131147541
ABRA	0.00819672131147541
ABRACL	0.00819672131147541
ABTB2	0.01639344262295082
AC004381.6	0.00819672131147541
AC005008.2	0.00819672131147541
AC005358.1	0.00819672131147541
AC005481.5	0.02459016393442623
AC006132.1	0.00819672131147541
AC011484.1	0.00819672131147541
AC011997.1	0.00819672131147541
AC016757.3	0.00819672131147541
AC018470.1	0.00819672131147541
AC021218.2	0.00819672131147541
AC022400.2	0.00819672131147541
AC025278.1	0.00819672131147541
AC037459.4	0.00819672131147541
AC074212.3	0.02459016393442623
AC074389.6	0.00819672131147541
AC093802.1	0.00819672131147541
AC099552.4	0.00819672131147541
AC129492.6	0.00819672131147541
ACAA2	0.00819672131147541
ACACA	0.03278688524590164
ACACB	0.03278688524590164
ACAD10	0.00819672131147541
ACAD9	0.00819672131147541
ACADL	0.00819672131147541
ACADVL	0.00819672131147541
ACAN	0.02459016393442623
ACAP1	0.00819672131147541
ACAP2	0.01639344262295082
ACAP3	0.01639344262295082
ACBD5	0.01639344262295082
ACBD6	0.00819672131147541
ACCS	0.00819672131147541
ACCSL	0.00819672131147541
ACE	0.02459016393442623
ACE2	0.00819672131147541
ACER1	0.01639344262295082
ACER3	0.00819672131147541
ACHE	0.00819672131147541
ACIN1	0.00819672131147541
ACO1	0.00819672131147541
ACO2	0.00819672131147541
ACOT11	0.00819672131147541
ACOT12	0.00819672131147541
ACOT6	0.00819672131147541
ACOT8	0.00819672131147541
ACOX1	0.00819672131147541
ACOX3	0.01639344262295082
ACOXL	0.00819672131147541
ACPL2	0.00819672131147541
ACPP	0.00819672131147541
ACPT	0.01639344262295082
ACRBP	0.00819672131147541
ACSBG1	0.00819672131147541
ACSBG2	0.00819672131147541
ACSF2	0.00819672131147541
ACSF3	0.00819672131147541
ACSL3	0.00819672131147541
ACSL4	0.01639344262295082
ACSM1	0.00819672131147541
ACSM2A	0.00819672131147541
ACSM2B	0.00819672131147541
ACSM4	0.00819672131147541
ACSS1	0.01639344262295082
ACSS3	0.00819672131147541
ACTA2	0.01639344262295082
ACTB	0.00819672131147541
ACTBL2	0.02459016393442623
ACTC1	0.00819672131147541
ACTG1	0.01639344262295082
ACTG2	0.00819672131147541
ACTL6A	0.00819672131147541
ACTL6B	0.00819672131147541
ACTL7B	0.00819672131147541
ACTL8	0.00819672131147541
ACTL9	0.01639344262295082
ACTN2	0.03278688524590164
ACTN4	0.03278688524590164
ACTR3	0.00819672131147541
ACTR3B	0.00819672131147541
ACTR3C	0.00819672131147541
ACTR8	0.00819672131147541
ACTRT1	0.00819672131147541
ACTRT2	0.00819672131147541
ACVR1C	0.01639344262295082
ACVR2A	0.00819672131147541
ACVR2B	0.00819672131147541
ACVRL1	0.01639344262295082
ACYP2	0.00819672131147541
ADA	0.00819672131147541
ADAD2	0.01639344262295082
ADAL	0.00819672131147541
ADAM10	0.01639344262295082
ADAM11	0.00819672131147541
ADAM12	0.02459016393442623
ADAM15	0.02459016393442623
ADAM17	0.01639344262295082
ADAM19	0.03278688524590164
ADAM2	0.00819672131147541
ADAM20	0.01639344262295082
ADAM21	0.02459016393442623
ADAM22	0.02459016393442623
ADAM23	0.02459016393442623
ADAM30	0.00819672131147541
ADAM32	0.00819672131147541
ADAM33	0.01639344262295082
ADAM7	0.01639344262295082
ADAM8	0.02459016393442623
ADAMDEC1	0.01639344262295082
ADAMTS10	0.03278688524590164
ADAMTS12	0.02459016393442623
ADAMTS13	0.02459016393442623
ADAMTS14	0.00819672131147541
ADAMTS15	0.02459016393442623
ADAMTS16	0.03278688524590164
ADAMTS17	0.03278688524590164
ADAMTS18	0.03278688524590164
ADAMTS19	0.02459016393442623
ADAMTS2	0.01639344262295082
ADAMTS20	0.02459016393442623
ADAMTS3	0.03278688524590164
ADAMTS4	0.02459016393442623
ADAMTS5	0.03278688524590164
ADAMTS6	0.00819672131147541
ADAMTS7	0.02459016393442623
ADAMTS8	0.01639344262295082
ADAMTS9	0.03278688524590164
ADAMTSL1	0.03278688524590164
ADAMTSL3	0.040983606557377046
ADAMTSL4	0.03278688524590164
ADAP1	0.00819672131147541
ADAP2	0.00819672131147541
ADAR	0.00819672131147541
ADARB1	0.00819672131147541
ADARB2	0.02459016393442623
ADC	0.00819672131147541
ADCK1	0.00819672131147541
ADCK3	0.01639344262295082
ADCK5	0.01639344262295082
ADCY1	0.01639344262295082
ADCY10	0.01639344262295082
ADCY2	0.03278688524590164
ADCY3	0.00819672131147541
ADCY5	0.00819672131147541
ADCY6	0.01639344262295082
ADCY7	0.01639344262295082
ADCY8	0.01639344262295082
ADCY9	0.01639344262295082
ADCYAP1	0.00819672131147541
ADCYAP1R1	0.00819672131147541
ADD2	0.00819672131147541
ADGB	0.01639344262295082
ADH1A	0.00819672131147541
ADH7	0.00819672131147541
ADHFE1	0.00819672131147541
ADIPOQ	0.00819672131147541
ADIRF	0.00819672131147541
ADNP	0.02459016393442623
ADNP2	0.00819672131147541
ADORA1	0.00819672131147541
ADORA2A	0.00819672131147541
ADORA3	0.02459016393442623
ADPGK	0.00819672131147541
ADPRH	0.00819672131147541
ADPRHL1	0.00819672131147541
ADPRHL2	0.00819672131147541
ADRA1A	0.00819672131147541
ADRA1B	0.01639344262295082
ADRA1D	0.01639344262295082
ADRA2B	0.00819672131147541
ADRA2C	0.02459016393442623
ADRBK1	0.00819672131147541
ADRBK2	0.02459016393442623
ADSSL1	0.00819672131147541
AEBP1	0.00819672131147541
AEBP2	0.00819672131147541
AEN	0.01639344262295082
AF165138.7	0.00819672131147541
AFF1	0.00819672131147541
AFF2	0.02459016393442623
AFF3	0.02459016393442623
AFF4	0.02459016393442623
AFG3L2	0.01639344262295082
AFMID	0.01639344262295082
AFP	0.00819672131147541
AFTPH	0.00819672131147541
AGAP1	0.01639344262295082
AGAP2	0.00819672131147541
AGAP3	0.01639344262295082
AGAP5	0.00819672131147541
AGAP7	0.00819672131147541
AGBL1	0.00819672131147541
AGBL3	0.01639344262295082
AGBL4	0.00819672131147541
AGBL5	0.00819672131147541
AGER	0.01639344262295082
AGGF1	0.01639344262295082
AGK	0.00819672131147541
AGL	0.01639344262295082
AGMAT	0.00819672131147541
AGO1	0.02459016393442623
AGO2	0.03278688524590164
AGO3	0.01639344262295082
AGPAT1	0.00819672131147541
AGPAT6	0.00819672131147541
AGRN	0.02459016393442623
AGT	0.02459016393442623
AGTPBP1	0.01639344262295082
AGTR1	0.01639344262295082
AGXT2	0.00819672131147541
AHCTF1	0.03278688524590164
AHCYL2	0.01639344262295082
AHDC1	0.04918032786885246
AHI1	0.01639344262295082
AHNAK	0.08196721311475409
AHNAK2	0.02459016393442623
AHRR	0.01639344262295082
AIG1	0.00819672131147541
AIM1	0.00819672131147541
AIM1L	0.01639344262295082
AIM2	0.00819672131147541
AIMP2	0.00819672131147541
AIP	0.00819672131147541
AIPL1	0.01639344262295082
AK7	0.00819672131147541
AK9	0.02459016393442623
AKAP1	0.00819672131147541
AKAP10	0.01639344262295082
AKAP12	0.02459016393442623
AKAP13	0.03278688524590164
AKAP17A	0.00819672131147541
AKAP2	0.02459016393442623
AKAP3	0.00819672131147541
AKAP4	0.02459016393442623
AKAP6	0.040983606557377046
AKAP8	0.01639344262295082
AKAP8L	0.01639344262295082
AKAP9	0.03278688524590164
AKNA	0.040983606557377046
AKNAD1	0.00819672131147541
AKR1C1	0.01639344262295082
AKR1C2	0.00819672131147541
AKR1C3	0.00819672131147541
AKR1C4	0.00819672131147541
AKR1D1	0.01639344262295082
AKR7A3	0.01639344262295082
AKT1	0.040983606557377046
AKT1S1	0.01639344262295082
AKT3	0.01639344262295082
AL133373.1	0.00819672131147541
AL450307.1	0.00819672131147541
ALAD	0.00819672131147541
ALAS1	0.00819672131147541
ALAS2	0.00819672131147541
ALCAM	0.00819672131147541
ALDH16A1	0.00819672131147541
ALDH18A1	0.01639344262295082
ALDH1A1	0.01639344262295082
ALDH1A2	0.01639344262295082
ALDH1A3	0.00819672131147541
ALDH1B1	0.00819672131147541
ALDH1L1	0.03278688524590164
ALDH1L2	0.00819672131147541
ALDH2	0.00819672131147541
ALDH3A1	0.00819672131147541
ALDH3B2	0.00819672131147541
ALDH6A1	0.00819672131147541
ALDH7A1	0.00819672131147541
ALDH8A1	0.01639344262295082
ALDH9A1	0.00819672131147541
ALDOB	0.00819672131147541
ALDOC	0.01639344262295082
ALG11	0.01639344262295082
ALG12	0.00819672131147541
ALG13	0.01639344262295082
ALG2	0.00819672131147541
ALG3	0.00819672131147541
ALK	0.01639344262295082
ALKBH3	0.00819672131147541
ALKBH8	0.00819672131147541
ALMS1	0.040983606557377046
ALOX12B	0.01639344262295082
ALOX15B	0.00819672131147541
ALOX5	0.01639344262295082
ALOXE3	0.01639344262295082
ALPK1	0.01639344262295082
ALPK2	0.040983606557377046
ALPK3	0.02459016393442623
ALPL	0.01639344262295082
ALPP	0.00819672131147541
ALPPL2	0.00819672131147541
ALS2	0.01639344262295082
ALS2CL	0.00819672131147541
ALS2CR11	0.02459016393442623
ALS2CR12	0.00819672131147541
ALX4	0.00819672131147541
AMACR	0.00819672131147541
AMBP	0.01639344262295082
AMBRA1	0.02459016393442623
AMD1	0.00819672131147541
AMDHD1	0.00819672131147541
AMDHD2	0.00819672131147541
AMER1	0.01639344262295082
AMER2	0.00819672131147541
AMER3	0.02459016393442623
AMFR	0.00819672131147541
AMH	0.02459016393442623
AMHR2	0.00819672131147541
AMIGO1	0.01639344262295082
AMIGO2	0.00819672131147541
AMMECR1	0.00819672131147541
AMOT	0.01639344262295082
AMOTL1	0.01639344262295082
AMOTL2	0.01639344262295082
AMPD1	0.00819672131147541
AMPD2	0.01639344262295082
AMPH	0.01639344262295082
AMY2B	0.00819672131147541
AMZ1	0.00819672131147541
AMZ2	0.00819672131147541
ANAPC1	0.00819672131147541
ANAPC13	0.00819672131147541
ANAPC2	0.01639344262295082
ANAPC5	0.00819672131147541
ANAPC7	0.00819672131147541
ANGEL2	0.00819672131147541
ANGPT4	0.03278688524590164
ANGPTL1	0.00819672131147541
ANGPTL2	0.00819672131147541
ANGPTL3	0.00819672131147541
ANGPTL4	0.00819672131147541
ANGPTL7	0.00819672131147541
ANHX	0.01639344262295082
ANK1	0.03278688524590164
ANK2	0.06557377049180328
ANK3	0.01639344262295082
ANKAR	0.01639344262295082
ANKFN1	0.040983606557377046
ANKHD1	0.03278688524590164
ANKIB1	0.00819672131147541
ANKLE2	0.00819672131147541
ANKMY1	0.01639344262295082
ANKRD11	0.04918032786885246
ANKRD12	0.01639344262295082
ANKRD13B	0.00819672131147541
ANKRD13C	0.00819672131147541
ANKRD17	0.01639344262295082
ANKRD18A	0.01639344262295082
ANKRD18B	0.02459016393442623
ANKRD2	0.00819672131147541
ANKRD24	0.00819672131147541
ANKRD27	0.01639344262295082
ANKRD28	0.00819672131147541
ANKRD29	0.00819672131147541
ANKRD30A	0.040983606557377046
ANKRD30B	0.02459016393442623
ANKRD31	0.02459016393442623
ANKRD33	0.02459016393442623
ANKRD33B	0.02459016393442623
ANKRD34A	0.01639344262295082
ANKRD34C	0.02459016393442623
ANKRD35	0.02459016393442623
ANKRD36	0.01639344262295082
ANKRD40	0.00819672131147541
ANKRD44	0.01639344262295082
ANKRD50	0.00819672131147541
ANKRD52	0.00819672131147541
ANKRD6	0.01639344262295082
ANKRD60	0.00819672131147541
ANKRD62	0.00819672131147541
ANKRD66	0.00819672131147541
ANKRD7	0.00819672131147541
ANKS1A	0.00819672131147541
ANKS1B	0.00819672131147541
ANKZF1	0.00819672131147541
ANLN	0.01639344262295082
ANO1	0.01639344262295082
ANO2	0.01639344262295082
ANO3	0.00819672131147541
ANO4	0.01639344262295082
ANO5	0.02459016393442623
ANO6	0.00819672131147541
ANO7	0.01639344262295082
ANO8	0.01639344262295082
ANO9	0.00819672131147541
ANP32D	0.00819672131147541
ANPEP	0.01639344262295082
ANTXRL	0.00819672131147541
ANXA1	0.00819672131147541
AOAH	0.00819672131147541
AOC1	0.02459016393442623
AOX1	0.01639344262295082
AP000708.1	0.00819672131147541
AP003062.1	0.00819672131147541
AP003068.23	0.01639344262295082
AP1B1	0.00819672131147541
AP1G2	0.00819672131147541
AP1M1	0.00819672131147541
AP1M2	0.00819672131147541
AP2A1	0.00819672131147541
AP2A2	0.03278688524590164
AP2B1	0.00819672131147541
AP3B1	0.00819672131147541
AP3B2	0.01639344262295082
AP3D1	0.00819672131147541
AP4B1	0.00819672131147541
AP4E1	0.00819672131147541
AP4M1	0.01639344262295082
AP5B1	0.01639344262295082
AP5M1	0.00819672131147541
AP5Z1	0.00819672131147541
APAF1	0.01639344262295082
APBA1	0.03278688524590164
APBA2	0.00819672131147541
APBB1	0.01639344262295082
APC	0.01639344262295082
APC2	0.02459016393442623
APCDD1	0.00819672131147541
APCS	0.00819672131147541
APEH	0.01639344262295082
APEX2	0.00819672131147541
API5	0.00819672131147541
APLP1	0.00819672131147541
APLP2	0.00819672131147541
APOA1	0.00819672131147541
APOA4	0.00819672131147541
APOB	0.05737704918032787
APOBEC3G	0.00819672131147541
APOBEC3H	0.00819672131147541
APOBEC4	0.00819672131147541
APOC1	0.00819672131147541
APOC3	0.01639344262295082
APOH	0.01639344262295082
APOL1	0.00819672131147541
APOL2	0.00819672131147541
APOL3	0.00819672131147541
APOL5	0.01639344262295082
APOL6	0.00819672131147541
APOPT1	0.01639344262295082
APPBP2	0.00819672131147541
APPL1	0.00819672131147541
APTX	0.00819672131147541
AQP1	0.00819672131147541
AQP10	0.00819672131147541
AQP2	0.00819672131147541
AQR	0.01639344262295082
AR	0.03278688524590164
ARAF	0.00819672131147541
ARAP1	0.01639344262295082
ARAP2	0.02459016393442623
ARAP3	0.02459016393442623
ARC	0.00819672131147541
AREL1	0.00819672131147541
ARF1	0.00819672131147541
ARF6	0.00819672131147541
ARFGAP1	0.00819672131147541
ARFGEF1	0.00819672131147541
ARFGEF2	0.01639344262295082
ARG1	0.00819672131147541
ARGFX	0.00819672131147541
ARHGAP12	0.00819672131147541
ARHGAP15	0.00819672131147541
ARHGAP17	0.00819672131147541
ARHGAP19	0.02459016393442623
ARHGAP21	0.01639344262295082
ARHGAP22	0.03278688524590164
ARHGAP23	0.040983606557377046
ARHGAP24	0.02459016393442623
ARHGAP25	0.03278688524590164
ARHGAP26	0.00819672131147541
ARHGAP27	0.01639344262295082
ARHGAP28	0.00819672131147541
ARHGAP29	0.01639344262295082
ARHGAP30	0.01639344262295082
ARHGAP31	0.00819672131147541
ARHGAP32	0.00819672131147541
ARHGAP33	0.01639344262295082
ARHGAP35	0.040983606557377046
ARHGAP36	0.00819672131147541
ARHGAP39	0.02459016393442623
ARHGAP4	0.03278688524590164
ARHGAP40	0.01639344262295082
ARHGAP42	0.00819672131147541
ARHGAP44	0.01639344262295082
ARHGAP5	0.01639344262295082
ARHGAP6	0.02459016393442623
ARHGAP9	0.00819672131147541
ARHGDIA	0.01639344262295082
ARHGEF1	0.00819672131147541
ARHGEF10	0.02459016393442623
ARHGEF10L	0.00819672131147541
ARHGEF11	0.02459016393442623
ARHGEF12	0.02459016393442623
ARHGEF15	0.01639344262295082
ARHGEF16	0.00819672131147541
ARHGEF17	0.03278688524590164
ARHGEF18	0.00819672131147541
ARHGEF26	0.00819672131147541
ARHGEF28	0.01639344262295082
ARHGEF3	0.00819672131147541
ARHGEF33	0.00819672131147541
ARHGEF37	0.00819672131147541
ARHGEF38	0.02459016393442623
ARHGEF4	0.00819672131147541
ARHGEF40	0.01639344262295082
ARHGEF6	0.00819672131147541
ARHGEF7	0.00819672131147541
ARID1A	0.040983606557377046
ARID1B	0.00819672131147541
ARID2	0.040983606557377046
ARID3C	0.00819672131147541
ARID4A	0.00819672131147541
ARID4B	0.00819672131147541
ARID5A	0.00819672131147541
ARIH2	0.00819672131147541
ARL13B	0.00819672131147541
ARL14	0.00819672131147541
ARL3	0.00819672131147541
ARL6IP5	0.00819672131147541
ARMC10	0.00819672131147541
ARMC12	0.00819672131147541
ARMC2	0.01639344262295082
ARMC3	0.01639344262295082
ARMC4	0.01639344262295082
ARMC5	0.01639344262295082
ARMC8	0.00819672131147541
ARMCX4	0.00819672131147541
ARMCX6	0.00819672131147541
ARNT	0.01639344262295082
ARNT2	0.00819672131147541
ARNTL2	0.00819672131147541
ARPC1A	0.00819672131147541
ARPC5	0.00819672131147541
ARRB1	0.00819672131147541
ARRB2	0.00819672131147541
ARRDC1	0.00819672131147541
ARRDC2	0.01639344262295082
ARRDC4	0.01639344262295082
ARRDC5	0.03278688524590164
ARSA	0.01639344262295082
ARSB	0.01639344262295082
ARSD	0.00819672131147541
ARSE	0.00819672131147541
ARSF	0.03278688524590164
ARSH	0.00819672131147541
ARSI	0.00819672131147541
ART1	0.02459016393442623
ART3	0.01639344262295082
ART4	0.00819672131147541
ARVCF	0.00819672131147541
ARX	0.01639344262295082
ASAH1	0.00819672131147541
ASAH2	0.00819672131147541
ASAP1	0.00819672131147541
ASAP2	0.02459016393442623
ASAP3	0.00819672131147541
ASB1	0.00819672131147541
ASB10	0.02459016393442623
ASB11	0.00819672131147541
ASB12	0.00819672131147541
ASB13	0.01639344262295082
ASB14	0.00819672131147541
ASB15	0.00819672131147541
ASB17	0.00819672131147541
ASCC2	0.00819672131147541
ASCC3	0.040983606557377046
ASCL1	0.00819672131147541
ASCL2	0.00819672131147541
ASF1A	0.00819672131147541
ASGR1	0.01639344262295082
ASH1L	0.06557377049180328
ASIC1	0.00819672131147541
ASIC2	0.00819672131147541
ASIC3	0.00819672131147541
ASIC4	0.00819672131147541
ASMTL	0.00819672131147541
ASNA1	0.01639344262295082
ASNS	0.00819672131147541
ASNSD1	0.00819672131147541
ASPA	0.00819672131147541
ASPG	0.00819672131147541
ASPH	0.00819672131147541
ASPHD1	0.01639344262295082
ASPHD2	0.01639344262295082
ASPM	0.04918032786885246
ASPSCR1	0.00819672131147541
ASRGL1	0.00819672131147541
ASS1	0.00819672131147541
ASTL	0.00819672131147541
ASTN1	0.01639344262295082
ASTN2	0.05737704918032787
ASXL1	0.01639344262295082
ASXL2	0.00819672131147541
ASXL3	0.03278688524590164
ASZ1	0.00819672131147541
ATAD1	0.00819672131147541
ATAD2	0.03278688524590164
ATAD2B	0.00819672131147541
ATAD3A	0.00819672131147541
ATAD3C	0.00819672131147541
ATAD5	0.00819672131147541
ATAT1	0.00819672131147541
ATF3	0.00819672131147541
ATF6	0.00819672131147541
ATF7IP	0.01639344262295082
ATG13	0.00819672131147541
ATG16L1	0.01639344262295082
ATG2A	0.00819672131147541
ATG2B	0.02459016393442623
ATG4A	0.00819672131147541
ATG4C	0.01639344262295082
ATIC	0.00819672131147541
ATM	0.01639344262295082
ATN1	0.02459016393442623
ATOH1	0.00819672131147541
ATOH7	0.00819672131147541
ATP10A	0.01639344262295082
ATP10D	0.01639344262295082
ATP11A	0.00819672131147541
ATP11B	0.00819672131147541
ATP12A	0.01639344262295082
ATP13A1	0.00819672131147541
ATP13A2	0.00819672131147541
ATP13A3	0.00819672131147541
ATP13A4	0.00819672131147541
ATP13A5	0.00819672131147541
ATP1A2	0.02459016393442623
ATP1A3	0.01639344262295082
ATP1A4	0.01639344262295082
ATP1B3	0.01639344262295082
ATP1B4	0.00819672131147541
ATP2A2	0.00819672131147541
ATP2A3	0.00819672131147541
ATP2B2	0.040983606557377046
ATP2B3	0.03278688524590164
ATP2B4	0.00819672131147541
ATP2C2	0.00819672131147541
ATP4A	0.03278688524590164
ATP5L2	0.00819672131147541
ATP5SL	0.00819672131147541
ATP6AP1L	0.00819672131147541
ATP6V0A1	0.01639344262295082
ATP6V0A2	0.00819672131147541
ATP6V0A4	0.01639344262295082
ATP6V1A	0.00819672131147541
ATP6V1B1	0.00819672131147541
ATP6V1B2	0.00819672131147541
ATP6V1E2	0.00819672131147541
ATP6V1F	0.00819672131147541
ATP6V1H	0.00819672131147541
ATP7A	0.00819672131147541
ATP7B	0.02459016393442623
ATP8A1	0.03278688524590164
ATP8A2	0.00819672131147541
ATP8B2	0.01639344262295082
ATP8B3	0.02459016393442623
ATP8B4	0.00819672131147541
ATP9A	0.00819672131147541
ATP9B	0.01639344262295082
ATR	0.02459016393442623
ATRN	0.01639344262295082
ATRNL1	0.00819672131147541
ATRX	0.01639344262295082
ATXN1	0.02459016393442623
ATXN1L	0.03278688524590164
ATXN2L	0.01639344262295082
ATXN3L	0.00819672131147541
ATXN7	0.00819672131147541
ATXN7L1	0.00819672131147541
AUH	0.00819672131147541
AURKB	0.00819672131147541
AUTS2	0.03278688524590164
AVEN	0.00819672131147541
AVL9	0.00819672131147541
AVPR1A	0.00819672131147541
AVPR1B	0.00819672131147541
AWAT2	0.00819672131147541
AXDND1	0.01639344262295082
AXIN1	0.00819672131147541
AXIN2	0.01639344262295082
AZI1	0.00819672131147541
AZU1	0.01639344262295082
B2M	0.00819672131147541
B3GALT1	0.00819672131147541
B3GALTL	0.00819672131147541
B3GAT1	0.00819672131147541
B3GAT2	0.00819672131147541
B3GAT3	0.00819672131147541
B3GNT3	0.00819672131147541
B4GALNT1	0.01639344262295082
B4GALNT2	0.02459016393442623
B4GALNT3	0.00819672131147541
B4GALNT4	0.03278688524590164
B4GALT2	0.01639344262295082
B4GALT5	0.00819672131147541
B4GALT6	0.00819672131147541
B4GALT7	0.00819672131147541
BAALC	0.00819672131147541
BAAT	0.00819672131147541
BACH1	0.00819672131147541
BACH2	0.01639344262295082
BAG4	0.00819672131147541
BAHD1	0.00819672131147541
BAI1	0.06557377049180328
BAI2	0.01639344262295082
BAI3	0.01639344262295082
BAIAP2L1	0.00819672131147541
BAIAP2L2	0.01639344262295082
BAIAP3	0.00819672131147541
BAK1	0.00819672131147541
BANK1	0.02459016393442623
BANP	0.00819672131147541
BARHL1	0.00819672131147541
BASP1	0.00819672131147541
BATF	0.01639344262295082
BATF2	0.00819672131147541
BATF3	0.00819672131147541
BAZ1A	0.040983606557377046
BAZ1B	0.01639344262295082
BAZ2A	0.00819672131147541
BAZ2B	0.03278688524590164
BBS12	0.00819672131147541
BBS5	0.00819672131147541
BBS9	0.00819672131147541
BCAN	0.02459016393442623
BCAP31	0.00819672131147541
BCAR1	0.00819672131147541
BCAR3	0.00819672131147541
BCAS1	0.00819672131147541
BCAS4	0.00819672131147541
BCAT1	0.00819672131147541
BCHE	0.01639344262295082
BCKDK	0.00819672131147541
BCL10	0.01639344262295082
BCL11A	0.01639344262295082
BCL11B	0.02459016393442623
BCL2A1	0.00819672131147541
BCL2L10	0.00819672131147541
BCL2L11	0.01639344262295082
BCL2L12	0.00819672131147541
BCL2L13	0.00819672131147541
BCL2L14	0.00819672131147541
BCL7C	0.00819672131147541
BCL9	0.01639344262295082
BCLAF1	0.01639344262295082
BCOR	0.02459016393442623
BCORL1	0.01639344262295082
BCR	0.00819672131147541
BCS1L	0.00819672131147541
BEGAIN	0.01639344262295082
BEND2	0.00819672131147541
BEND4	0.00819672131147541
BEND5	0.00819672131147541
BEST2	0.00819672131147541
BFSP1	0.01639344262295082
BFSP2	0.01639344262295082
BGN	0.01639344262295082
BHLHE23	0.00819672131147541
BHLHE40	0.00819672131147541
BHLHE41	0.00819672131147541
BICC1	0.01639344262295082
BICD1	0.01639344262295082
BICD2	0.02459016393442623
BIN1	0.02459016393442623
BIN3	0.00819672131147541
BIRC3	0.00819672131147541
BIRC6	0.04918032786885246
BIVM	0.00819672131147541
BLID	0.00819672131147541
BLOC1S4	0.00819672131147541
BLZF1	0.01639344262295082
BMF	0.00819672131147541
BMP1	0.00819672131147541
BMP15	0.00819672131147541
BMP3	0.00819672131147541
BMP4	0.00819672131147541
BMP5	0.00819672131147541
BMP6	0.00819672131147541
BMP7	0.00819672131147541
BMP8B	0.00819672131147541
BMPER	0.00819672131147541
BMPR1A	0.00819672131147541
BMPR1B	0.00819672131147541
BMPR2	0.00819672131147541
BMS1	0.01639344262295082
BMX	0.02459016393442623
BNC2	0.040983606557377046
BNIP2	0.00819672131147541
BOD1L1	0.05737704918032787
BOP1	0.00819672131147541
BPGM	0.00819672131147541
BPI	0.01639344262295082
BPIFA2	0.00819672131147541
BPIFA3	0.00819672131147541
BPIFB1	0.00819672131147541
BPIFB3	0.00819672131147541
BPIFB4	0.00819672131147541
BPIFC	0.01639344262295082
BPTF	0.01639344262295082
BRAF	0.00819672131147541
BRAP	0.00819672131147541
BRCA1	0.00819672131147541
BRCA2	0.03278688524590164
BRD1	0.02459016393442623
BRD2	0.00819672131147541
BRD3	0.00819672131147541
BRD4	0.00819672131147541
BRD7	0.00819672131147541
BRD8	0.00819672131147541
BRD9	0.00819672131147541
BRDT	0.01639344262295082
BRE	0.01639344262295082
BRINP1	0.02459016393442623
BRINP2	0.00819672131147541
BRINP3	0.02459016393442623
BRIP1	0.02459016393442623
BROX	0.00819672131147541
BRPF1	0.00819672131147541
BRPF3	0.02459016393442623
BRS3	0.01639344262295082
BRSK1	0.01639344262295082
BRSK2	0.02459016393442623
BRWD1	0.00819672131147541
BRWD3	0.03278688524590164
BSN	0.04918032786885246
BSPH1	0.00819672131147541
BST2	0.00819672131147541
BSX	0.00819672131147541
BTAF1	0.03278688524590164
BTBD1	0.00819672131147541
BTBD11	0.00819672131147541
BTBD16	0.00819672131147541
BTBD19	0.00819672131147541
BTBD2	0.01639344262295082
BTBD3	0.00819672131147541
BTBD7	0.01639344262295082
BTBD8	0.00819672131147541
BTBD9	0.01639344262295082
BTC	0.00819672131147541
BTG3	0.00819672131147541
BTK	0.00819672131147541
BTLA	0.01639344262295082
BTN1A1	0.00819672131147541
BTN3A1	0.00819672131147541
BTNL2	0.00819672131147541
BTNL3	0.01639344262295082
BUB1	0.01639344262295082
BUB1B	0.00819672131147541
BZRAP1	0.02459016393442623
C10orf105	0.00819672131147541
C10orf12	0.00819672131147541
C10orf126	0.00819672131147541
C10orf129	0.00819672131147541
C10orf137	0.01639344262295082
C10orf2	0.00819672131147541
C10orf35	0.00819672131147541
C10orf53	0.00819672131147541
C10orf54	0.00819672131147541
C10orf62	0.00819672131147541
C10orf68	0.01639344262295082
C10orf71	0.02459016393442623
C10orf88	0.03278688524590164
C10orf90	0.02459016393442623
C10orf91	0.00819672131147541
C11orf24	0.00819672131147541
C11orf30	0.02459016393442623
C11orf34	0.00819672131147541
C11orf35	0.01639344262295082
C11orf63	0.00819672131147541
C11orf74	0.00819672131147541
C11orf84	0.00819672131147541
C11orf86	0.00819672131147541
C12orf10	0.00819672131147541
C12orf40	0.00819672131147541
C12orf42	0.00819672131147541
C12orf44	0.00819672131147541
C12orf49	0.00819672131147541
C12orf50	0.00819672131147541
C12orf55	0.02459016393442623
C12orf71	0.00819672131147541
C13orf35	0.00819672131147541
C14orf105	0.00819672131147541
C14orf159	0.01639344262295082
C14orf166B	0.00819672131147541
C14orf23	0.01639344262295082
C14orf37	0.00819672131147541
C14orf80	0.00819672131147541
C14orf93	0.01639344262295082
C15orf26	0.00819672131147541
C15orf38	0.00819672131147541
C15orf39	0.01639344262295082
C15orf52	0.02459016393442623
C15orf53	0.01639344262295082
C15orf60	0.00819672131147541
C16orf52	0.00819672131147541
C16orf62	0.00819672131147541
C16orf71	0.00819672131147541
C16orf72	0.00819672131147541
C16orf89	0.00819672131147541
C16orf91	0.00819672131147541
C16orf96	0.01639344262295082
C17orf104	0.00819672131147541
C17orf105	0.00819672131147541
C17orf47	0.00819672131147541
C17orf66	0.01639344262295082
C17orf72	0.00819672131147541
C17orf74	0.00819672131147541
C17orf77	0.00819672131147541
C17orf80	0.01639344262295082
C18orf25	0.00819672131147541
C18orf63	0.01639344262295082
C19orf10	0.00819672131147541
C19orf18	0.01639344262295082
C19orf26	0.01639344262295082
C19orf38	0.00819672131147541
C19orf43	0.00819672131147541
C19orf45	0.00819672131147541
C19orf55	0.01639344262295082
C19orf60	0.00819672131147541
C19orf67	0.00819672131147541
C19orf68	0.00819672131147541
C19orf81	0.00819672131147541
C1GALT1	0.00819672131147541
C1QB	0.00819672131147541
C1QL2	0.00819672131147541
C1QTNF1	0.00819672131147541
C1QTNF5	0.00819672131147541
C1QTNF7	0.01639344262295082
C1S	0.00819672131147541
C1orf101	0.00819672131147541
C1orf106	0.03278688524590164
C1orf110	0.00819672131147541
C1orf112	0.01639344262295082
C1orf127	0.00819672131147541
C1orf141	0.00819672131147541
C1orf146	0.00819672131147541
C1orf147	0.01639344262295082
C1orf162	0.00819672131147541
C1orf167	0.00819672131147541
C1orf168	0.00819672131147541
C1orf170	0.00819672131147541
C1orf172	0.00819672131147541
C1orf173	0.01639344262295082
C1orf174	0.00819672131147541
C1orf185	0.01639344262295082
C1orf194	0.00819672131147541
C1orf216	0.01639344262295082
C1orf222	0.00819672131147541
C1orf228	0.01639344262295082
C1orf27	0.00819672131147541
C1orf43	0.00819672131147541
C1orf51	0.02459016393442623
C1orf52	0.00819672131147541
C1orf56	0.00819672131147541
C1orf61	0.01639344262295082
C1orf63	0.00819672131147541
C1orf65	0.00819672131147541
C1orf87	0.00819672131147541
C1orf95	0.02459016393442623
C2	0.00819672131147541
C20orf112	0.00819672131147541
C20orf194	0.00819672131147541
C20orf195	0.00819672131147541
C20orf26	0.02459016393442623
C20orf78	0.00819672131147541
C21orf33	0.01639344262295082
C22orf46	0.00819672131147541
C2CD2	0.00819672131147541
C2CD3	0.00819672131147541
C2CD4A	0.01639344262295082
C2CD4C	0.01639344262295082
C2CD5	0.01639344262295082
C2ORF15	0.00819672131147541
C2orf16	0.02459016393442623
C2orf42	0.00819672131147541
C2orf44	0.00819672131147541
C2orf53	0.00819672131147541
C2orf57	0.00819672131147541
C2orf70	0.00819672131147541
C2orf71	0.03278688524590164
C2orf73	0.00819672131147541
C2orf78	0.00819672131147541
C3	0.01639344262295082
C3orf14	0.00819672131147541
C3orf18	0.00819672131147541
C3orf20	0.03278688524590164
C3orf27	0.00819672131147541
C3orf49	0.01639344262295082
C3orf52	0.00819672131147541
C3orf55	0.00819672131147541
C3orf56	0.00819672131147541
C3orf62	0.00819672131147541
C3orf67	0.00819672131147541
C3orf70	0.01639344262295082
C3orf72	0.01639344262295082
C4BPA	0.00819672131147541
C4orf17	0.00819672131147541
C4orf21	0.03278688524590164
C4orf29	0.01639344262295082
C4orf40	0.01639344262295082
C4orf45	0.00819672131147541
C4orf47	0.00819672131147541
C4orf50	0.02459016393442623
C5	0.02459016393442623
C5AR1	0.02459016393442623
C5AR2	0.00819672131147541
C5orf17	0.00819672131147541
C5orf28	0.00819672131147541
C5orf30	0.00819672131147541
C5orf38	0.00819672131147541
C5orf42	0.01639344262295082
C5orf46	0.00819672131147541
C5orf47	0.00819672131147541
C6	0.01639344262295082
C6ORF165	0.00819672131147541
C6orf10	0.00819672131147541
C6orf118	0.01639344262295082
C6orf120	0.00819672131147541
C6orf132	0.04918032786885246
C6orf136	0.00819672131147541
C6orf201	0.00819672131147541
C6orf222	0.02459016393442623
C6orf223	0.00819672131147541
C6orf226	0.00819672131147541
C7	0.01639344262295082
C7orf10	0.00819672131147541
C7orf25	0.00819672131147541
C7orf33	0.00819672131147541
C7orf34	0.00819672131147541
C7orf41	0.00819672131147541
C7orf49	0.00819672131147541
C7orf55	0.00819672131147541
C7orf57	0.00819672131147541
C7orf63	0.01639344262295082
C7orf71	0.01639344262295082
C7orf72	0.00819672131147541
C8B	0.01639344262295082
C8orf22	0.00819672131147541
C8orf33	0.00819672131147541
C8orf34	0.01639344262295082
C8orf47	0.01639344262295082
C8orf74	0.00819672131147541
C8orf76	0.00819672131147541
C8orf82	0.00819672131147541
C9	0.03278688524590164
C9orf114	0.00819672131147541
C9orf152	0.00819672131147541
C9orf156	0.00819672131147541
C9orf170	0.00819672131147541
C9orf171	0.01639344262295082
C9orf172	0.01639344262295082
C9orf41	0.00819672131147541
C9orf43	0.00819672131147541
C9orf50	0.00819672131147541
C9orf57	0.00819672131147541
C9orf84	0.01639344262295082
C9orf89	0.00819672131147541
C9orf96	0.01639344262295082
CA1	0.00819672131147541
CA10	0.00819672131147541
CA11	0.00819672131147541
CA13	0.00819672131147541
CA2	0.01639344262295082
CA3	0.00819672131147541
CA4	0.00819672131147541
CA5A	0.00819672131147541
CA6	0.00819672131147541
CA8	0.00819672131147541
CA9	0.01639344262295082
CAB39L	0.00819672131147541
CABIN1	0.02459016393442623
CABLES2	0.00819672131147541
CABP1	0.00819672131147541
CABP4	0.00819672131147541
CABP5	0.00819672131147541
CABS1	0.01639344262295082
CABYR	0.00819672131147541
CACNA1A	0.040983606557377046
CACNA1B	0.01639344262295082
CACNA1C	0.00819672131147541
CACNA1D	0.00819672131147541
CACNA1E	0.06557377049180328
CACNA1F	0.01639344262295082
CACNA1G	0.02459016393442623
CACNA1H	0.01639344262295082
CACNA1I	0.00819672131147541
CACNA1S	0.03278688524590164
CACNA2D1	0.03278688524590164
CACNA2D2	0.00819672131147541
CACNA2D4	0.00819672131147541
CACNB2	0.00819672131147541
CACNB4	0.01639344262295082
CACNG2	0.00819672131147541
CACNG4	0.01639344262295082
CACNG5	0.00819672131147541
CACNG6	0.00819672131147541
CACNG7	0.01639344262295082
CACTIN	0.01639344262295082
CACUL1	0.01639344262295082
CAD	0.00819672131147541
CADM2	0.00819672131147541
CADM3	0.01639344262295082
CADM4	0.00819672131147541
CADPS	0.01639344262295082
CADPS2	0.01639344262295082
CAGE1	0.01639344262295082
CALB1	0.00819672131147541
CALCB	0.00819672131147541
CALCOCO2	0.00819672131147541
CALCR	0.00819672131147541
CALCRL	0.00819672131147541
CALD1	0.01639344262295082
CALHM2	0.00819672131147541
CALHM3	0.00819672131147541
CALML4	0.00819672131147541
CALML5	0.00819672131147541
CALML6	0.00819672131147541
CALN1	0.01639344262295082
CALR	0.01639344262295082
CALU	0.01639344262295082
CAMK1G	0.00819672131147541
CAMK2B	0.00819672131147541
CAMK2N1	0.00819672131147541
CAMK4	0.00819672131147541
CAMKMT	0.00819672131147541
CAMSAP1	0.01639344262295082
CAMSAP2	0.00819672131147541
CAMSAP3	0.00819672131147541
CAMTA1	0.040983606557377046
CAMTA2	0.00819672131147541
CAND1	0.00819672131147541
CAND2	0.00819672131147541
CANT1	0.00819672131147541
CANX	0.01639344262295082
CAP2	0.00819672131147541
CAPN11	0.00819672131147541
CAPN12	0.00819672131147541
CAPN13	0.00819672131147541
CAPN15	0.00819672131147541
CAPN2	0.00819672131147541
CAPN5	0.00819672131147541
CAPN8	0.00819672131147541
CAPN9	0.03278688524590164
CAPRIN2	0.00819672131147541
CAPS2	0.00819672131147541
CAPSL	0.00819672131147541
CARD10	0.00819672131147541
CARD11	0.01639344262295082
CARD14	0.01639344262295082
CARD16	0.00819672131147541
CARKD	0.01639344262295082
CARS2	0.00819672131147541
CASC5	0.01639344262295082
CASD1	0.02459016393442623
CASK	0.00819672131147541
CASKIN1	0.01639344262295082
CASKIN2	0.02459016393442623
CASP3	0.00819672131147541
CASP5	0.00819672131147541
CASP7	0.00819672131147541
CASQ1	0.01639344262295082
CASR	0.01639344262295082
CAST	0.00819672131147541
CASZ1	0.03278688524590164
CATSPER1	0.02459016393442623
CATSPER2	0.00819672131147541
CATSPERB	0.01639344262295082
CATSPERG	0.00819672131147541
CAV1	0.00819672131147541
CBFA2T2	0.00819672131147541
CBFA2T3	0.00819672131147541
CBFB	0.03278688524590164
CBL	0.00819672131147541
CBLC	0.00819672131147541
CBLN4	0.01639344262295082
CBR1	0.00819672131147541
CBS	0.00819672131147541
CBX1	0.00819672131147541
CBX3	0.01639344262295082
CBX4	0.00819672131147541
CBX5	0.00819672131147541
CBX6	0.00819672131147541
CBX8	0.00819672131147541
CC2D1A	0.00819672131147541
CC2D2A	0.00819672131147541
CCAR1	0.00819672131147541
CCAR2	0.00819672131147541
CCBL1	0.00819672131147541
CCDC101	0.01639344262295082
CCDC102B	0.01639344262295082
CCDC105	0.00819672131147541
CCDC108	0.040983606557377046
CCDC109B	0.00819672131147541
CCDC113	0.00819672131147541
CCDC116	0.00819672131147541
CCDC120	0.02459016393442623
CCDC124	0.00819672131147541
CCDC129	0.02459016393442623
CCDC13	0.00819672131147541
CCDC134	0.00819672131147541
CCDC135	0.03278688524590164
CCDC136	0.01639344262295082
CCDC138	0.02459016393442623
CCDC140	0.00819672131147541
CCDC141	0.03278688524590164
CCDC146	0.00819672131147541
CCDC147	0.01639344262295082
CCDC148	0.00819672131147541
CCDC149	0.00819672131147541
CCDC151	0.02459016393442623
CCDC152	0.00819672131147541
CCDC153	0.00819672131147541
CCDC154	0.00819672131147541
CCDC157	0.00819672131147541
CCDC158	0.03278688524590164
CCDC163P	0.00819672131147541
CCDC168	0.06557377049180328
CCDC17	0.00819672131147541
CCDC170	0.02459016393442623
CCDC171	0.00819672131147541
CCDC172	0.00819672131147541
CCDC173	0.00819672131147541
CCDC175	0.00819672131147541
CCDC178	0.03278688524590164
CCDC18	0.00819672131147541
CCDC180	0.01639344262295082
CCDC181	0.01639344262295082
CCDC22	0.00819672131147541
CCDC28A	0.02459016393442623
CCDC30	0.00819672131147541
CCDC33	0.01639344262295082
CCDC34	0.00819672131147541
CCDC39	0.01639344262295082
CCDC40	0.01639344262295082
CCDC42	0.00819672131147541
CCDC43	0.01639344262295082
CCDC53	0.00819672131147541
CCDC54	0.00819672131147541
CCDC57	0.02459016393442623
CCDC59	0.00819672131147541
CCDC6	0.00819672131147541
CCDC61	0.00819672131147541
CCDC62	0.01639344262295082
CCDC63	0.00819672131147541
CCDC64	0.01639344262295082
CCDC64B	0.00819672131147541
CCDC66	0.00819672131147541
CCDC69	0.00819672131147541
CCDC70	0.00819672131147541
CCDC71	0.00819672131147541
CCDC73	0.02459016393442623
CCDC74A	0.00819672131147541
CCDC77	0.00819672131147541
CCDC78	0.00819672131147541
CCDC79	0.00819672131147541
CCDC8	0.00819672131147541
CCDC82	0.00819672131147541
CCDC85A	0.00819672131147541
CCDC87	0.02459016393442623
CCDC88A	0.00819672131147541
CCDC88B	0.02459016393442623
CCDC88C	0.00819672131147541
CCDC9	0.00819672131147541
CCDC92	0.00819672131147541
CCDC93	0.00819672131147541
CCDC94	0.01639344262295082
CCER1	0.00819672131147541
CCIN	0.02459016393442623
CCKAR	0.01639344262295082
CCKBR	0.00819672131147541
CCL11	0.00819672131147541
CCL24	0.00819672131147541
CCL7	0.00819672131147541
CCNA1	0.00819672131147541
CCNB3	0.02459016393442623
CCND3	0.00819672131147541
CCNDBP1	0.01639344262295082
CCNE1	0.00819672131147541
CCNE2	0.00819672131147541
CCNF	0.00819672131147541
CCNI	0.00819672131147541
CCNI2	0.00819672131147541
CCNK	0.00819672131147541
CCNL1	0.01639344262295082
CCNL2	0.00819672131147541
CCNO	0.02459016393442623
CCNT1	0.01639344262295082
CCNY	0.00819672131147541
CCNYL1	0.00819672131147541
CCP110	0.00819672131147541
CCPG1	0.01639344262295082
CCR10	0.00819672131147541
CCR3	0.01639344262295082
CCR5	0.00819672131147541
CCR8	0.00819672131147541
CCS	0.00819672131147541
CCSER1	0.02459016393442623
CCSER2	0.00819672131147541
CCT2	0.01639344262295082
CCT3	0.01639344262295082
CCT4	0.00819672131147541
CCT5	0.00819672131147541
CCT6A	0.00819672131147541
CCT6B	0.00819672131147541
CCT7	0.01639344262295082
CCT8L2	0.01639344262295082
CCZ1	0.00819672131147541
CD109	0.01639344262295082
CD14	0.00819672131147541
CD151	0.00819672131147541
CD163L1	0.02459016393442623
CD180	0.00819672131147541
CD19	0.02459016393442623
CD1A	0.00819672131147541
CD1C	0.01639344262295082
CD1D	0.00819672131147541
CD1E	0.00819672131147541
CD2	0.00819672131147541
CD200	0.00819672131147541
CD207	0.01639344262295082
CD209	0.01639344262295082
CD22	0.01639344262295082
CD226	0.00819672131147541
CD247	0.00819672131147541
CD248	0.01639344262295082
CD276	0.01639344262295082
CD2BP2	0.00819672131147541
CD300A	0.00819672131147541
CD300C	0.01639344262295082
CD300E	0.00819672131147541
CD300LB	0.00819672131147541
CD300LD	0.01639344262295082
CD300LG	0.00819672131147541
CD34	0.01639344262295082
CD36	0.01639344262295082
CD48	0.00819672131147541
CD5L	0.02459016393442623
CD6	0.01639344262295082
CD63	0.00819672131147541
CD72	0.00819672131147541
CD74	0.00819672131147541
CD80	0.00819672131147541
CD83	0.00819672131147541
CD93	0.02459016393442623
CD96	0.00819672131147541
CDAN1	0.00819672131147541
CDC14A	0.00819672131147541
CDC16	0.00819672131147541
CDC20B	0.00819672131147541
CDC25A	0.00819672131147541
CDC25B	0.00819672131147541
CDC25C	0.00819672131147541
CDC42	0.00819672131147541
CDC42BPA	0.01639344262295082
CDC42BPB	0.01639344262295082
CDC42BPG	0.00819672131147541
CDC45	0.01639344262295082
CDC5L	0.02459016393442623
CDC7	0.01639344262295082
CDC73	0.00819672131147541
CDCA2	0.01639344262295082
CDCA7L	0.00819672131147541
CDCA8	0.01639344262295082
CDCP2	0.00819672131147541
CDH1	0.07377049180327869
CDH10	0.01639344262295082
CDH11	0.01639344262295082
CDH12	0.01639344262295082
CDH15	0.00819672131147541
CDH16	0.00819672131147541
CDH17	0.00819672131147541
CDH18	0.00819672131147541
CDH19	0.00819672131147541
CDH20	0.00819672131147541
CDH22	0.01639344262295082
CDH23	0.01639344262295082
CDH26	0.01639344262295082
CDH4	0.01639344262295082
CDH5	0.01639344262295082
CDH6	0.01639344262295082
CDH7	0.02459016393442623
CDH8	0.01639344262295082
CDH9	0.03278688524590164
CDHR1	0.00819672131147541
CDHR2	0.03278688524590164
CDHR3	0.02459016393442623
CDHR5	0.02459016393442623
CDIP1	0.00819672131147541
CDIPT	0.00819672131147541
CDK10	0.00819672131147541
CDK12	0.040983606557377046
CDK13	0.00819672131147541
CDK14	0.00819672131147541
CDK15	0.00819672131147541
CDK16	0.00819672131147541
CDK19	0.00819672131147541
CDK2AP1	0.00819672131147541
CDK5	0.00819672131147541
CDK5R1	0.00819672131147541
CDK5RAP1	0.01639344262295082
CDK5RAP2	0.01639344262295082
CDK5RAP3	0.01639344262295082
CDK7	0.00819672131147541
CDK9	0.00819672131147541
CDKAL1	0.00819672131147541
CDKL2	0.00819672131147541
CDKL3	0.01639344262295082
CDKL4	0.00819672131147541
CDKL5	0.00819672131147541
CDKN1B	0.01639344262295082
CDKN2A	0.01639344262295082
CDON	0.01639344262295082
CDR2	0.00819672131147541
CDR2L	0.02459016393442623
CDRT1	0.00819672131147541
CDS2	0.00819672131147541
CDSN	0.00819672131147541
CDT1	0.01639344262295082
CDX1	0.01639344262295082
CDX2	0.00819672131147541
CEACAM16	0.00819672131147541
CEACAM3	0.00819672131147541
CEACAM5	0.03278688524590164
CEACAM6	0.01639344262295082
CEBPA	0.00819672131147541
CEBPE	0.00819672131147541
CECR1	0.01639344262295082
CECR2	0.00819672131147541
CECR5	0.00819672131147541
CEL	0.00819672131147541
CELA2A	0.00819672131147541
CELA3A	0.00819672131147541
CELA3B	0.00819672131147541
CELF2	0.01639344262295082
CELF3	0.00819672131147541
CELF4	0.01639344262295082
CELF5	0.01639344262295082
CELSR1	0.00819672131147541
CELSR2	0.040983606557377046
CELSR3	0.02459016393442623
CEND1	0.00819672131147541
CENPB	0.00819672131147541
CENPE	0.02459016393442623
CENPF	0.04918032786885246
CENPI	0.00819672131147541
CENPJ	0.00819672131147541
CENPO	0.00819672131147541
CENPP	0.00819672131147541
CEP104	0.01639344262295082
CEP112	0.03278688524590164
CEP120	0.040983606557377046
CEP128	0.01639344262295082
CEP135	0.01639344262295082
CEP152	0.00819672131147541
CEP164	0.01639344262295082
CEP170	0.01639344262295082
CEP170B	0.01639344262295082
CEP192	0.02459016393442623
CEP250	0.040983606557377046
CEP290	0.01639344262295082
CEP350	0.03278688524590164
CEP41	0.00819672131147541
CEP72	0.02459016393442623
CEP78	0.00819672131147541
CEP85L	0.00819672131147541
CEP89	0.01639344262295082
CEP97	0.00819672131147541
CERCAM	0.01639344262295082
CES1	0.00819672131147541
CES2	0.01639344262295082
CETN1	0.00819672131147541
CETN3	0.00819672131147541
CETP	0.01639344262295082
CFH	0.02459016393442623
CFHR1	0.01639344262295082
CFHR2	0.02459016393442623
CFHR4	0.01639344262295082
CFHR5	0.00819672131147541
CFI	0.00819672131147541
CFLAR	0.00819672131147541
CFTR	0.01639344262295082
CGN	0.01639344262295082
CGNL1	0.00819672131147541
CGREF1	0.00819672131147541
CGRRF1	0.01639344262295082
CHAC1	0.01639344262295082
CHAD	0.01639344262295082
CHADL	0.00819672131147541
CHAF1A	0.01639344262295082
CHAT	0.02459016393442623
CHCHD4	0.00819672131147541
CHD1	0.00819672131147541
CHD1L	0.00819672131147541
CHD2	0.01639344262295082
CHD3	0.01639344262295082
CHD4	0.00819672131147541
CHD5	0.03278688524590164
CHD6	0.03278688524590164
CHD7	0.03278688524590164
CHD8	0.02459016393442623
CHD9	0.02459016393442623
CHDC2	0.00819672131147541
CHEK2	0.00819672131147541
CHFR	0.00819672131147541
CHGB	0.01639344262295082
CHI3L2	0.00819672131147541
CHIA	0.00819672131147541
CHL1	0.02459016393442623
CHM	0.02459016393442623
CHML	0.02459016393442623
CHMP1A	0.00819672131147541
CHMP2A	0.00819672131147541
CHMP3	0.01639344262295082
CHN2	0.00819672131147541
CHPF	0.00819672131147541
CHRAC1	0.01639344262295082
CHRD	0.01639344262295082
CHRDL1	0.02459016393442623
CHRDL2	0.00819672131147541
CHRM1	0.01639344262295082
CHRM2	0.00819672131147541
CHRM3	0.00819672131147541
CHRM5	0.00819672131147541
CHRNA1	0.01639344262295082
CHRNA2	0.00819672131147541
CHRNA3	0.02459016393442623
CHRNA4	0.00819672131147541
CHRNA5	0.00819672131147541
CHRNB2	0.02459016393442623
CHRNB3	0.01639344262295082
CHRND	0.00819672131147541
CHRNG	0.01639344262295082
CHST1	0.01639344262295082
CHST11	0.01639344262295082
CHST12	0.00819672131147541
CHST13	0.00819672131147541
CHST14	0.00819672131147541
CHST15	0.02459016393442623
CHST2	0.00819672131147541
CHST4	0.00819672131147541
CHST5	0.01639344262295082
CHST6	0.00819672131147541
CHST7	0.01639344262295082
CHST8	0.00819672131147541
CHST9	0.01639344262295082
CHSY3	0.02459016393442623
CHTF18	0.00819672131147541
CHTOP	0.00819672131147541
CHUK	0.00819672131147541
CIB3	0.00819672131147541
CIC	0.01639344262295082
CIDEA	0.00819672131147541
CIITA	0.00819672131147541
CILP	0.03278688524590164
CILP2	0.00819672131147541
CIR1	0.00819672131147541
CIRH1A	0.01639344262295082
CISH	0.00819672131147541
CIT	0.02459016393442623
CIZ1	0.00819672131147541
CKAP2	0.00819672131147541
CKAP2L	0.00819672131147541
CKAP4	0.00819672131147541
CKAP5	0.02459016393442623
CKB	0.00819672131147541
CKM	0.00819672131147541
CKMT2	0.01639344262295082
CLASP1	0.00819672131147541
CLASP2	0.01639344262295082
CLASRP	0.00819672131147541
CLCA1	0.02459016393442623
CLCA4	0.01639344262295082
CLCF1	0.00819672131147541
CLCN1	0.00819672131147541
CLCN2	0.01639344262295082
CLCN4	0.00819672131147541
CLCN5	0.01639344262295082
CLCN6	0.00819672131147541
CLCN7	0.01639344262295082
CLCNKA	0.01639344262295082
CLCNKB	0.00819672131147541
CLDN16	0.00819672131147541
CLDN17	0.01639344262295082
CLDN22	0.00819672131147541
CLDN5	0.00819672131147541
CLDND2	0.00819672131147541
CLEC11A	0.01639344262295082
CLEC14A	0.02459016393442623
CLEC16A	0.01639344262295082
CLEC17A	0.00819672131147541
CLEC1A	0.00819672131147541
CLEC3A	0.00819672131147541
CLEC4C	0.00819672131147541
CLEC4F	0.00819672131147541
CLEC4M	0.00819672131147541
CLECL1	0.00819672131147541
CLGN	0.00819672131147541
CLIC2	0.00819672131147541
CLIC3	0.00819672131147541
CLIC4	0.00819672131147541
CLIC5	0.01639344262295082
CLIC6	0.00819672131147541
CLIP1	0.00819672131147541
CLIP2	0.040983606557377046
CLIP4	0.00819672131147541
CLK1	0.01639344262295082
CLK2	0.00819672131147541
CLK4	0.00819672131147541
CLLU1OS	0.00819672131147541
CLMN	0.00819672131147541
CLN3	0.00819672131147541
CLNK	0.00819672131147541
CLOCK	0.01639344262295082
CLPB	0.00819672131147541
CLPSL2	0.00819672131147541
CLPTM1	0.00819672131147541
CLPTM1L	0.00819672131147541
CLPX	0.00819672131147541
CLRN2	0.00819672131147541
CLRN3	0.00819672131147541
CLSPN	0.00819672131147541
CLSTN2	0.01639344262295082
CLSTN3	0.00819672131147541
CLTB	0.00819672131147541
CLTC	0.03278688524590164
CLTCL1	0.02459016393442623
CLUH	0.01639344262295082
CLUL1	0.00819672131147541
CLVS1	0.00819672131147541
CLVS2	0.00819672131147541
CMAS	0.00819672131147541
CMKLR1	0.01639344262295082
CMTM3	0.00819672131147541
CMTR1	0.00819672131147541
CMYA5	0.04918032786885246
CNBD1	0.00819672131147541
CNBP	0.00819672131147541
CNDP1	0.01639344262295082
CNDP2	0.00819672131147541
CNGA1	0.00819672131147541
CNGA2	0.02459016393442623
CNGA3	0.02459016393442623
CNGA4	0.00819672131147541
CNGB1	0.01639344262295082
CNGB3	0.00819672131147541
CNIH3	0.00819672131147541
CNKSR1	0.00819672131147541
CNKSR2	0.02459016393442623
CNKSR3	0.00819672131147541
CNN1	0.01639344262295082
CNNM1	0.01639344262295082
CNNM2	0.00819672131147541
CNOT1	0.02459016393442623
CNOT10	0.00819672131147541
CNOT3	0.00819672131147541
CNOT4	0.01639344262295082
CNOT6	0.00819672131147541
CNOT6L	0.01639344262295082
CNP	0.00819672131147541
CNPPD1	0.01639344262295082
CNR1	0.01639344262295082
CNR2	0.01639344262295082
CNST	0.02459016393442623
CNTD2	0.00819672131147541
CNTLN	0.00819672131147541
CNTN1	0.00819672131147541
CNTN2	0.00819672131147541
CNTN3	0.02459016393442623
CNTN4	0.01639344262295082
CNTN5	0.01639344262295082
CNTN6	0.00819672131147541
CNTNAP1	0.01639344262295082
CNTNAP2	0.01639344262295082
CNTNAP3	0.00819672131147541
CNTNAP3B	0.00819672131147541
CNTNAP4	0.00819672131147541
CNTNAP5	0.040983606557377046
CNTRL	0.00819672131147541
CNTROB	0.00819672131147541
COASY	0.00819672131147541
COBL	0.01639344262295082
COBLL1	0.03278688524590164
COCH	0.00819672131147541
COG1	0.040983606557377046
COG2	0.00819672131147541
COG7	0.00819672131147541
COIL	0.00819672131147541
COL10A1	0.01639344262295082
COL11A1	0.02459016393442623
COL11A2	0.01639344262295082
COL12A1	0.040983606557377046
COL13A1	0.00819672131147541
COL14A1	0.040983606557377046
COL15A1	0.03278688524590164
COL16A1	0.01639344262295082
COL17A1	0.01639344262295082
COL18A1	0.040983606557377046
COL19A1	0.02459016393442623
COL1A1	0.01639344262295082
COL1A2	0.00819672131147541
COL20A1	0.04918032786885246
COL21A1	0.00819672131147541
COL22A1	0.02459016393442623
COL23A1	0.00819672131147541
COL24A1	0.01639344262295082
COL25A1	0.00819672131147541
COL27A1	0.02459016393442623
COL28A1	0.02459016393442623
COL2A1	0.02459016393442623
COL3A1	0.00819672131147541
COL4A1	0.03278688524590164
COL4A2	0.01639344262295082
COL4A3	0.03278688524590164
COL4A3BP	0.00819672131147541
COL4A4	0.040983606557377046
COL4A5	0.040983606557377046
COL4A6	0.00819672131147541
COL5A1	0.02459016393442623
COL5A2	0.00819672131147541
COL5A3	0.02459016393442623
COL6A1	0.01639344262295082
COL6A2	0.01639344262295082
COL6A3	0.00819672131147541
COL6A5	0.040983606557377046
COL6A6	0.04918032786885246
COL7A1	0.02459016393442623
COL8A1	0.00819672131147541
COL9A1	0.02459016393442623
COL9A2	0.00819672131147541
COL9A3	0.01639344262295082
COLCA2	0.01639344262295082
COLEC11	0.00819672131147541
COLEC12	0.00819672131147541
COLGALT1	0.00819672131147541
COLGALT2	0.00819672131147541
COLQ	0.01639344262295082
COMMD1	0.00819672131147541
COPA	0.02459016393442623
COPB1	0.02459016393442623
COPB2	0.00819672131147541
COPG1	0.00819672131147541
COPRS	0.00819672131147541
COPS5	0.00819672131147541
COPS7A	0.01639344262295082
CORIN	0.02459016393442623
CORO1A	0.01639344262295082
CORO1B	0.00819672131147541
CORO1C	0.00819672131147541
CORO7	0.00819672131147541
COTL1	0.00819672131147541
COX15	0.00819672131147541
COX5B	0.00819672131147541
COX6B1	0.00819672131147541
COX7C	0.00819672131147541
CP	0.02459016393442623
CPA4	0.01639344262295082
CPA5	0.00819672131147541
CPAMD8	0.03278688524590164
CPB2	0.00819672131147541
CPE	0.02459016393442623
CPEB1	0.01639344262295082
CPEB4	0.01639344262295082
CPED1	0.00819672131147541
CPLX1	0.00819672131147541
CPN2	0.01639344262295082
CPNE2	0.00819672131147541
CPNE4	0.00819672131147541
CPNE6	0.01639344262295082
CPNE7	0.00819672131147541
CPNE8	0.00819672131147541
CPNE9	0.00819672131147541
CPO	0.00819672131147541
CPS1	0.01639344262295082
CPSF1	0.03278688524590164
CPSF2	0.00819672131147541
CPT1A	0.00819672131147541
CPT1B	0.01639344262295082
CPT1C	0.00819672131147541
CPT2	0.00819672131147541
CPXCR1	0.01639344262295082
CPXM1	0.01639344262295082
CPZ	0.02459016393442623
CR1	0.01639344262295082
CR2	0.00819672131147541
CRAMP1L	0.00819672131147541
CRAT	0.00819672131147541
CRB1	0.040983606557377046
CRB2	0.03278688524590164
CREB3	0.00819672131147541
CREB3L1	0.00819672131147541
CREB3L3	0.00819672131147541
CREB5	0.00819672131147541
CREBBP	0.01639344262295082
CREBL2	0.00819672131147541
CREG1	0.00819672131147541
CREG2	0.00819672131147541
CRELD2	0.00819672131147541
CREM	0.00819672131147541
CRHBP	0.00819672131147541
CRHR1	0.00819672131147541
CRIM1	0.02459016393442623
CRIP2	0.01639344262295082
CRISP1	0.00819672131147541
CRISP2	0.01639344262295082
CRISPLD1	0.00819672131147541
CRK	0.02459016393442623
CRLF1	0.00819672131147541
CRLF3	0.01639344262295082
CRMP1	0.00819672131147541
CRNKL1	0.00819672131147541
CRNN	0.01639344262295082
CROCC	0.04918032786885246
CRP	0.00819672131147541
CRTAC1	0.00819672131147541
CRTC1	0.00819672131147541
CRTC2	0.00819672131147541
CRX	0.01639344262295082
CRY1	0.01639344262295082
CRY2	0.01639344262295082
CRYBA1	0.01639344262295082
CRYBA4	0.00819672131147541
CRYBB1	0.01639344262295082
CRYGB	0.00819672131147541
CRYGC	0.00819672131147541
CRYGD	0.00819672131147541
CRYL1	0.00819672131147541
CRYM	0.01639344262295082
CRYZ	0.01639344262295082
CSDE1	0.02459016393442623
CSF1R	0.02459016393442623
CSF2RB	0.01639344262295082
CSF3R	0.01639344262295082
CSGALNACT2	0.01639344262295082
CSH1	0.00819672131147541
CSH2	0.00819672131147541
CSHL1	0.00819672131147541
CSMD1	0.040983606557377046
CSMD2	0.01639344262295082
CSMD3	0.04918032786885246
CSN2	0.00819672131147541
CSN3	0.00819672131147541
CSNK1A1	0.01639344262295082
CSNK1A1L	0.02459016393442623
CSNK2A1	0.00819672131147541
CSNK2A3	0.00819672131147541
CSNK2B	0.01639344262295082
CSPG4	0.00819672131147541
CSPP1	0.02459016393442623
CSRNP1	0.00819672131147541
CSRNP3	0.02459016393442623
CSRP2BP	0.01639344262295082
CSRP3	0.00819672131147541
CST11	0.00819672131147541
CST4	0.00819672131147541
CSTF1	0.00819672131147541
CSTF2	0.00819672131147541
CSTF2T	0.00819672131147541
CT47B1	0.00819672131147541
CTAG2	0.00819672131147541
CTAGE1	0.00819672131147541
CTAGE5	0.00819672131147541
CTAGE6	0.00819672131147541
CTAGE9	0.00819672131147541
CTB-58E17.5	0.00819672131147541
CTBP2	0.01639344262295082
CTC-260F20.3	0.00819672131147541
CTC-534A2.2	0.00819672131147541
CTC1	0.02459016393442623
CTCF	0.02459016393442623
CTCFL	0.00819672131147541
CTD-2616J11.4	0.00819672131147541
CTD-3088G3.8	0.01639344262295082
CTD-3148I10.1	0.00819672131147541
CTDNEP1	0.01639344262295082
CTDP1	0.00819672131147541
CTDSPL	0.01639344262295082
CTDSPL2	0.00819672131147541
CTF1	0.00819672131147541
CTGF	0.00819672131147541
CTNNA2	0.03278688524590164
CTNNAL1	0.00819672131147541
CTNNB1	0.01639344262295082
CTNNBL1	0.00819672131147541
CTNND2	0.00819672131147541
CTPS2	0.00819672131147541
CTR9	0.01639344262295082
CTRB2	0.00819672131147541
CTSB	0.00819672131147541
CTSD	0.00819672131147541
CTSG	0.00819672131147541
CTSH	0.00819672131147541
CTSO	0.01639344262295082
CTSS	0.00819672131147541
CTTN	0.02459016393442623
CTTNBP2	0.03278688524590164
CTTNBP2NL	0.00819672131147541
CTU1	0.00819672131147541
CUBN	0.03278688524590164
CUEDC1	0.00819672131147541
CUL2	0.00819672131147541
CUL3	0.00819672131147541
CUL4B	0.040983606557377046
CUL5	0.01639344262295082
CUL7	0.01639344262295082
CUL9	0.01639344262295082
CUX1	0.00819672131147541
CUX2	0.03278688524590164
CUZD1	0.01639344262295082
CWC22	0.00819672131147541
CWC25	0.01639344262295082
CWC27	0.01639344262295082
CWF19L2	0.01639344262295082
CX3CL1	0.00819672131147541
CXADR	0.00819672131147541
CXCL5	0.00819672131147541
CXCR1	0.00819672131147541
CXCR3	0.00819672131147541
CXCR4	0.00819672131147541
CXXC11	0.00819672131147541
CXorf23	0.02459016393442623
CXorf27	0.00819672131147541
CXorf30	0.00819672131147541
CXorf36	0.00819672131147541
CXorf38	0.00819672131147541
CXorf57	0.00819672131147541
CXorf64	0.00819672131147541
CXorf66	0.01639344262295082
CXorf67	0.00819672131147541
CYB561A3	0.00819672131147541
CYB5R4	0.00819672131147541
CYBA	0.00819672131147541
CYBB	0.00819672131147541
CYBRD1	0.00819672131147541
CYFIP2	0.00819672131147541
CYLC1	0.00819672131147541
CYLC2	0.00819672131147541
CYLD	0.00819672131147541
CYP11A1	0.00819672131147541
CYP11B2	0.00819672131147541
CYP19A1	0.00819672131147541
CYP1A1	0.01639344262295082
CYP1A2	0.00819672131147541
CYP21A2	0.00819672131147541
CYP24A1	0.00819672131147541
CYP26B1	0.01639344262295082
CYP27A1	0.00819672131147541
CYP27B1	0.01639344262295082
CYP2A6	0.00819672131147541
CYP2A7	0.01639344262295082
CYP2B6	0.01639344262295082
CYP2C18	0.00819672131147541
CYP2C19	0.01639344262295082
CYP2C8	0.00819672131147541
CYP2C9	0.00819672131147541
CYP2D6	0.00819672131147541
CYP2E1	0.00819672131147541
CYP2J2	0.00819672131147541
CYP2S1	0.00819672131147541
CYP2W1	0.00819672131147541
CYP3A4	0.00819672131147541
CYP3A43	0.02459016393442623
CYP3A5	0.00819672131147541
CYP46A1	0.01639344262295082
CYP4A22	0.00819672131147541
CYP4F2	0.00819672131147541
CYP4V2	0.01639344262295082
CYP4X1	0.00819672131147541
CYP4Z1	0.00819672131147541
CYP51A1	0.00819672131147541
CYP7A1	0.01639344262295082
CYP7B1	0.00819672131147541
CYP8B1	0.00819672131147541
CYR61	0.00819672131147541
CYSLTR2	0.01639344262295082
CYTH4	0.00819672131147541
CYTIP	0.01639344262295082
CYYR1	0.00819672131147541
DAAM1	0.01639344262295082
DAAM2	0.00819672131147541
DAB1	0.02459016393442623
DAB2	0.01639344262295082
DACH2	0.02459016393442623
DACT1	0.00819672131147541
DACT2	0.02459016393442623
DACT3	0.00819672131147541
DAGLA	0.00819672131147541
DALRD3	0.00819672131147541
DAOA	0.00819672131147541
DAP3	0.01639344262295082
DAPK1	0.02459016393442623
DAPK2	0.00819672131147541
DAPK3	0.00819672131147541
DAXX	0.00819672131147541
DAZAP1	0.00819672131147541
DBF4B	0.00819672131147541
DBH	0.00819672131147541
DBNDD2	0.00819672131147541
DBR1	0.00819672131147541
DBX1	0.00819672131147541
DCAF12	0.00819672131147541
DCAF12L1	0.00819672131147541
DCAF12L2	0.00819672131147541
DCAF13	0.02459016393442623
DCAF16	0.00819672131147541
DCAF4L1	0.00819672131147541
DCAF4L2	0.00819672131147541
DCAF5	0.00819672131147541
DCAF6	0.00819672131147541
DCAF8	0.01639344262295082
DCAF8L1	0.00819672131147541
DCAF8L2	0.02459016393442623
DCC	0.01639344262295082
DCDC1	0.02459016393442623
DCDC2	0.01639344262295082
DCHS1	0.040983606557377046
DCHS2	0.03278688524590164
DCLK1	0.01639344262295082
DCLK2	0.02459016393442623
DCLK3	0.00819672131147541
DCLRE1A	0.00819672131147541
DCLRE1B	0.00819672131147541
DCLRE1C	0.00819672131147541
DCN	0.00819672131147541
DCP1B	0.00819672131147541
DCST1	0.03278688524590164
DCST2	0.01639344262295082
DCTN1	0.02459016393442623
DCTN4	0.00819672131147541
DCTPP1	0.00819672131147541
DCUN1D2	0.00819672131147541
DCUN1D5	0.00819672131147541
DCX	0.01639344262295082
DCXR	0.00819672131147541
DDB1	0.01639344262295082
DDB2	0.01639344262295082
DDC	0.03278688524590164
DDC8	0.00819672131147541
DDHD1	0.00819672131147541
DDHD2	0.00819672131147541
DDI1	0.00819672131147541
DDI2	0.00819672131147541
DDN	0.00819672131147541
DDO	0.00819672131147541
DDOST	0.01639344262295082
DDR1	0.02459016393442623
DDR2	0.00819672131147541
DDRGK1	0.00819672131147541
DDX11	0.00819672131147541
DDX18	0.01639344262295082
DDX20	0.00819672131147541
DDX21	0.01639344262295082
DDX23	0.00819672131147541
DDX26B	0.03278688524590164
DDX27	0.00819672131147541
DDX39A	0.00819672131147541
DDX3X	0.00819672131147541
DDX4	0.01639344262295082
DDX41	0.00819672131147541
DDX42	0.04918032786885246
DDX43	0.00819672131147541
DDX46	0.00819672131147541
DDX49	0.00819672131147541
DDX50	0.02459016393442623
DDX51	0.00819672131147541
DDX52	0.00819672131147541
DDX53	0.00819672131147541
DDX54	0.00819672131147541
DDX59	0.00819672131147541
DDX60	0.01639344262295082
DEAF1	0.00819672131147541
DECR2	0.00819672131147541
DEDD	0.00819672131147541
DEDD2	0.01639344262295082
DEF6	0.01639344262295082
DEF8	0.00819672131147541
DEFB110	0.00819672131147541
DEFB114	0.00819672131147541
DEFB115	0.00819672131147541
DEFB119	0.00819672131147541
DEFB125	0.00819672131147541
DEFB129	0.00819672131147541
DENND1C	0.01639344262295082
DENND2A	0.02459016393442623
DENND4A	0.00819672131147541
DENND4B	0.02459016393442623
DENND4C	0.02459016393442623
DENND5A	0.02459016393442623
DENND5B	0.02459016393442623
DENND6A	0.00819672131147541
DEPDC1	0.02459016393442623
DEPDC4	0.00819672131147541
DEPDC5	0.01639344262295082
DEPTOR	0.00819672131147541
DERL1	0.00819672131147541
DES	0.00819672131147541
DET1	0.00819672131147541
DFFA	0.01639344262295082
DFFB	0.00819672131147541
DFNB31	0.00819672131147541
DFNB59	0.00819672131147541
DGAT2L6	0.00819672131147541
DGCR14	0.01639344262295082
DGCR2	0.01639344262295082
DGCR6	0.00819672131147541
DGCR6L	0.01639344262295082
DGCR8	0.00819672131147541
DGKA	0.01639344262295082
DGKB	0.02459016393442623
DGKD	0.01639344262295082
DGKG	0.01639344262295082
DGKI	0.01639344262295082
DGKQ	0.03278688524590164
DGKZ	0.00819672131147541
DGUOK	0.00819672131147541
DHCR7	0.00819672131147541
DHDDS	0.00819672131147541
DHDH	0.00819672131147541
DHODH	0.00819672131147541
DHRS1	0.00819672131147541
DHRS12	0.00819672131147541
DHRS4	0.00819672131147541
DHRS4L2	0.00819672131147541
DHRS7C	0.01639344262295082
DHTKD1	0.01639344262295082
DHX15	0.01639344262295082
DHX16	0.01639344262295082
DHX29	0.00819672131147541
DHX30	0.00819672131147541
DHX32	0.00819672131147541
DHX34	0.01639344262295082
DHX35	0.00819672131147541
DHX37	0.00819672131147541
DHX38	0.00819672131147541
DHX40	0.00819672131147541
DHX57	0.00819672131147541
DHX58	0.00819672131147541
DHX8	0.02459016393442623
DHX9	0.00819672131147541
DIAPH1	0.00819672131147541
DIAPH2	0.02459016393442623
DICER1	0.00819672131147541
DIDO1	0.01639344262295082
DIO2	0.00819672131147541
DIO3	0.00819672131147541
DIP2A	0.02459016393442623
DIP2B	0.01639344262295082
DIP2C	0.01639344262295082
DIS3	0.00819672131147541
DIS3L	0.00819672131147541
DIS3L2	0.00819672131147541
DISC1	0.01639344262295082
DISP1	0.02459016393442623
DISP2	0.02459016393442623
DKC1	0.00819672131147541
DKK1	0.01639344262295082
DKK2	0.01639344262295082
DKK3	0.00819672131147541
DKKL1	0.00819672131147541
DLAT	0.00819672131147541
DLC1	0.01639344262295082
DLD	0.00819672131147541
DLEC1	0.01639344262295082
DLEU1	0.00819672131147541
DLEU7	0.00819672131147541
DLG2	0.01639344262295082
DLG3	0.01639344262295082
DLG4	0.01639344262295082
DLG5	0.03278688524590164
DLGAP1	0.040983606557377046
DLGAP2	0.01639344262295082
DLGAP3	0.01639344262295082
DLGAP4	0.01639344262295082
DLGAP5	0.01639344262295082
DLK1	0.00819672131147541
DLK2	0.00819672131147541
DLL1	0.02459016393442623
DLL4	0.00819672131147541
DLST	0.00819672131147541
DLX5	0.01639344262295082
DLX6	0.00819672131147541
DMAP1	0.00819672131147541
DMBT1	0.04918032786885246
DMBX1	0.01639344262295082
DMC1	0.01639344262295082
DMD	0.02459016393442623
DMGDH	0.00819672131147541
DMP1	0.00819672131147541
DMRT1	0.00819672131147541
DMRTA2	0.00819672131147541
DMRTB1	0.01639344262295082
DMRTC2	0.02459016393442623
DMTF1	0.00819672131147541
DMTN	0.01639344262295082
DMXL1	0.040983606557377046
DMXL2	0.040983606557377046
DNA2	0.00819672131147541
DNAAF1	0.02459016393442623
DNAAF2	0.03278688524590164
DNAH1	0.04918032786885246
DNAH10	0.02459016393442623
DNAH11	0.07377049180327869
DNAH12	0.01639344262295082
DNAH14	0.04918032786885246
DNAH17	0.05737704918032787
DNAH2	0.01639344262295082
DNAH3	0.04918032786885246
DNAH5	0.040983606557377046
DNAH6	0.03278688524590164
DNAH7	0.04918032786885246
DNAH8	0.02459016393442623
DNAH9	0.07377049180327869
DNAI1	0.00819672131147541
DNAI2	0.02459016393442623
DNAJA1	0.00819672131147541
DNAJB12	0.00819672131147541
DNAJB13	0.00819672131147541
DNAJB2	0.00819672131147541
DNAJB4	0.00819672131147541
DNAJB5	0.01639344262295082
DNAJC1	0.00819672131147541
DNAJC11	0.00819672131147541
DNAJC13	0.040983606557377046
DNAJC14	0.00819672131147541
DNAJC17	0.00819672131147541
DNAJC18	0.00819672131147541
DNAJC2	0.02459016393442623
DNAJC21	0.01639344262295082
DNAJC22	0.00819672131147541
DNAJC25	0.00819672131147541
DNAJC27	0.00819672131147541
DNAJC28	0.00819672131147541
DNAJC30	0.00819672131147541
DNAJC5	0.00819672131147541
DNAJC6	0.01639344262295082
DNAJC7	0.01639344262295082
DNAL1	0.00819672131147541
DNASE1	0.00819672131147541
DNASE1L1	0.00819672131147541
DNASE1L2	0.00819672131147541
DNASE1L3	0.00819672131147541
DNASE2B	0.00819672131147541
DND1	0.00819672131147541
DNHD1	0.04918032786885246
DNM1	0.01639344262295082
DNM1L	0.01639344262295082
DNM2	0.01639344262295082
DNM3	0.00819672131147541
DNMT1	0.01639344262295082
DNMT3A	0.02459016393442623
DNMT3L	0.01639344262295082
DNPEP	0.00819672131147541
DNTT	0.00819672131147541
DNTTIP1	0.00819672131147541
DNTTIP2	0.01639344262295082
DOCK1	0.03278688524590164
DOCK10	0.02459016393442623
DOCK11	0.01639344262295082
DOCK2	0.02459016393442623
DOCK3	0.00819672131147541
DOCK4	0.00819672131147541
DOCK5	0.04918032786885246
DOCK6	0.05737704918032787
DOCK7	0.02459016393442623
DOCK8	0.02459016393442623
DOCK9	0.01639344262295082
DOK4	0.00819672131147541
DOK6	0.00819672131147541
DOK7	0.00819672131147541
DONSON	0.00819672131147541
DOPEY1	0.040983606557377046
DOPEY2	0.040983606557377046
DOT1L	0.040983606557377046
DPAGT1	0.01639344262295082
DPCD	0.00819672131147541
DPCR1	0.03278688524590164
DPEP1	0.01639344262295082
DPEP2	0.00819672131147541
DPEP3	0.02459016393442623
DPF1	0.00819672131147541
DPH2	0.00819672131147541
DPH7	0.00819672131147541
DPM3	0.00819672131147541
DPP10	0.00819672131147541
DPP3	0.01639344262295082
DPP4	0.00819672131147541
DPP6	0.01639344262295082
DPP7	0.01639344262295082
DPP8	0.00819672131147541
DPP9	0.00819672131147541
DPPA3	0.00819672131147541
DPPA4	0.00819672131147541
DPRX	0.00819672131147541
DPY19L1	0.01639344262295082
DPYD	0.00819672131147541
DPYS	0.01639344262295082
DPYSL3	0.00819672131147541
DPYSL5	0.02459016393442623
DRAM2	0.01639344262295082
DRAXIN	0.00819672131147541
DRC1	0.00819672131147541
DRD3	0.00819672131147541
DRD4	0.00819672131147541
DRD5	0.01639344262295082
DRGX	0.01639344262295082
DROSHA	0.00819672131147541
DRP2	0.01639344262295082
DSC2	0.01639344262295082
DSC3	0.00819672131147541
DSCAM	0.02459016393442623
DSCAML1	0.01639344262295082
DSCC1	0.01639344262295082
DSE	0.00819672131147541
DSEL	0.00819672131147541
DSG1	0.01639344262295082
DSG2	0.01639344262295082
DSG3	0.00819672131147541
DSG4	0.01639344262295082
DSP	0.02459016393442623
DSPP	0.040983606557377046
DST	0.07377049180327869
DSTYK	0.00819672131147541
DTD1	0.00819672131147541
DTD2	0.00819672131147541
DTHD1	0.01639344262295082
DTNA	0.00819672131147541
DTNB	0.01639344262295082
DTX1	0.01639344262295082
DTX3L	0.00819672131147541
DTX4	0.00819672131147541
DTYMK	0.00819672131147541
DUOX1	0.00819672131147541
DUOX2	0.02459016393442623
DUOXA1	0.01639344262295082
DUS1L	0.00819672131147541
DUS3L	0.02459016393442623
DUSP10	0.00819672131147541
DUSP11	0.01639344262295082
DUSP13	0.00819672131147541
DUSP15	0.00819672131147541
DUSP16	0.00819672131147541
DUSP23	0.00819672131147541
DUSP27	0.02459016393442623
DUSP4	0.00819672131147541
DUSP7	0.00819672131147541
DUSP8	0.00819672131147541
DUT	0.00819672131147541
DVL1	0.00819672131147541
DVL2	0.00819672131147541
DYDC1	0.00819672131147541
DYM	0.02459016393442623
DYNC1H1	0.03278688524590164
DYNC1I1	0.00819672131147541
DYNC1I2	0.00819672131147541
DYNC1LI2	0.01639344262295082
DYNC2H1	0.01639344262295082
DYNLRB1	0.00819672131147541
DYRK2	0.00819672131147541
DYRK3	0.00819672131147541
DYRK4	0.00819672131147541
DYSF	0.01639344262295082
DZANK1	0.01639344262295082
DZIP1	0.01639344262295082
DZIP1L	0.01639344262295082
DZIP3	0.01639344262295082
E2F1	0.00819672131147541
E2F4	0.00819672131147541
E2F5	0.00819672131147541
E2F6	0.02459016393442623
E2F7	0.01639344262295082
E2F8	0.00819672131147541
E4F1	0.00819672131147541
EARS2	0.00819672131147541
EBF1	0.01639344262295082
EBF2	0.00819672131147541
EBF3	0.01639344262295082
EBLN1	0.01639344262295082
EBLN2	0.00819672131147541
ECD	0.00819672131147541
ECE1	0.00819672131147541
ECE2	0.03278688524590164
ECEL1	0.01639344262295082
ECH1	0.01639344262295082
ECSIT	0.00819672131147541
ECT2L	0.00819672131147541
EDA2R	0.00819672131147541
EDC4	0.01639344262295082
EDEM1	0.00819672131147541
EDEM3	0.02459016393442623
EDIL3	0.01639344262295082
EDN3	0.01639344262295082
EEA1	0.00819672131147541
EEF1A1	0.00819672131147541
EEF1A2	0.00819672131147541
EEFSEC	0.00819672131147541
EFCAB13	0.00819672131147541
EFCAB14	0.00819672131147541
EFCAB3	0.00819672131147541
EFCAB4B	0.00819672131147541
EFCAB5	0.02459016393442623
EFCAB6	0.00819672131147541
EFCC1	0.00819672131147541
EFHB	0.00819672131147541
EFHC1	0.00819672131147541
EFHD1	0.00819672131147541
EFNA1	0.00819672131147541
EFNA3	0.00819672131147541
EFNB3	0.01639344262295082
EFR3B	0.00819672131147541
EFS	0.00819672131147541
EFTUD1	0.01639344262295082
EGF	0.02459016393442623
EGFL7	0.00819672131147541
EGFLAM	0.040983606557377046
EGFR	0.02459016393442623
EGR2	0.00819672131147541
EGR4	0.01639344262295082
EHBP1	0.03278688524590164
EHBP1L1	0.03278688524590164
EHD3	0.01639344262295082
EHD4	0.00819672131147541
EHF	0.00819672131147541
EHMT1	0.02459016393442623
EHMT2	0.00819672131147541
EIF1AX	0.00819672131147541
EIF2A	0.00819672131147541
EIF2AK2	0.00819672131147541
EIF2AK3	0.02459016393442623
EIF2AK4	0.02459016393442623
EIF2B5	0.00819672131147541
EIF2S1	0.00819672131147541
EIF2S3	0.01639344262295082
EIF3A	0.00819672131147541
EIF3B	0.00819672131147541
EIF3D	0.00819672131147541
EIF3H	0.00819672131147541
EIF3I	0.00819672131147541
EIF3K	0.00819672131147541
EIF3L	0.00819672131147541
EIF4A1	0.00819672131147541
EIF4A2	0.01639344262295082
EIF4E	0.00819672131147541
EIF4E1B	0.00819672131147541
EIF4EBP2	0.00819672131147541
EIF4ENIF1	0.00819672131147541
EIF4G1	0.02459016393442623
EIF4G3	0.01639344262295082
EIF5	0.00819672131147541
EIF5A	0.00819672131147541
EIF5B	0.00819672131147541
ELAC1	0.00819672131147541
ELANE	0.00819672131147541
ELAVL3	0.00819672131147541
ELAVL4	0.00819672131147541
ELF1	0.01639344262295082
ELF2	0.01639344262295082
ELFN1	0.01639344262295082
ELK4	0.00819672131147541
ELL2	0.00819672131147541
ELL3	0.00819672131147541
ELMO1	0.00819672131147541
ELMO3	0.00819672131147541
ELMOD1	0.00819672131147541
ELMSAN1	0.00819672131147541
ELN	0.02459016393442623
ELOF1	0.00819672131147541
ELOVL1	0.00819672131147541
ELOVL2	0.01639344262295082
ELP2	0.00819672131147541
ELTD1	0.00819672131147541
EMB	0.00819672131147541
EMC3	0.02459016393442623
EMC7	0.00819672131147541
EMID1	0.00819672131147541
EMILIN1	0.03278688524590164
EMILIN2	0.01639344262295082
EMILIN3	0.00819672131147541
EML1	0.00819672131147541
EML2	0.02459016393442623
EML3	0.00819672131147541
EML5	0.02459016393442623
EML6	0.01639344262295082
EMP3	0.00819672131147541
EMR1	0.00819672131147541
EMR3	0.00819672131147541
EMX1	0.00819672131147541
EMX2	0.00819672131147541
EN1	0.01639344262295082
ENAH	0.03278688524590164
ENAM	0.01639344262295082
ENDOD1	0.01639344262295082
ENDOU	0.00819672131147541
ENG	0.01639344262295082
ENGASE	0.00819672131147541
ENKD1	0.00819672131147541
ENO1	0.00819672131147541
ENO2	0.00819672131147541
ENO3	0.00819672131147541
ENOSF1	0.00819672131147541
ENOX1	0.01639344262295082
ENOX2	0.00819672131147541
ENPEP	0.01639344262295082
ENPP2	0.01639344262295082
ENPP4	0.00819672131147541
ENPP6	0.00819672131147541
ENPP7	0.01639344262295082
ENTHD1	0.00819672131147541
ENTHD2	0.00819672131147541
ENTPD2	0.00819672131147541
ENTPD4	0.00819672131147541
ENTPD6	0.00819672131147541
ENTPD8	0.00819672131147541
ENY2	0.00819672131147541
EP300	0.01639344262295082
EP400	0.04918032786885246
EPAS1	0.00819672131147541
EPB41	0.01639344262295082
EPB41L1	0.02459016393442623
EPB41L2	0.00819672131147541
EPB41L3	0.00819672131147541
EPB41L4B	0.01639344262295082
EPB41L5	0.00819672131147541
EPB42	0.00819672131147541
EPC1	0.00819672131147541
EPC2	0.03278688524590164
EPCAM	0.00819672131147541
EPDR1	0.00819672131147541
EPG5	0.01639344262295082
EPHA1	0.00819672131147541
EPHA10	0.01639344262295082
EPHA2	0.00819672131147541
EPHA3	0.01639344262295082
EPHA5	0.02459016393442623
EPHA6	0.01639344262295082
EPHA7	0.00819672131147541
EPHA8	0.01639344262295082
EPHB1	0.03278688524590164
EPHB2	0.01639344262295082
EPHB3	0.00819672131147541
EPHB4	0.03278688524590164
EPHB6	0.00819672131147541
EPHX1	0.00819672131147541
EPHX2	0.00819672131147541
EPHX4	0.00819672131147541
EPM2A	0.00819672131147541
EPN1	0.01639344262295082
EPN2	0.00819672131147541
EPN3	0.01639344262295082
EPOR	0.00819672131147541
EPPK1	0.02459016393442623
EPS15L1	0.00819672131147541
EPS8	0.00819672131147541
EPS8L1	0.01639344262295082
EPSTI1	0.00819672131147541
EPT1	0.00819672131147541
EPX	0.01639344262295082
EPYC	0.00819672131147541
ERAP1	0.03278688524590164
ERAP2	0.00819672131147541
ERAS	0.00819672131147541
ERBB2	0.02459016393442623
ERBB2IP	0.01639344262295082
ERBB3	0.02459016393442623
ERBB4	0.02459016393442623
ERC2	0.01639344262295082
ERCC2	0.01639344262295082
ERCC3	0.00819672131147541
ERCC4	0.01639344262295082
ERCC5	0.00819672131147541
ERCC6	0.02459016393442623
ERCC6L	0.00819672131147541
ERCC6L2	0.02459016393442623
ERF	0.00819672131147541
ERG	0.01639344262295082
ERICH1	0.00819672131147541
ERLIN2	0.00819672131147541
ERN2	0.00819672131147541
ERP44	0.00819672131147541
ERV3-1	0.00819672131147541
ERVFRD-1	0.00819672131147541
ERVMER34-1	0.00819672131147541
ERVV-2	0.01639344262295082
ERVW-1	0.01639344262295082
ESCO1	0.01639344262295082
ESCO2	0.00819672131147541
ESM1	0.00819672131147541
ESPL1	0.00819672131147541
ESPN	0.02459016393442623
ESPNL	0.02459016393442623
ESR1	0.00819672131147541
ESRP1	0.01639344262295082
ESRRG	0.00819672131147541
ESX1	0.00819672131147541
ESYT2	0.00819672131147541
ESYT3	0.01639344262295082
ETNPPL	0.01639344262295082
ETV1	0.00819672131147541
ETV3	0.02459016393442623
ETV3L	0.01639344262295082
ETV7	0.00819672131147541
EVA1C	0.02459016393442623
EVC	0.03278688524590164
EVC2	0.01639344262295082
EVI2A	0.00819672131147541
EVI5	0.00819672131147541
EVI5L	0.02459016393442623
EVL	0.00819672131147541
EVPL	0.03278688524590164
EVPLL	0.02459016393442623
EWSR1	0.00819672131147541
EXD1	0.00819672131147541
EXD2	0.00819672131147541
EXO1	0.00819672131147541
EXOC1	0.00819672131147541
EXOC2	0.00819672131147541
EXOC3L1	0.03278688524590164
EXOC3L4	0.00819672131147541
EXOC5	0.01639344262295082
EXOC6	0.00819672131147541
EXOC6B	0.00819672131147541
EXOC7	0.00819672131147541
EXOG	0.00819672131147541
EXOSC10	0.00819672131147541
EXOSC3	0.00819672131147541
EXOSC4	0.00819672131147541
EXOSC6	0.00819672131147541
EXOSC7	0.00819672131147541
EXPH5	0.040983606557377046
EXT1	0.02459016393442623
EXTL1	0.01639344262295082
EXTL3	0.01639344262295082
EYA1	0.00819672131147541
EYA2	0.02459016393442623
EYA4	0.00819672131147541
EYS	0.00819672131147541
EZH1	0.00819672131147541
EZR	0.01639344262295082
F11	0.02459016393442623
F12	0.00819672131147541
F13A1	0.01639344262295082
F13B	0.00819672131147541
F2	0.00819672131147541
F2RL1	0.00819672131147541
F2RL3	0.01639344262295082
F5	0.00819672131147541
F7	0.00819672131147541
F8	0.02459016393442623
F9	0.03278688524590164
FA2H	0.00819672131147541
FAAH2	0.00819672131147541
FABP1	0.00819672131147541
FABP12	0.00819672131147541
FADD	0.00819672131147541
FADS1	0.00819672131147541
FADS3	0.00819672131147541
FADS6	0.00819672131147541
FAF1	0.00819672131147541
FAHD2A	0.00819672131147541
FAHD2B	0.00819672131147541
FAIM2	0.00819672131147541
FAIM3	0.01639344262295082
FAM102A	0.00819672131147541
FAM102B	0.00819672131147541
FAM104A	0.00819672131147541
FAM104B	0.00819672131147541
FAM105A	0.00819672131147541
FAM107A	0.00819672131147541
FAM107B	0.01639344262295082
FAM111A	0.00819672131147541
FAM114A2	0.00819672131147541
FAM118A	0.00819672131147541
FAM120A	0.02459016393442623
FAM120C	0.02459016393442623
FAM126A	0.02459016393442623
FAM129A	0.01639344262295082
FAM129B	0.00819672131147541
FAM129C	0.00819672131147541
FAM132B	0.00819672131147541
FAM134B	0.00819672131147541
FAM135B	0.02459016393442623
FAM13A	0.00819672131147541
FAM13B	0.00819672131147541
FAM13C	0.00819672131147541
FAM149B1	0.00819672131147541
FAM155A	0.00819672131147541
FAM155B	0.00819672131147541
FAM160A1	0.02459016393442623
FAM160A2	0.02459016393442623
FAM160B1	0.00819672131147541
FAM161A	0.00819672131147541
FAM162A	0.00819672131147541
FAM163A	0.00819672131147541
FAM166A	0.00819672131147541
FAM166B	0.01639344262295082
FAM167B	0.00819672131147541
FAM168B	0.00819672131147541
FAM170B	0.01639344262295082
FAM171A1	0.01639344262295082
FAM173A	0.00819672131147541
FAM177B	0.00819672131147541
FAM178A	0.00819672131147541
FAM178B	0.02459016393442623
FAM179B	0.02459016393442623
FAM181B	0.00819672131147541
FAM184A	0.00819672131147541
FAM184B	0.01639344262295082
FAM185A	0.00819672131147541
FAM186A	0.01639344262295082
FAM186B	0.02459016393442623
FAM188A	0.00819672131147541
FAM188B	0.01639344262295082
FAM189A1	0.01639344262295082
FAM189A2	0.00819672131147541
FAM189B	0.01639344262295082
FAM192A	0.00819672131147541
FAM193A	0.02459016393442623
FAM193B	0.01639344262295082
FAM194A	0.01639344262295082
FAM195B	0.00819672131147541
FAM196A	0.01639344262295082
FAM200A	0.01639344262295082
FAM200B	0.02459016393442623
FAM205A	0.01639344262295082
FAM208A	0.00819672131147541
FAM208B	0.01639344262295082
FAM209A	0.00819672131147541
FAM209B	0.00819672131147541
FAM210A	0.00819672131147541
FAM214A	0.00819672131147541
FAM215A	0.01639344262295082
FAM216B	0.00819672131147541
FAM217B	0.00819672131147541
FAM219B	0.00819672131147541
FAM21C	0.00819672131147541
FAM221B	0.00819672131147541
FAM222A	0.00819672131147541
FAM227A	0.00819672131147541
FAM227B	0.00819672131147541
FAM228A	0.02459016393442623
FAM228B	0.00819672131147541
FAM229A	0.00819672131147541
FAM26D	0.00819672131147541
FAM26F	0.00819672131147541
FAM3D	0.00819672131147541
FAM43A	0.00819672131147541
FAM46C	0.00819672131147541
FAM46D	0.00819672131147541
FAM47A	0.040983606557377046
FAM47B	0.01639344262295082
FAM47C	0.03278688524590164
FAM47E	0.00819672131147541
FAM49A	0.00819672131147541
FAM50A	0.00819672131147541
FAM50B	0.01639344262295082
FAM53B	0.00819672131147541
FAM53C	0.00819672131147541
FAM58A	0.00819672131147541
FAM63B	0.00819672131147541
FAM65B	0.02459016393442623
FAM65C	0.00819672131147541
FAM69A	0.01639344262295082
FAM71A	0.00819672131147541
FAM71B	0.00819672131147541
FAM71E1	0.00819672131147541
FAM71E2	0.02459016393442623
FAM73B	0.00819672131147541
FAM81B	0.00819672131147541
FAM83A	0.00819672131147541
FAM83B	0.02459016393442623
FAM83C	0.00819672131147541
FAM83D	0.01639344262295082
FAM83E	0.00819672131147541
FAM83F	0.00819672131147541
FAM83H	0.01639344262295082
FAM84A	0.00819672131147541
FAM84B	0.01639344262295082
FAM86C1	0.00819672131147541
FAM89A	0.00819672131147541
FAM8A1	0.00819672131147541
FAM90A1	0.00819672131147541
FAM91A1	0.00819672131147541
FAM98A	0.01639344262295082
FAM9A	0.01639344262295082
FAM9B	0.00819672131147541
FAM9C	0.01639344262295082
FAN1	0.01639344262295082
FANCB	0.00819672131147541
FANCC	0.01639344262295082
FANCD2	0.01639344262295082
FANCD2OS	0.00819672131147541
FANCE	0.01639344262295082
FANCG	0.00819672131147541
FANCI	0.00819672131147541
FANCM	0.03278688524590164
FAP	0.01639344262295082
FAR1	0.01639344262295082
FARP1	0.00819672131147541
FARP2	0.00819672131147541
FASLG	0.00819672131147541
FASN	0.01639344262295082
FASTKD2	0.00819672131147541
FAT1	0.03278688524590164
FAT2	0.06557377049180328
FAT3	0.05737704918032787
FAT4	0.05737704918032787
FAXC	0.00819672131147541
FBF1	0.01639344262295082
FBL	0.01639344262295082
FBLIM1	0.00819672131147541
FBLN1	0.00819672131147541
FBLN2	0.01639344262295082
FBLN7	0.00819672131147541
FBN1	0.02459016393442623
FBN2	0.02459016393442623
FBN3	0.01639344262295082
FBRS	0.00819672131147541
FBRSL1	0.02459016393442623
FBXL16	0.01639344262295082
FBXL18	0.01639344262295082
FBXL19	0.00819672131147541
FBXL2	0.00819672131147541
FBXL3	0.00819672131147541
FBXL4	0.01639344262295082
FBXL5	0.00819672131147541
FBXO11	0.01639344262295082
FBXO16	0.00819672131147541
FBXO18	0.00819672131147541
FBXO21	0.01639344262295082
FBXO28	0.01639344262295082
FBXO3	0.00819672131147541
FBXO34	0.00819672131147541
FBXO38	0.00819672131147541
FBXO39	0.00819672131147541
FBXO4	0.00819672131147541
FBXO40	0.00819672131147541
FBXO41	0.01639344262295082
FBXO43	0.00819672131147541
FBXO44	0.00819672131147541
FBXO46	0.01639344262295082
FBXO47	0.01639344262295082
FBXO7	0.00819672131147541
FBXO8	0.00819672131147541
FBXO9	0.01639344262295082
FBXW10	0.00819672131147541
FBXW11	0.00819672131147541
FBXW5	0.01639344262295082
FBXW7	0.02459016393442623
FBXW8	0.01639344262295082
FCAMR	0.01639344262295082
FCAR	0.01639344262295082
FCER1A	0.01639344262295082
FCER2	0.00819672131147541
FCGBP	0.02459016393442623
FCGR1B	0.00819672131147541
FCGR2A	0.00819672131147541
FCHO1	0.00819672131147541
FCHSD1	0.00819672131147541
FCHSD2	0.00819672131147541
FCN2	0.01639344262295082
FCRL1	0.00819672131147541
FCRL2	0.00819672131147541
FCRL3	0.02459016393442623
FCRL4	0.00819672131147541
FCRL5	0.02459016393442623
FCRL6	0.01639344262295082
FCRLA	0.00819672131147541
FCRLB	0.00819672131147541
FDPS	0.00819672131147541
FEM1C	0.02459016393442623
FEN1	0.00819672131147541
FER1L6	0.01639344262295082
FERMT2	0.00819672131147541
FES	0.01639344262295082
FETUB	0.01639344262295082
FEV	0.00819672131147541
FEZF1	0.00819672131147541
FEZF2	0.00819672131147541
FFAR3	0.00819672131147541
FFAR4	0.00819672131147541
FGA	0.01639344262295082
FGB	0.00819672131147541
FGD1	0.02459016393442623
FGD3	0.00819672131147541
FGD5	0.00819672131147541
FGD6	0.00819672131147541
FGF10	0.00819672131147541
FGF11	0.00819672131147541
FGF13	0.00819672131147541
FGF14	0.01639344262295082
FGF23	0.01639344262295082
FGF5	0.00819672131147541
FGFBP1	0.00819672131147541
FGFBP2	0.00819672131147541
FGFR4	0.01639344262295082
FGG	0.00819672131147541
FGL1	0.00819672131147541
FGL2	0.00819672131147541
FH	0.01639344262295082
FHAD1	0.02459016393442623
FHDC1	0.03278688524590164
FHL2	0.01639344262295082
FHL5	0.01639344262295082
FHOD1	0.00819672131147541
FHOD3	0.01639344262295082
FIBP	0.00819672131147541
FICD	0.00819672131147541
FIGN	0.01639344262295082
FILIP1	0.03278688524590164
FILIP1L	0.00819672131147541
FIP1L1	0.01639344262295082
FITM2	0.02459016393442623
FIZ1	0.00819672131147541
FKBP15	0.00819672131147541
FKBP1C	0.00819672131147541
FKBP4	0.00819672131147541
FKTN	0.00819672131147541
FLAD1	0.00819672131147541
FLG	0.09836065573770492
FLG2	0.02459016393442623
FLJ45079	0.00819672131147541
FLNA	0.01639344262295082
FLNB	0.02459016393442623
FLNC	0.04918032786885246
FLOT1	0.02459016393442623
FLOT2	0.00819672131147541
FLRT2	0.02459016393442623
FLT1	0.040983606557377046
FLT3	0.01639344262295082
FLT3LG	0.02459016393442623
FLT4	0.00819672131147541
FLVCR1	0.01639344262295082
FLYWCH1	0.00819672131147541
FMN1	0.00819672131147541
FMN2	0.04918032786885246
FMNL1	0.00819672131147541
FMNL3	0.00819672131147541
FMO1	0.01639344262295082
FMO2	0.00819672131147541
FMO3	0.01639344262295082
FMO4	0.01639344262295082
FMOD	0.01639344262295082
FMR1	0.00819672131147541
FMR1NB	0.00819672131147541
FN1	0.01639344262295082
FN3KRP	0.00819672131147541
FNBP1	0.01639344262295082
FNDC1	0.00819672131147541
FNDC3B	0.00819672131147541
FNDC4	0.00819672131147541
FNDC7	0.00819672131147541
FNIP1	0.00819672131147541
FNIP2	0.02459016393442623
FNTA	0.00819672131147541
FNTB	0.00819672131147541
FOLH1	0.01639344262295082
FOLR3	0.00819672131147541
FOXA1	0.04918032786885246
FOXA2	0.02459016393442623
FOXD2	0.00819672131147541
FOXD4	0.01639344262295082
FOXG1	0.01639344262295082
FOXI1	0.00819672131147541
FOXJ1	0.00819672131147541
FOXJ3	0.03278688524590164
FOXK1	0.00819672131147541
FOXK2	0.00819672131147541
FOXL1	0.00819672131147541
FOXL2	0.01639344262295082
FOXM1	0.00819672131147541
FOXN2	0.00819672131147541
FOXN3	0.00819672131147541
FOXN4	0.00819672131147541
FOXO3	0.00819672131147541
FOXO4	0.00819672131147541
FOXO6	0.01639344262295082
FOXP3	0.01639344262295082
FOXP4	0.00819672131147541
FOXR2	0.00819672131147541
FOXRED2	0.00819672131147541
FOXS1	0.00819672131147541
FPGS	0.00819672131147541
FPR1	0.00819672131147541
FPR3	0.00819672131147541
FRAS1	0.04918032786885246
FREM1	0.03278688524590164
FREM2	0.06557377049180328
FREM3	0.01639344262295082
FRMD1	0.02459016393442623
FRMD3	0.00819672131147541
FRMD4A	0.01639344262295082
FRMD5	0.00819672131147541
FRMD8	0.00819672131147541
FRMPD1	0.02459016393442623
FRMPD2	0.00819672131147541
FRMPD3	0.00819672131147541
FRMPD4	0.01639344262295082
FRS2	0.00819672131147541
FRY	0.03278688524590164
FRYL	0.03278688524590164
FSCN1	0.02459016393442623
FSCN3	0.01639344262295082
FSD1	0.00819672131147541
FSD2	0.00819672131147541
FSIP1	0.01639344262295082
FSIP2	0.07377049180327869
FST	0.00819672131147541
FSTL5	0.02459016393442623
FTCD	0.00819672131147541
FTHL17	0.00819672131147541
FTSJ3	0.00819672131147541
FUBP1	0.01639344262295082
FUCA2	0.00819672131147541
FUOM	0.00819672131147541
FURIN	0.01639344262295082
FUT11	0.01639344262295082
FUT6	0.00819672131147541
FUT7	0.00819672131147541
FUT8	0.00819672131147541
FUT9	0.00819672131147541
FXR2	0.01639344262295082
FXYD5	0.00819672131147541
FYB	0.01639344262295082
FYCO1	0.01639344262295082
FYN	0.00819672131147541
FZD1	0.00819672131147541
FZD10	0.00819672131147541
FZD2	0.02459016393442623
FZD3	0.00819672131147541
FZD8	0.00819672131147541
FZD9	0.01639344262295082
FZR1	0.01639344262295082
G0S2	0.00819672131147541
G3BP2	0.00819672131147541
GAA	0.02459016393442623
GAB2	0.00819672131147541
GABBR1	0.00819672131147541
GABBR2	0.01639344262295082
GABPB1	0.00819672131147541
GABRA1	0.01639344262295082
GABRA2	0.01639344262295082
GABRA3	0.00819672131147541
GABRA4	0.00819672131147541
GABRA5	0.00819672131147541
GABRA6	0.00819672131147541
GABRB1	0.02459016393442623
GABRB2	0.01639344262295082
GABRB3	0.00819672131147541
GABRE	0.02459016393442623
GABRG2	0.00819672131147541
GABRG3	0.02459016393442623
GABRP	0.01639344262295082
GABRQ	0.01639344262295082
GABRR1	0.00819672131147541
GABRR2	0.00819672131147541
GADL1	0.00819672131147541
GAK	0.00819672131147541
GAL3ST1	0.00819672131147541
GAL3ST4	0.00819672131147541
GALM	0.00819672131147541
GALNS	0.02459016393442623
GALNT1	0.00819672131147541
GALNT12	0.01639344262295082
GALNT13	0.00819672131147541
GALNT14	0.00819672131147541
GALNT15	0.01639344262295082
GALNT16	0.00819672131147541
GALNT18	0.00819672131147541
GALNT2	0.03278688524590164
GALNT5	0.01639344262295082
GALNT6	0.00819672131147541
GALNT8	0.01639344262295082
GALNT9	0.00819672131147541
GALNTL5	0.01639344262295082
GALNTL6	0.00819672131147541
GALR1	0.01639344262295082
GALR2	0.01639344262295082
GALR3	0.00819672131147541
GAMT	0.01639344262295082
GAN	0.00819672131147541
GANAB	0.01639344262295082
GANC	0.00819672131147541
GAP43	0.00819672131147541
GAPDH	0.00819672131147541
GAPDHS	0.00819672131147541
GAPT	0.00819672131147541
GAPVD1	0.01639344262295082
GAREML	0.01639344262295082
GART	0.01639344262295082
GAS2L1	0.00819672131147541
GAS2L2	0.01639344262295082
GAS6	0.00819672131147541
GAS7	0.00819672131147541
GAS8	0.00819672131147541
GATA1	0.01639344262295082
GATA2	0.00819672131147541
GATA3	0.06557377049180328
GATA6	0.00819672131147541
GATAD2B	0.00819672131147541
GATM	0.00819672131147541
GATSL3	0.00819672131147541
GBA	0.00819672131147541
GBF1	0.00819672131147541
GBGT1	0.01639344262295082
GBP1	0.02459016393442623
GBP5	0.00819672131147541
GBX1	0.00819672131147541
GC	0.00819672131147541
GCC1	0.02459016393442623
GCDH	0.02459016393442623
GCGR	0.00819672131147541
GCLC	0.00819672131147541
GCM1	0.00819672131147541
GCN1L1	0.01639344262295082
GCNT1	0.01639344262295082
GCNT2	0.00819672131147541
GCNT3	0.00819672131147541
GCNT4	0.01639344262295082
GCNT6	0.00819672131147541
GCOM1	0.00819672131147541
GCSAM	0.00819672131147541
GCSAML	0.02459016393442623
GDA	0.00819672131147541
GDAP1	0.00819672131147541
GDF10	0.02459016393442623
GDF2	0.00819672131147541
GDF5	0.01639344262295082
GDF6	0.01639344262295082
GDF7	0.01639344262295082
GDI1	0.00819672131147541
GDI2	0.00819672131147541
GDPD3	0.00819672131147541
GDPD5	0.01639344262295082
GEM	0.00819672131147541
GEMIN5	0.01639344262295082
GEMIN8	0.00819672131147541
GFAP	0.00819672131147541
GFI1	0.00819672131147541
GFI1B	0.00819672131147541
GFM1	0.00819672131147541
GFM2	0.00819672131147541
GFOD1	0.00819672131147541
GFPT1	0.00819672131147541
GFPT2	0.00819672131147541
GFRA3	0.02459016393442623
GFRAL	0.00819672131147541
GGA2	0.01639344262295082
GGA3	0.00819672131147541
GGCX	0.00819672131147541
GGH	0.00819672131147541
GGN	0.01639344262295082
GGT5	0.00819672131147541
GHDC	0.00819672131147541
GHITM	0.00819672131147541
GHRHR	0.00819672131147541
GHSR	0.01639344262295082
GIF	0.00819672131147541
GIMAP1	0.02459016393442623
GIMAP5	0.00819672131147541
GIMAP6	0.00819672131147541
GIMAP7	0.00819672131147541
GINS1	0.01639344262295082
GIPC1	0.00819672131147541
GIPC2	0.00819672131147541
GIPC3	0.00819672131147541
GIT1	0.00819672131147541
GJA10	0.00819672131147541
GJA3	0.01639344262295082
GJA5	0.00819672131147541
GJA8	0.03278688524590164
GJA9	0.01639344262295082
GJB4	0.00819672131147541
GJB6	0.00819672131147541
GJC2	0.02459016393442623
GJC3	0.00819672131147541
GJD2	0.00819672131147541
GJD4	0.00819672131147541
GK	0.01639344262295082
GK2	0.00819672131147541
GK5	0.00819672131147541
GKAP1	0.00819672131147541
GKN2	0.00819672131147541
GLA	0.00819672131147541
GLB1	0.00819672131147541
GLB1L	0.00819672131147541
GLB1L2	0.01639344262295082
GLB1L3	0.00819672131147541
GLCCI1	0.00819672131147541
GLDC	0.01639344262295082
GLE1	0.00819672131147541
GLI1	0.03278688524590164
GLI2	0.00819672131147541
GLI3	0.02459016393442623
GLIPR1L2	0.00819672131147541
GLIS1	0.00819672131147541
GLIS3	0.040983606557377046
GLMN	0.00819672131147541
GLOD4	0.00819672131147541
GLP1R	0.00819672131147541
GLP2R	0.00819672131147541
GLRA1	0.00819672131147541
GLRA3	0.00819672131147541
GLRA4	0.01639344262295082
GLRX3	0.00819672131147541
GLS2	0.02459016393442623
GLT1D1	0.00819672131147541
GLT6D1	0.00819672131147541
GLTSCR1	0.02459016393442623
GLTSCR1L	0.01639344262295082
GLUD2	0.01639344262295082
GLYAT	0.00819672131147541
GLYATL2	0.00819672131147541
GLYATL3	0.01639344262295082
GLYR1	0.01639344262295082
GMEB1	0.00819672131147541
GMEB2	0.01639344262295082
GMNC	0.00819672131147541
GMPPA	0.01639344262295082
GMPPB	0.01639344262295082
GMPS	0.01639344262295082
GNA14	0.00819672131147541
GNAL	0.00819672131147541
GNAO1	0.00819672131147541
GNAQ	0.00819672131147541
GNAS	0.040983606557377046
GNAT1	0.01639344262295082
GNAT3	0.00819672131147541
GNB1	0.00819672131147541
GNB1L	0.00819672131147541
GNB2	0.00819672131147541
GNG3	0.00819672131147541
GNG8	0.00819672131147541
GNL3L	0.00819672131147541
GNPNAT1	0.00819672131147541
GNPTAB	0.00819672131147541
GNPTG	0.02459016393442623
GOLGA3	0.02459016393442623
GOLGA4	0.02459016393442623
GOLGA5	0.00819672131147541
GOLGA6L1	0.00819672131147541
GOLGA6L2	0.00819672131147541
GOLGA8I	0.00819672131147541
GOLGA8J	0.00819672131147541
GOLGA8M	0.00819672131147541
GOLGA8S	0.00819672131147541
GOLGB1	0.02459016393442623
GOLIM4	0.00819672131147541
GOLM1	0.00819672131147541
GOLPH3L	0.00819672131147541
GOLT1A	0.00819672131147541
GON4L	0.02459016393442623
GOPC	0.00819672131147541
GORASP1	0.01639344262295082
GOSR1	0.00819672131147541
GOT1L1	0.01639344262295082
GOT2	0.00819672131147541
GP2	0.00819672131147541
GP6	0.00819672131147541
GPA33	0.01639344262295082
GPAA1	0.00819672131147541
GPAT2	0.00819672131147541
GPATCH1	0.00819672131147541
GPATCH11	0.00819672131147541
GPATCH2	0.01639344262295082
GPATCH4	0.01639344262295082
GPATCH8	0.01639344262295082
GPBP1	0.00819672131147541
GPC1	0.00819672131147541
GPC2	0.01639344262295082
GPC3	0.00819672131147541
GPC5	0.00819672131147541
GPC6	0.00819672131147541
GPCPD1	0.01639344262295082
GPD1	0.00819672131147541
GPD2	0.00819672131147541
GPER1	0.00819672131147541
GPHN	0.00819672131147541
GPKOW	0.00819672131147541
GPLD1	0.01639344262295082
GPN1	0.00819672131147541
GPN2	0.00819672131147541
GPR1	0.00819672131147541
GPR101	0.00819672131147541
GPR107	0.00819672131147541
GPR110	0.01639344262295082
GPR112	0.04918032786885246
GPR113	0.00819672131147541
GPR114	0.01639344262295082
GPR115	0.03278688524590164
GPR123	0.00819672131147541
GPR124	0.03278688524590164
GPR125	0.02459016393442623
GPR126	0.01639344262295082
GPR128	0.01639344262295082
GPR133	0.02459016393442623
GPR135	0.01639344262295082
GPR137	0.00819672131147541
GPR137B	0.00819672131147541
GPR141	0.00819672131147541
GPR142	0.00819672131147541
GPR143	0.01639344262295082
GPR144	0.01639344262295082
GPR146	0.00819672131147541
GPR148	0.00819672131147541
GPR149	0.00819672131147541
GPR15	0.01639344262295082
GPR150	0.00819672131147541
GPR151	0.00819672131147541
GPR152	0.01639344262295082
GPR155	0.01639344262295082
GPR157	0.00819672131147541
GPR158	0.02459016393442623
GPR160	0.00819672131147541
GPR17	0.00819672131147541
GPR171	0.00819672131147541
GPR173	0.00819672131147541
GPR174	0.01639344262295082
GPR176	0.00819672131147541
GPR179	0.02459016393442623
GPR183	0.00819672131147541
GPR19	0.00819672131147541
GPR20	0.00819672131147541
GPR21	0.00819672131147541
GPR31	0.02459016393442623
GPR34	0.00819672131147541
GPR37	0.01639344262295082
GPR50	0.00819672131147541
GPR56	0.01639344262295082
GPR6	0.00819672131147541
GPR64	0.02459016393442623
GPR68	0.00819672131147541
GPR82	0.00819672131147541
GPR85	0.00819672131147541
GPR87	0.00819672131147541
GPR88	0.01639344262295082
GPR89A	0.00819672131147541
GPR97	0.00819672131147541
GPR98	0.07377049180327869
GPRASP1	0.03278688524590164
GPRASP2	0.02459016393442623
GPRC5C	0.00819672131147541
GPRC6A	0.00819672131147541
GPRIN1	0.00819672131147541
GPRIN2	0.01639344262295082
GPRIN3	0.00819672131147541
GPS2	0.03278688524590164
GPSM1	0.01639344262295082
GPX2	0.00819672131147541
GRAMD1B	0.01639344262295082
GRAMD2	0.00819672131147541
GRASP	0.00819672131147541
GRB10	0.01639344262295082
GRB14	0.00819672131147541
GRB2	0.00819672131147541
GRB7	0.02459016393442623
GREB1	0.02459016393442623
GREB1L	0.03278688524590164
GREM2	0.00819672131147541
GRHL1	0.01639344262295082
GRHL3	0.02459016393442623
GRIA1	0.01639344262295082
GRIA2	0.03278688524590164
GRIA3	0.00819672131147541
GRIA4	0.01639344262295082
GRID2	0.02459016393442623
GRIK1	0.00819672131147541
GRIK2	0.040983606557377046
GRIK3	0.01639344262295082
GRIN2A	0.01639344262295082
GRIN2B	0.01639344262295082
GRIN2C	0.01639344262295082
GRIN2D	0.00819672131147541
GRIN3A	0.00819672131147541
GRIN3B	0.00819672131147541
GRIP1	0.00819672131147541
GRIPAP1	0.01639344262295082
GRK1	0.00819672131147541
GRK4	0.00819672131147541
GRK5	0.00819672131147541
GRK6	0.00819672131147541
GRM1	0.02459016393442623
GRM2	0.00819672131147541
GRM3	0.01639344262295082
GRM4	0.01639344262295082
GRM5	0.02459016393442623
GRM7	0.01639344262295082
GRM8	0.02459016393442623
GRN	0.00819672131147541
GRPEL2	0.01639344262295082
GRWD1	0.01639344262295082
GRXCR1	0.02459016393442623
GSAP	0.01639344262295082
GSDMA	0.01639344262295082
GSDMD	0.00819672131147541
GSE1	0.01639344262295082
GSG1	0.00819672131147541
GSG1L	0.00819672131147541
GSK3A	0.00819672131147541
GSN	0.01639344262295082
GSTA1	0.00819672131147541
GSTA2	0.01639344262295082
GSTA3	0.00819672131147541
GSTM4	0.00819672131147541
GSTP1	0.00819672131147541
GSX1	0.01639344262295082
GTF2A1L	0.01639344262295082
GTF2E1	0.00819672131147541
GTF2F1	0.00819672131147541
GTF2H4	0.00819672131147541
GTF2I	0.01639344262295082
GTF2IRD1	0.00819672131147541
GTF3C1	0.02459016393442623
GTF3C3	0.01639344262295082
GTF3C4	0.00819672131147541
GTF3C5	0.02459016393442623
GTF3C6	0.00819672131147541
GTPBP1	0.01639344262295082
GTPBP2	0.01639344262295082
GTPBP4	0.00819672131147541
GTSE1	0.02459016393442623
GTSF1	0.00819672131147541
GUCY1A2	0.02459016393442623
GUCY1A3	0.01639344262295082
GUCY2C	0.00819672131147541
GUCY2D	0.00819672131147541
GUCY2F	0.00819672131147541
GUF1	0.00819672131147541
GULP1	0.01639344262295082
GUSB	0.00819672131147541
GYG1	0.00819672131147541
GYG2	0.02459016393442623
GYPC	0.00819672131147541
GZMA	0.00819672131147541
GZMK	0.00819672131147541
GZMM	0.00819672131147541
H1FNT	0.01639344262295082
H2AFJ	0.00819672131147541
H2AFV	0.00819672131147541
H2AFX	0.01639344262295082
H3F3B	0.01639344262295082
H6PD	0.01639344262295082
HAAO	0.00819672131147541
HABP2	0.00819672131147541
HACE1	0.02459016393442623
HACL1	0.00819672131147541
HAGH	0.00819672131147541
HAO1	0.00819672131147541
HAP1	0.01639344262295082
HAPLN2	0.00819672131147541
HARS	0.01639344262295082
HAS1	0.00819672131147541
HAUS1	0.02459016393442623
HAUS4	0.00819672131147541
HAUS6	0.01639344262295082
HAUS8	0.00819672131147541
HAX1	0.00819672131147541
HBD	0.00819672131147541
HBE1	0.00819672131147541
HBP1	0.00819672131147541
HBS1L	0.02459016393442623
HCAR1	0.00819672131147541
HCFC1	0.00819672131147541
HCK	0.00819672131147541
HCLS1	0.01639344262295082
HCN1	0.00819672131147541
HCN2	0.01639344262295082
HCN3	0.03278688524590164
HCN4	0.00819672131147541
HCST	0.00819672131147541
HDAC11	0.00819672131147541
HDAC2	0.01639344262295082
HDAC4	0.00819672131147541
HDAC5	0.00819672131147541
HDAC6	0.00819672131147541
HDAC8	0.01639344262295082
HDAC9	0.01639344262295082
HDC	0.00819672131147541
HDGF	0.01639344262295082
HDGFRP2	0.00819672131147541
HDHD3	0.01639344262295082
HDLBP	0.00819672131147541
HDX	0.00819672131147541
HEATR1	0.02459016393442623
HEATR3	0.00819672131147541
HEATR4	0.01639344262295082
HEATR5A	0.02459016393442623
HEATR5B	0.01639344262295082
HEATR6	0.01639344262295082
HECA	0.01639344262295082
HECTD1	0.040983606557377046
HECTD2	0.00819672131147541
HECTD3	0.00819672131147541
HECTD4	0.03278688524590164
HECW1	0.02459016393442623
HECW2	0.02459016393442623
HELB	0.00819672131147541
HELLS	0.01639344262295082
HELT	0.00819672131147541
HELZ	0.00819672131147541
HELZ2	0.040983606557377046
HEMGN	0.00819672131147541
HEPACAM2	0.00819672131147541
HEPH	0.00819672131147541
HEPHL1	0.00819672131147541
HERC1	0.09016393442622951
HERC2	0.03278688524590164
HERC5	0.00819672131147541
HERPUD2	0.01639344262295082
HES1	0.00819672131147541
HES7	0.00819672131147541
HEXB	0.00819672131147541
HEYL	0.00819672131147541
HFE	0.00819672131147541
HFE2	0.02459016393442623
HFM1	0.01639344262295082
HGD	0.00819672131147541
HGFAC	0.00819672131147541
HGS	0.00819672131147541
HGSNAT	0.00819672131147541
HHIP	0.01639344262295082
HHLA1	0.00819672131147541
HIC1	0.02459016393442623
HIC2	0.00819672131147541
HID1	0.00819672131147541
HIF1A	0.00819672131147541
HIF1AN	0.00819672131147541
HIF3A	0.01639344262295082
HIGD1A	0.00819672131147541
HINFP	0.01639344262295082
HINT2	0.00819672131147541
HIP1	0.00819672131147541
HIP1R	0.01639344262295082
HIPK1	0.01639344262295082
HIPK2	0.01639344262295082
HIPK3	0.03278688524590164
HIRA	0.01639344262295082
HIST1H1D	0.00819672131147541
HIST1H2AA	0.00819672131147541
HIST1H2AC	0.00819672131147541
HIST1H2AD	0.00819672131147541
HIST1H2AI	0.00819672131147541
HIST1H2BE	0.01639344262295082
HIST1H2BF	0.01639344262295082
HIST1H2BJ	0.00819672131147541
HIST1H3B	0.00819672131147541
HIST1H3C	0.00819672131147541
HIST1H3D	0.00819672131147541
HIST1H3G	0.00819672131147541
HIST1H4B	0.01639344262295082
HIST1H4C	0.00819672131147541
HIST1H4E	0.00819672131147541
HIST1H4I	0.00819672131147541
HIST2H2BE	0.00819672131147541
HIST2H2BF	0.00819672131147541
HIST2H3D	0.00819672131147541
HIST3H2BB	0.00819672131147541
HIST3H3	0.01639344262295082
HIVEP1	0.03278688524590164
HIVEP2	0.01639344262295082
HIVEP3	0.02459016393442623
HJURP	0.00819672131147541
HK1	0.00819672131147541
HK2	0.00819672131147541
HK3	0.00819672131147541
HKDC1	0.00819672131147541
HLA-A	0.00819672131147541
HLA-B	0.00819672131147541
HLA-DMA	0.00819672131147541
HLA-DOA	0.00819672131147541
HLA-DOB	0.00819672131147541
HLA-DQA2	0.00819672131147541
HLA-E	0.00819672131147541
HLA-F	0.01639344262295082
HLCS	0.00819672131147541
HLTF	0.00819672131147541
HM13	0.00819672131147541
HMCN1	0.10655737704918032
HMG20A	0.00819672131147541
HMG20B	0.00819672131147541
HMGA2	0.00819672131147541
HMGB1	0.00819672131147541
HMGCLL1	0.00819672131147541
HMGCS1	0.00819672131147541
HMGN1	0.00819672131147541
HMGN5	0.00819672131147541
HMGXB3	0.00819672131147541
HMHA1	0.01639344262295082
HMMR	0.01639344262295082
HMX1	0.01639344262295082
HMX2	0.00819672131147541
HMX3	0.00819672131147541
HN1	0.00819672131147541
HN1L	0.00819672131147541
HNF1B	0.02459016393442623
HNF4A	0.00819672131147541
HNF4G	0.00819672131147541
HNRNPA1	0.00819672131147541
HNRNPA3	0.00819672131147541
HNRNPC	0.00819672131147541
HNRNPCL1	0.00819672131147541
HNRNPD	0.00819672131147541
HNRNPDL	0.00819672131147541
HNRNPF	0.00819672131147541
HNRNPL	0.02459016393442623
HNRNPLL	0.00819672131147541
HNRNPR	0.01639344262295082
HNRNPUL1	0.01639344262295082
HOOK2	0.00819672131147541
HOOK3	0.01639344262295082
HORMAD1	0.01639344262295082
HOXB13	0.00819672131147541
HOXB2	0.00819672131147541
HOXB3	0.00819672131147541
HOXB8	0.01639344262295082
HOXC10	0.00819672131147541
HOXC13	0.00819672131147541
HOXC9	0.00819672131147541
HOXD1	0.00819672131147541
HOXD13	0.00819672131147541
HOXD4	0.00819672131147541
HP	0.00819672131147541
HPGD	0.00819672131147541
HPGDS	0.00819672131147541
HPN	0.01639344262295082
HPRT1	0.00819672131147541
HPS3	0.01639344262295082
HPS4	0.02459016393442623
HPS5	0.01639344262295082
HPS6	0.00819672131147541
HPX	0.01639344262295082
HR	0.00819672131147541
HRAS	0.01639344262295082
HRC	0.03278688524590164
HRH1	0.00819672131147541
HRH3	0.01639344262295082
HRH4	0.00819672131147541
HRNR	0.01639344262295082
HS1BP3	0.00819672131147541
HS2ST1	0.00819672131147541
HS3ST1	0.01639344262295082
HS3ST4	0.00819672131147541
HS3ST5	0.00819672131147541
HS6ST1	0.00819672131147541
HS6ST2	0.00819672131147541
HS6ST3	0.01639344262295082
HSD11B1L	0.00819672131147541
HSD17B10	0.00819672131147541
HSD17B11	0.01639344262295082
HSD17B4	0.00819672131147541
HSD17B7	0.00819672131147541
HSD3B1	0.00819672131147541
HSD3B2	0.00819672131147541
HSD3B7	0.00819672131147541
HSF1	0.01639344262295082
HSF5	0.00819672131147541
HSH2D	0.00819672131147541
HSP90B1	0.01639344262295082
HSPA12A	0.02459016393442623
HSPA12B	0.00819672131147541
HSPA14	0.00819672131147541
HSPA4	0.01639344262295082
HSPA4L	0.01639344262295082
HSPA5	0.00819672131147541
HSPA6	0.01639344262295082
HSPA8	0.00819672131147541
HSPB3	0.00819672131147541
HSPBP1	0.01639344262295082
HSPG2	0.01639344262295082
HTR1A	0.00819672131147541
HTR1B	0.00819672131147541
HTR2B	0.00819672131147541
HTR2C	0.00819672131147541
HTR3B	0.00819672131147541
HTR3D	0.00819672131147541
HTR3E	0.00819672131147541
HTR6	0.00819672131147541
HTRA2	0.00819672131147541
HTRA4	0.00819672131147541
HTT	0.03278688524590164
HUNK	0.03278688524590164
HUS1	0.01639344262295082
HUS1B	0.00819672131147541
HUWE1	0.03278688524590164
HYAL4	0.01639344262295082
HYDIN	0.01639344262295082
IARS	0.01639344262295082
IARS2	0.01639344262295082
IBSP	0.00819672131147541
ICAM1	0.00819672131147541
ICAM3	0.00819672131147541
ICAM5	0.02459016393442623
ICK	0.00819672131147541
IDH1	0.01639344262295082
IDO1	0.01639344262295082
IER5	0.01639344262295082
IFFO1	0.00819672131147541
IFFO2	0.00819672131147541
IFI16	0.02459016393442623
IFI27L1	0.00819672131147541
IFI44	0.00819672131147541
IFIT1B	0.01639344262295082
IFIT5	0.00819672131147541
IFITM2	0.00819672131147541
IFNA13	0.00819672131147541
IFNA14	0.00819672131147541
IFNA4	0.00819672131147541
IFNA6	0.00819672131147541
IFNA7	0.00819672131147541
IFNA8	0.00819672131147541
IFNAR2	0.00819672131147541
IFNG	0.00819672131147541
IFNLR1	0.00819672131147541
IFT122	0.00819672131147541
IFT140	0.02459016393442623
IFT172	0.02459016393442623
IFT52	0.00819672131147541
IFT74	0.00819672131147541
IFT81	0.00819672131147541
IFT88	0.00819672131147541
IGBP1	0.00819672131147541
IGDCC3	0.00819672131147541
IGDCC4	0.01639344262295082
IGF1	0.00819672131147541
IGF2	0.00819672131147541
IGF2BP2	0.00819672131147541
IGF2BP3	0.00819672131147541
IGF2R	0.01639344262295082
IGFBP3	0.00819672131147541
IGFBP4	0.00819672131147541
IGFBP6	0.00819672131147541
IGFBPL1	0.00819672131147541
IGFN1	0.05737704918032787
IGHMBP2	0.01639344262295082
IGLL5	0.00819672131147541
IGLON5	0.01639344262295082
IGSF1	0.03278688524590164
IGSF10	0.040983606557377046
IGSF21	0.00819672131147541
IGSF22	0.00819672131147541
IGSF6	0.00819672131147541
IGSF8	0.00819672131147541
IGSF9	0.02459016393442623
IGSF9B	0.03278688524590164
IHH	0.01639344262295082
IKBKAP	0.00819672131147541
IKBKE	0.02459016393442623
IKZF2	0.00819672131147541
IKZF3	0.03278688524590164
IKZF4	0.01639344262295082
IKZF5	0.00819672131147541
IL10	0.00819672131147541
IL10RA	0.00819672131147541
IL11	0.00819672131147541
IL12A	0.01639344262295082
IL12B	0.00819672131147541
IL12RB1	0.01639344262295082
IL12RB2	0.01639344262295082
IL13RA1	0.00819672131147541
IL13RA2	0.00819672131147541
IL15RA	0.00819672131147541
IL16	0.01639344262295082
IL17B	0.00819672131147541
IL17RA	0.00819672131147541
IL17RD	0.01639344262295082
IL17REL	0.01639344262295082
IL18RAP	0.00819672131147541
IL1R2	0.00819672131147541
IL1RAP	0.03278688524590164
IL1RAPL1	0.02459016393442623
IL1RL1	0.01639344262295082
IL20RA	0.00819672131147541
IL20RB	0.00819672131147541
IL21R	0.03278688524590164
IL23R	0.00819672131147541
IL27	0.00819672131147541
IL27RA	0.00819672131147541
IL2RA	0.00819672131147541
IL3	0.01639344262295082
IL31RA	0.01639344262295082
IL36A	0.01639344262295082
IL36B	0.01639344262295082
IL3RA	0.00819672131147541
IL4R	0.00819672131147541
IL5	0.00819672131147541
IL6	0.00819672131147541
IL6ST	0.01639344262295082
IL7R	0.00819672131147541
ILDR2	0.01639344262295082
ILF2	0.00819672131147541
ILF3	0.040983606557377046
ILVBL	0.00819672131147541
IMPACT	0.00819672131147541
IMPG1	0.00819672131147541
IMPG2	0.01639344262295082
INADL	0.00819672131147541
INCENP	0.00819672131147541
INF2	0.00819672131147541
ING1	0.00819672131147541
INMT	0.01639344262295082
INO80	0.02459016393442623
INO80C	0.00819672131147541
INPP1	0.02459016393442623
INPP4A	0.00819672131147541
INPP4B	0.00819672131147541
INPP5A	0.01639344262295082
INPP5D	0.01639344262295082
INPP5E	0.01639344262295082
INPP5F	0.00819672131147541
INPPL1	0.02459016393442623
INSL3	0.00819672131147541
INSL6	0.00819672131147541
INSM2	0.00819672131147541
INSR	0.03278688524590164
INSRR	0.02459016393442623
INTS1	0.01639344262295082
INTS10	0.01639344262295082
INTS4	0.00819672131147541
INTS6	0.01639344262295082
INTS7	0.03278688524590164
INTS8	0.01639344262295082
INTS9	0.00819672131147541
INTU	0.01639344262295082
INVS	0.00819672131147541
IP6K1	0.00819672131147541
IP6K3	0.00819672131147541
IPCEF1	0.00819672131147541
IPMK	0.00819672131147541
IPO13	0.01639344262295082
IPO5	0.00819672131147541
IPO7	0.01639344262295082
IPP	0.00819672131147541
IQCA1	0.00819672131147541
IQCB1	0.00819672131147541
IQCD	0.00819672131147541
IQCE	0.00819672131147541
IQCG	0.00819672131147541
IQCH	0.00819672131147541
IQCJ	0.00819672131147541
IQGAP1	0.00819672131147541
IQGAP2	0.01639344262295082
IQGAP3	0.040983606557377046
IQSEC1	0.01639344262295082
IQSEC2	0.02459016393442623
IQSEC3	0.02459016393442623
IRAK1	0.00819672131147541
IRAK3	0.00819672131147541
IRAK4	0.00819672131147541
IREB2	0.00819672131147541
IRF1	0.00819672131147541
IRF2	0.00819672131147541
IRF2BPL	0.00819672131147541
IRF4	0.01639344262295082
IRF5	0.00819672131147541
IRF6	0.00819672131147541
IRF7	0.00819672131147541
IRF8	0.00819672131147541
IRG1	0.01639344262295082
IRGC	0.00819672131147541
IRGQ	0.01639344262295082
IRS1	0.040983606557377046
IRS2	0.02459016393442623
IRS4	0.01639344262295082
IRX1	0.00819672131147541
IRX5	0.00819672131147541
IRX6	0.00819672131147541
ISCU	0.00819672131147541
ISG20	0.00819672131147541
ISG20L2	0.00819672131147541
ISL2	0.00819672131147541
ISLR2	0.00819672131147541
ISM2	0.00819672131147541
ISPD	0.00819672131147541
IST1	0.01639344262295082
ISX	0.00819672131147541
ISY1	0.00819672131147541
ISYNA1	0.00819672131147541
ITFG2	0.00819672131147541
ITGA1	0.00819672131147541
ITGA10	0.01639344262295082
ITGA11	0.00819672131147541
ITGA2	0.01639344262295082
ITGA2B	0.02459016393442623
ITGA3	0.01639344262295082
ITGA4	0.02459016393442623
ITGA7	0.00819672131147541
ITGA8	0.00819672131147541
ITGA9	0.00819672131147541
ITGAD	0.01639344262295082
ITGAE	0.01639344262295082
ITGAL	0.02459016393442623
ITGAM	0.040983606557377046
ITGAV	0.00819672131147541
ITGAX	0.00819672131147541
ITGB1	0.01639344262295082
ITGB2	0.00819672131147541
ITGB3	0.00819672131147541
ITGB4	0.02459016393442623
ITGB5	0.02459016393442623
ITGB6	0.02459016393442623
ITGBL1	0.00819672131147541
ITIH1	0.00819672131147541
ITIH2	0.00819672131147541
ITIH3	0.00819672131147541
ITIH5	0.01639344262295082
ITIH6	0.02459016393442623
ITK	0.00819672131147541
ITLN1	0.00819672131147541
ITM2A	0.01639344262295082
ITPK1	0.02459016393442623
ITPKB	0.01639344262295082
ITPKC	0.02459016393442623
ITPR1	0.00819672131147541
ITPR2	0.03278688524590164
ITPR3	0.01639344262295082
ITPRIPL2	0.00819672131147541
ITSN1	0.00819672131147541
ITSN2	0.00819672131147541
IVL	0.03278688524590164
IVNS1ABP	0.01639344262295082
IWS1	0.00819672131147541
IYD	0.00819672131147541
JAG1	0.03278688524590164
JAG2	0.02459016393442623
JAK1	0.01639344262295082
JAKMIP1	0.01639344262295082
JAKMIP2	0.00819672131147541
JAKMIP3	0.01639344262295082
JHDM1D	0.00819672131147541
JMJD6	0.02459016393442623
JPH1	0.02459016393442623
JPH2	0.02459016393442623
JPH3	0.03278688524590164
JRKL	0.00819672131147541
JUN	0.00819672131147541
JUP	0.00819672131147541
KAL1	0.00819672131147541
KALRN	0.040983606557377046
KANK2	0.00819672131147541
KANK3	0.00819672131147541
KANK4	0.02459016393442623
KANSL1	0.03278688524590164
KANSL2	0.00819672131147541
KAT2B	0.02459016393442623
KAT6A	0.02459016393442623
KAT6B	0.00819672131147541
KAT7	0.01639344262295082
KATNBL1	0.00819672131147541
KAZN	0.02459016393442623
KBTBD12	0.00819672131147541
KBTBD3	0.01639344262295082
KCNA1	0.00819672131147541
KCNA10	0.01639344262295082
KCNA3	0.00819672131147541
KCNA4	0.02459016393442623
KCNA5	0.01639344262295082
KCNA6	0.00819672131147541
KCNAB1	0.00819672131147541
KCNB1	0.03278688524590164
KCNB2	0.02459016393442623
KCNC1	0.00819672131147541
KCNC2	0.00819672131147541
KCNC3	0.01639344262295082
KCNC4	0.00819672131147541
KCND1	0.00819672131147541
KCND2	0.00819672131147541
KCND3	0.00819672131147541
KCNE2	0.00819672131147541
KCNE4	0.00819672131147541
KCNF1	0.00819672131147541
KCNG1	0.00819672131147541
KCNG2	0.00819672131147541
KCNG3	0.02459016393442623
KCNG4	0.00819672131147541
KCNH1	0.02459016393442623
KCNH2	0.01639344262295082
KCNH3	0.00819672131147541
KCNH4	0.02459016393442623
KCNH5	0.00819672131147541
KCNH6	0.00819672131147541
KCNH7	0.01639344262295082
KCNH8	0.01639344262295082
KCNIP1	0.01639344262295082
KCNJ1	0.00819672131147541
KCNJ11	0.00819672131147541
KCNJ12	0.00819672131147541
KCNJ14	0.00819672131147541
KCNJ2	0.01639344262295082
KCNJ3	0.00819672131147541
KCNJ4	0.00819672131147541
KCNJ6	0.00819672131147541
KCNJ9	0.00819672131147541
KCNK1	0.00819672131147541
KCNK13	0.00819672131147541
KCNK16	0.01639344262295082
KCNK18	0.00819672131147541
KCNK3	0.00819672131147541
KCNK4	0.01639344262295082
KCNK5	0.00819672131147541
KCNK6	0.00819672131147541
KCNK9	0.00819672131147541
KCNMA1	0.01639344262295082
KCNMB1	0.00819672131147541
KCNMB2	0.00819672131147541
KCNN2	0.00819672131147541
KCNN4	0.00819672131147541
KCNQ1	0.01639344262295082
KCNQ2	0.00819672131147541
KCNQ3	0.01639344262295082
KCNQ5	0.00819672131147541
KCNS1	0.00819672131147541
KCNS3	0.00819672131147541
KCNT1	0.00819672131147541
KCNT2	0.03278688524590164
KCNU1	0.00819672131147541
KCNV1	0.00819672131147541
KCTD13	0.00819672131147541
KCTD14	0.01639344262295082
KCTD16	0.00819672131147541
KCTD17	0.00819672131147541
KCTD18	0.00819672131147541
KCTD21	0.00819672131147541
KCTD3	0.00819672131147541
KCTD8	0.00819672131147541
KCTD9	0.00819672131147541
KDELC1	0.00819672131147541
KDM1A	0.00819672131147541
KDM1B	0.01639344262295082
KDM2A	0.01639344262295082
KDM2B	0.01639344262295082
KDM3B	0.00819672131147541
KDM4A	0.00819672131147541
KDM4B	0.00819672131147541
KDM4C	0.01639344262295082
KDM5A	0.00819672131147541
KDM5B	0.01639344262295082
KDM5C	0.040983606557377046
KDM6A	0.01639344262295082
KDM8	0.01639344262295082
KDR	0.02459016393442623
KEL	0.00819672131147541
KERA	0.00819672131147541
KHDC3L	0.00819672131147541
KHDRBS2	0.01639344262295082
KHDRBS3	0.01639344262295082
KHSRP	0.00819672131147541
KIAA0020	0.00819672131147541
KIAA0100	0.00819672131147541
KIAA0141	0.00819672131147541
KIAA0195	0.01639344262295082
KIAA0196	0.02459016393442623
KIAA0226	0.00819672131147541
KIAA0226L	0.00819672131147541
KIAA0232	0.02459016393442623
KIAA0319	0.00819672131147541
KIAA0319L	0.02459016393442623
KIAA0355	0.00819672131147541
KIAA0368	0.02459016393442623
KIAA0391	0.02459016393442623
KIAA0408	0.00819672131147541
KIAA0430	0.00819672131147541
KIAA0513	0.00819672131147541
KIAA0556	0.00819672131147541
KIAA0586	0.00819672131147541
KIAA0753	0.00819672131147541
KIAA0825	0.00819672131147541
KIAA0907	0.00819672131147541
KIAA0922	0.00819672131147541
KIAA0947	0.03278688524590164
KIAA1009	0.01639344262295082
KIAA1024	0.00819672131147541
KIAA1033	0.02459016393442623
KIAA1107	0.00819672131147541
KIAA1109	0.07377049180327869
KIAA1161	0.00819672131147541
KIAA1199	0.03278688524590164
KIAA1210	0.00819672131147541
KIAA1211	0.03278688524590164
KIAA1217	0.00819672131147541
KIAA1239	0.01639344262295082
KIAA1244	0.040983606557377046
KIAA1279	0.00819672131147541
KIAA1324	0.02459016393442623
KIAA1324L	0.01639344262295082
KIAA1377	0.00819672131147541
KIAA1429	0.02459016393442623
KIAA1432	0.00819672131147541
KIAA1462	0.02459016393442623
KIAA1467	0.00819672131147541
KIAA1468	0.01639344262295082
KIAA1522	0.00819672131147541
KIAA1549	0.05737704918032787
KIAA1549L	0.03278688524590164
KIAA1551	0.01639344262295082
KIAA1586	0.01639344262295082
KIAA1614	0.04918032786885246
KIAA1671	0.01639344262295082
KIAA1683	0.00819672131147541
KIAA1715	0.00819672131147541
KIAA1731	0.00819672131147541
KIAA1755	0.00819672131147541
KIAA1841	0.01639344262295082
KIAA1875	0.04918032786885246
KIAA1958	0.02459016393442623
KIAA1984	0.01639344262295082
KIAA2022	0.02459016393442623
KIAA2026	0.01639344262295082
KIDINS220	0.00819672131147541
KIF11	0.02459016393442623
KIF12	0.00819672131147541
KIF13A	0.02459016393442623
KIF13B	0.03278688524590164
KIF14	0.00819672131147541
KIF15	0.01639344262295082
KIF16B	0.01639344262295082
KIF17	0.00819672131147541
KIF18B	0.01639344262295082
KIF19	0.01639344262295082
KIF1A	0.01639344262295082
KIF1B	0.02459016393442623
KIF20A	0.00819672131147541
KIF20B	0.00819672131147541
KIF21A	0.01639344262295082
KIF21B	0.05737704918032787
KIF24	0.00819672131147541
KIF25	0.00819672131147541
KIF26A	0.02459016393442623
KIF26B	0.04918032786885246
KIF27	0.01639344262295082
KIF2A	0.00819672131147541
KIF2B	0.00819672131147541
KIF2C	0.00819672131147541
KIF3B	0.00819672131147541
KIF3C	0.00819672131147541
KIF4A	0.00819672131147541
KIF4B	0.00819672131147541
KIF5A	0.01639344262295082
KIF5B	0.02459016393442623
KIF5C	0.01639344262295082
KIF6	0.01639344262295082
KIF7	0.02459016393442623
KIFAP3	0.01639344262295082
KIFC1	0.01639344262295082
KIFC2	0.02459016393442623
KIR3DX1	0.00819672131147541
KIRREL	0.00819672131147541
KIRREL2	0.00819672131147541
KIRREL3	0.02459016393442623
KISS1	0.00819672131147541
KIT	0.02459016393442623
KITLG	0.00819672131147541
KL	0.02459016393442623
KLB	0.00819672131147541
KLC1	0.00819672131147541
KLC4	0.00819672131147541
KLF10	0.01639344262295082
KLF11	0.01639344262295082
KLF12	0.01639344262295082
KLF16	0.01639344262295082
KLF17	0.01639344262295082
KLF6	0.00819672131147541
KLF9	0.01639344262295082
KLHDC2	0.00819672131147541
KLHDC3	0.00819672131147541
KLHDC4	0.00819672131147541
KLHDC7A	0.00819672131147541
KLHDC8A	0.01639344262295082
KLHDC8B	0.00819672131147541
KLHL10	0.01639344262295082
KLHL14	0.00819672131147541
KLHL15	0.00819672131147541
KLHL2	0.00819672131147541
KLHL20	0.00819672131147541
KLHL21	0.00819672131147541
KLHL24	0.00819672131147541
KLHL25	0.00819672131147541
KLHL3	0.00819672131147541
KLHL30	0.00819672131147541
KLHL31	0.00819672131147541
KLHL32	0.00819672131147541
KLHL33	0.00819672131147541
KLHL34	0.02459016393442623
KLHL38	0.02459016393442623
KLHL4	0.02459016393442623
KLHL41	0.00819672131147541
KLHL5	0.02459016393442623
KLHL6	0.01639344262295082
KLHL7	0.00819672131147541
KLHL8	0.00819672131147541
KLK1	0.00819672131147541
KLK10	0.01639344262295082
KLK12	0.00819672131147541
KLK13	0.00819672131147541
KLK14	0.00819672131147541
KLK15	0.00819672131147541
KLK2	0.00819672131147541
KLK3	0.00819672131147541
KLK6	0.00819672131147541
KLK9	0.01639344262295082
KLKB1	0.01639344262295082
KLRC1	0.01639344262295082
KLRC4	0.00819672131147541
KMO	0.01639344262295082
KMT2A	0.03278688524590164
KMT2B	0.02459016393442623
KMT2C	0.08196721311475409
KMT2D	0.04918032786885246
KMT2E	0.040983606557377046
KNCN	0.00819672131147541
KNDC1	0.02459016393442623
KNG1	0.01639344262295082
KNTC1	0.00819672131147541
KPNA1	0.00819672131147541
KPNA3	0.00819672131147541
KPNA7	0.01639344262295082
KPRP	0.01639344262295082
KRAS	0.00819672131147541
KRBA1	0.01639344262295082
KRIT1	0.00819672131147541
KRT1	0.01639344262295082
KRT14	0.00819672131147541
KRT15	0.01639344262295082
KRT16	0.01639344262295082
KRT19	0.01639344262295082
KRT2	0.00819672131147541
KRT20	0.01639344262295082
KRT222	0.00819672131147541
KRT24	0.00819672131147541
KRT25	0.00819672131147541
KRT26	0.00819672131147541
KRT33B	0.00819672131147541
KRT34	0.01639344262295082
KRT35	0.00819672131147541
KRT37	0.00819672131147541
KRT38	0.00819672131147541
KRT4	0.02459016393442623
KRT40	0.01639344262295082
KRT5	0.00819672131147541
KRT6A	0.00819672131147541
KRT6B	0.00819672131147541
KRT7	0.00819672131147541
KRT72	0.01639344262295082
KRT73	0.00819672131147541
KRT74	0.00819672131147541
KRT76	0.00819672131147541
KRT78	0.00819672131147541
KRT79	0.00819672131147541
KRT8	0.00819672131147541
KRT82	0.01639344262295082
KRT83	0.01639344262295082
KRT84	0.00819672131147541
KRT85	0.02459016393442623
KRT9	0.00819672131147541
KRTAP10-10	0.00819672131147541
KRTAP10-5	0.01639344262295082
KRTAP10-7	0.00819672131147541
KRTAP12-4	0.01639344262295082
KRTAP13-1	0.01639344262295082
KRTAP16-1	0.01639344262295082
KRTAP19-1	0.00819672131147541
KRTAP2-2	0.00819672131147541
KRTAP29-1	0.00819672131147541
KRTAP4-1	0.00819672131147541
KRTAP4-12	0.00819672131147541
KRTAP4-3	0.00819672131147541
KRTAP5-1	0.00819672131147541
KRTAP5-10	0.01639344262295082
KRTAP5-3	0.00819672131147541
KRTAP5-4	0.00819672131147541
KRTAP5-7	0.00819672131147541
KRTAP5-9	0.00819672131147541
KRTAP6-3	0.00819672131147541
KRTAP9-2	0.00819672131147541
KRTAP9-3	0.00819672131147541
KRTCAP2	0.00819672131147541
KSR1	0.00819672131147541
KSR2	0.01639344262295082
KTN1	0.00819672131147541
KY	0.01639344262295082
KYNU	0.00819672131147541
L1CAM	0.00819672131147541
L3HYPDH	0.00819672131147541
L3MBTL1	0.01639344262295082
L3MBTL4	0.00819672131147541
LACC1	0.00819672131147541
LACE1	0.00819672131147541
LACTBL1	0.00819672131147541
LAD1	0.00819672131147541
LAG3	0.00819672131147541
LAGE3	0.00819672131147541
LAIR1	0.00819672131147541
LAMA1	0.03278688524590164
LAMA2	0.040983606557377046
LAMA3	0.040983606557377046
LAMA4	0.02459016393442623
LAMA5	0.01639344262295082
LAMB1	0.01639344262295082
LAMB2	0.03278688524590164
LAMB3	0.00819672131147541
LAMB4	0.01639344262295082
LAMC1	0.00819672131147541
LAMC2	0.00819672131147541
LAMC3	0.01639344262295082
LAMP1	0.00819672131147541
LANCL1	0.00819672131147541
LANCL2	0.00819672131147541
LANCL3	0.00819672131147541
LAP3	0.00819672131147541
LAPTM4B	0.00819672131147541
LAPTM5	0.00819672131147541
LARP1	0.01639344262295082
LARP4	0.01639344262295082
LARP4B	0.01639344262295082
LARS	0.00819672131147541
LARS2	0.00819672131147541
LAS1L	0.01639344262295082
LATS1	0.00819672131147541
LATS2	0.00819672131147541
LAYN	0.00819672131147541
LBH	0.00819672131147541
LBP	0.01639344262295082
LBX1	0.02459016393442623
LCA5	0.02459016393442623
LCA5L	0.00819672131147541
LCAT	0.00819672131147541
LCE1A	0.00819672131147541
LCE1B	0.00819672131147541
LCE1E	0.00819672131147541
LCE2D	0.00819672131147541
LCE3C	0.00819672131147541
LCE3E	0.00819672131147541
LCE5A	0.00819672131147541
LCMT1	0.00819672131147541
LCMT2	0.00819672131147541
LCN1	0.00819672131147541
LCN12	0.00819672131147541
LCN2	0.00819672131147541
LCN9	0.01639344262295082
LCNL1	0.00819672131147541
LCOR	0.00819672131147541
LCP1	0.00819672131147541
LCP2	0.02459016393442623
LCT	0.01639344262295082
LCTL	0.00819672131147541
LDB1	0.00819672131147541
LDB2	0.02459016393442623
LDB3	0.00819672131147541
LDHAL6B	0.00819672131147541
LDHB	0.00819672131147541
LDLR	0.00819672131147541
LDLRAD2	0.00819672131147541
LDLRAD3	0.02459016393442623
LDLRAP1	0.00819672131147541
LECT1	0.00819672131147541
LECT2	0.00819672131147541
LEFTY1	0.02459016393442623
LEKR1	0.00819672131147541
LENG1	0.00819672131147541
LENG8	0.02459016393442623
LENG9	0.00819672131147541
LEPR	0.02459016393442623
LEPRE1	0.00819672131147541
LEPREL1	0.00819672131147541
LEPREL4	0.00819672131147541
LGALS1	0.01639344262295082
LGALS12	0.00819672131147541
LGALS2	0.00819672131147541
LGALS3BP	0.01639344262295082
LGALSL	0.00819672131147541
LGI1	0.01639344262295082
LGI2	0.01639344262295082
LGI4	0.02459016393442623
LGR5	0.00819672131147541
LGR6	0.01639344262295082
LGSN	0.00819672131147541
LHCGR	0.01639344262295082
LHFPL5	0.00819672131147541
LHX1	0.01639344262295082
LHX3	0.00819672131147541
LHX4	0.00819672131147541
LHX8	0.00819672131147541
LHX9	0.00819672131147541
LIFR	0.00819672131147541
LIG1	0.00819672131147541
LIG3	0.01639344262295082
LILRA1	0.01639344262295082
LILRA2	0.00819672131147541
LILRA3	0.00819672131147541
LILRA4	0.00819672131147541
LILRA6	0.00819672131147541
LILRB1	0.01639344262295082
LILRB2	0.00819672131147541
LILRB4	0.03278688524590164
LILRB5	0.02459016393442623
LIM2	0.00819672131147541
LIMA1	0.01639344262295082
LIMCH1	0.01639344262295082
LIMK1	0.01639344262295082
LIMS2	0.00819672131147541
LIN28A	0.00819672131147541
LIN28B	0.00819672131147541
LIN7A	0.00819672131147541
LIN9	0.00819672131147541
LINC00923	0.00819672131147541
LINGO1	0.00819672131147541
LINGO2	0.01639344262295082
LINGO3	0.01639344262295082
LINGO4	0.01639344262295082
LINS	0.01639344262295082
LIPC	0.00819672131147541
LIPE	0.03278688524590164
LIPF	0.00819672131147541
LIPG	0.00819672131147541
LIPH	0.00819672131147541
LIPI	0.00819672131147541
LIPJ	0.00819672131147541
LIPM	0.01639344262295082
LLGL1	0.01639344262295082
LLGL2	0.00819672131147541
LMAN2L	0.00819672131147541
LMBR1L	0.00819672131147541
LMBRD1	0.00819672131147541
LMBRD2	0.00819672131147541
LMCD1	0.00819672131147541
LMF1	0.00819672131147541
LMF2	0.00819672131147541
LMLN	0.00819672131147541
LMNA	0.00819672131147541
LMNB2	0.00819672131147541
LMO1	0.00819672131147541
LMO7	0.01639344262295082
LMOD1	0.02459016393442623
LMOD3	0.00819672131147541
LMTK2	0.02459016393442623
LMTK3	0.01639344262295082
LMX1A	0.00819672131147541
LMX1B	0.00819672131147541
LNX1	0.00819672131147541
LNX2	0.00819672131147541
LOH12CR1	0.00819672131147541
LONP1	0.00819672131147541
LONP2	0.00819672131147541
LONRF1	0.00819672131147541
LONRF2	0.00819672131147541
LONRF3	0.02459016393442623
LOR	0.00819672131147541
LOX	0.01639344262295082
LOXHD1	0.01639344262295082
LOXL1	0.00819672131147541
LOXL2	0.00819672131147541
LOXL3	0.00819672131147541
LOXL4	0.00819672131147541
LPA	0.05737704918032787
LPAR1	0.01639344262295082
LPAR3	0.00819672131147541
LPAR5	0.00819672131147541
LPCAT1	0.00819672131147541
LPCAT3	0.00819672131147541
LPCAT4	0.00819672131147541
LPHN2	0.00819672131147541
LPHN3	0.02459016393442623
LPIN1	0.00819672131147541
LPIN2	0.00819672131147541
LPO	0.01639344262295082
LPP	0.02459016393442623
LPPR1	0.00819672131147541
LPPR4	0.00819672131147541
LPPR5	0.00819672131147541
LRBA	0.02459016393442623
LRCH2	0.01639344262295082
LRCH3	0.01639344262295082
LRFN1	0.00819672131147541
LRFN2	0.01639344262295082
LRFN3	0.00819672131147541
LRFN4	0.00819672131147541
LRFN5	0.01639344262295082
LRG1	0.00819672131147541
LRGUK	0.00819672131147541
LRIG1	0.02459016393442623
LRIG3	0.00819672131147541
LRIT1	0.00819672131147541
LRIT3	0.00819672131147541
LRMP	0.00819672131147541
LRP1	0.03278688524590164
LRP12	0.00819672131147541
LRP1B	0.04918032786885246
LRP2	0.07377049180327869
LRP3	0.00819672131147541
LRP4	0.00819672131147541
LRP5	0.01639344262295082
LRP6	0.01639344262295082
LRPPRC	0.01639344262295082
LRRC1	0.00819672131147541
LRRC14	0.01639344262295082
LRRC14B	0.00819672131147541
LRRC15	0.03278688524590164
LRRC16B	0.01639344262295082
LRRC18	0.00819672131147541
LRRC20	0.00819672131147541
LRRC27	0.00819672131147541
LRRC3	0.00819672131147541
LRRC37A3	0.01639344262295082
LRRC37B	0.01639344262295082
LRRC3B	0.00819672131147541
LRRC3C	0.00819672131147541
LRRC4	0.00819672131147541
LRRC40	0.00819672131147541
LRRC41	0.01639344262295082
LRRC42	0.00819672131147541
LRRC43	0.01639344262295082
LRRC45	0.01639344262295082
LRRC47	0.01639344262295082
LRRC49	0.00819672131147541
LRRC4B	0.01639344262295082
LRRC4C	0.01639344262295082
LRRC52	0.00819672131147541
LRRC53	0.00819672131147541
LRRC56	0.02459016393442623
LRRC61	0.01639344262295082
LRRC63	0.00819672131147541
LRRC66	0.040983606557377046
LRRC7	0.02459016393442623
LRRC70	0.00819672131147541
LRRC71	0.01639344262295082
LRRC8B	0.01639344262295082
LRRC8C	0.00819672131147541
LRRC8D	0.02459016393442623
LRRC8E	0.01639344262295082
LRRC9	0.01639344262295082
LRRD1	0.00819672131147541
LRRFIP1	0.02459016393442623
LRRIQ1	0.02459016393442623
LRRIQ3	0.01639344262295082
LRRIQ4	0.01639344262295082
LRRK1	0.02459016393442623
LRRK2	0.00819672131147541
LRRN1	0.01639344262295082
LRRN2	0.00819672131147541
LRRN4	0.00819672131147541
LRRTM4	0.01639344262295082
LRTM1	0.00819672131147541
LRWD1	0.00819672131147541
LSAMP	0.00819672131147541
LSG1	0.00819672131147541
LSM11	0.02459016393442623
LSM5	0.00819672131147541
LSMEM2	0.00819672131147541
LSR	0.01639344262295082
LST3	0.01639344262295082
LTB4R2	0.01639344262295082
LTBP1	0.01639344262295082
LTBP2	0.01639344262295082
LTBP3	0.00819672131147541
LTF	0.00819672131147541
LTV1	0.00819672131147541
LUC7L2	0.00819672131147541
LUM	0.01639344262295082
LUZP1	0.00819672131147541
LY75	0.01639344262295082
LY86	0.00819672131147541
LYG1	0.00819672131147541
LYPD2	0.01639344262295082
LYPD3	0.01639344262295082
LYPD4	0.00819672131147541
LYPLA1	0.00819672131147541
LYPLA2	0.00819672131147541
LYSMD1	0.00819672131147541
LYSMD4	0.00819672131147541
LYST	0.02459016393442623
LZTR1	0.040983606557377046
LZTS1	0.00819672131147541
LZTS3	0.02459016393442623
M6PR	0.00819672131147541
MAATS1	0.01639344262295082
MAB21L2	0.00819672131147541
MAB21L3	0.00819672131147541
MACF1	0.05737704918032787
MAD1L1	0.00819672131147541
MADD	0.00819672131147541
MAEA	0.01639344262295082
MAEL	0.00819672131147541
MAFG	0.00819672131147541
MAGEA10	0.00819672131147541
MAGEA11	0.00819672131147541
MAGEA12	0.00819672131147541
MAGEB10	0.00819672131147541
MAGEB16	0.00819672131147541
MAGEB18	0.00819672131147541
MAGEB2	0.00819672131147541
MAGEB3	0.01639344262295082
MAGEB6	0.02459016393442623
MAGEC1	0.02459016393442623
MAGEC3	0.00819672131147541
MAGED1	0.00819672131147541
MAGEE1	0.03278688524590164
MAGEE2	0.00819672131147541
MAGEL2	0.01639344262295082
MAGI1	0.00819672131147541
MAGI2	0.00819672131147541
MAGT1	0.00819672131147541
MAL	0.00819672131147541
MAMDC4	0.01639344262295082
MAML3	0.02459016393442623
MAMLD1	0.03278688524590164
MAN1A1	0.00819672131147541
MAN1B1	0.01639344262295082
MAN1C1	0.00819672131147541
MAN2A1	0.00819672131147541
MAN2A2	0.01639344262295082
MAN2B1	0.01639344262295082
MAN2B2	0.00819672131147541
MAN2C1	0.00819672131147541
MANBA	0.01639344262295082
MANEAL	0.00819672131147541
MANF	0.00819672131147541
MAOA	0.00819672131147541
MAOB	0.00819672131147541
MAP10	0.00819672131147541
MAP1A	0.03278688524590164
MAP1B	0.02459016393442623
MAP1LC3A	0.00819672131147541
MAP1S	0.02459016393442623
MAP2	0.01639344262295082
MAP2K1	0.00819672131147541
MAP2K2	0.00819672131147541
MAP2K4	0.01639344262295082
MAP2K7	0.02459016393442623
MAP3K1	0.09016393442622951
MAP3K10	0.00819672131147541
MAP3K11	0.00819672131147541
MAP3K15	0.01639344262295082
MAP3K19	0.01639344262295082
MAP3K2	0.01639344262295082
MAP3K4	0.01639344262295082
MAP3K5	0.00819672131147541
MAP3K7	0.00819672131147541
MAP3K9	0.00819672131147541
MAP4	0.01639344262295082
MAP4K1	0.01639344262295082
MAP4K3	0.00819672131147541
MAP4K4	0.03278688524590164
MAP4K5	0.00819672131147541
MAP7D1	0.01639344262295082
MAP7D3	0.00819672131147541
MAP9	0.01639344262295082
MAPK13	0.00819672131147541
MAPK14	0.01639344262295082
MAPK15	0.02459016393442623
MAPK7	0.00819672131147541
MAPK8	0.02459016393442623
MAPK8IP1	0.00819672131147541
MAPKAP1	0.01639344262295082
MAPKAPK2	0.02459016393442623
MAPKAPK3	0.00819672131147541
MAPKBP1	0.00819672131147541
MAPRE3	0.00819672131147541
MAPT	0.00819672131147541
MARC1	0.00819672131147541
MARCH1	0.00819672131147541
MARCH10	0.00819672131147541
MARCH4	0.00819672131147541
MARCH7	0.00819672131147541
MARCO	0.00819672131147541
MARK2	0.01639344262295082
MARK3	0.00819672131147541
MARK4	0.02459016393442623
MARS	0.00819672131147541
MARS2	0.00819672131147541
MARVELD1	0.00819672131147541
MARVELD2	0.00819672131147541
MARVELD3	0.00819672131147541
MAS1	0.00819672131147541
MAS1L	0.03278688524590164
MASP1	0.02459016393442623
MASP2	0.00819672131147541
MAST1	0.00819672131147541
MAST2	0.00819672131147541
MAST3	0.01639344262295082
MAST4	0.00819672131147541
MATK	0.00819672131147541
MATN1	0.00819672131147541
MATN2	0.01639344262295082
MATR3	0.01639344262295082
MAU2	0.00819672131147541
MAZ	0.00819672131147541
MBD1	0.02459016393442623
MBD3	0.00819672131147541
MBD3L1	0.00819672131147541
MBD5	0.01639344262295082
MBD6	0.02459016393442623
MBL2	0.01639344262295082
MBOAT2	0.00819672131147541
MBP	0.00819672131147541
MBTD1	0.00819672131147541
MBTPS1	0.00819672131147541
MBTPS2	0.00819672131147541
MC1R	0.00819672131147541
MCAM	0.01639344262295082
MCAT	0.01639344262295082
MCCC1	0.00819672131147541
MCCC2	0.00819672131147541
MCF2	0.00819672131147541
MCF2L	0.00819672131147541
MCF2L2	0.01639344262295082
MCHR1	0.00819672131147541
MCHR2	0.00819672131147541
MCIDAS	0.02459016393442623
MCL1	0.02459016393442623
MCM10	0.01639344262295082
MCM3AP	0.00819672131147541
MCM4	0.02459016393442623
MCM5	0.01639344262295082
MCM6	0.02459016393442623
MCM7	0.00819672131147541
MCM9	0.02459016393442623
MCMDC2	0.02459016393442623
MCOLN1	0.00819672131147541
MCOLN2	0.01639344262295082
MCOLN3	0.00819672131147541
MCRS1	0.00819672131147541
MCTP1	0.01639344262295082
MCTP2	0.01639344262295082
MDC1	0.040983606557377046
MDGA1	0.00819672131147541
MDGA2	0.01639344262295082
MDH1	0.00819672131147541
MDM1	0.00819672131147541
MDM2	0.00819672131147541
MDN1	0.03278688524590164
ME1	0.00819672131147541
ME3	0.00819672131147541
MEA1	0.00819672131147541
MECOM	0.02459016393442623
MECR	0.00819672131147541
MED1	0.00819672131147541
MED12	0.01639344262295082
MED12L	0.03278688524590164
MED13	0.00819672131147541
MED13L	0.01639344262295082
MED14	0.00819672131147541
MED15	0.00819672131147541
MED16	0.02459016393442623
MED22	0.00819672131147541
MED23	0.040983606557377046
MED24	0.00819672131147541
MED25	0.00819672131147541
MED28	0.00819672131147541
MED29	0.00819672131147541
MED6	0.00819672131147541
MEF2A	0.01639344262295082
MEF2B	0.00819672131147541
MEF2C	0.02459016393442623
MEF2D	0.00819672131147541
MEFV	0.00819672131147541
MEGF10	0.01639344262295082
MEGF11	0.00819672131147541
MEGF6	0.02459016393442623
MEGF8	0.03278688524590164
MEGF9	0.00819672131147541
MEI1	0.01639344262295082
MEN1	0.03278688524590164
MEP1A	0.00819672131147541
MEP1B	0.00819672131147541
MEPCE	0.00819672131147541
MERTK	0.01639344262295082
MESP2	0.00819672131147541
MEST	0.00819672131147541
MET	0.01639344262295082
METAP1	0.00819672131147541
METRN	0.02459016393442623
METTL13	0.02459016393442623
METTL16	0.00819672131147541
METTL18	0.01639344262295082
METTL21C	0.00819672131147541
METTL24	0.01639344262295082
METTL25	0.01639344262295082
METTL2A	0.00819672131147541
METTL2B	0.01639344262295082
MEX3B	0.00819672131147541
MFAP1	0.00819672131147541
MFAP3L	0.00819672131147541
MFF	0.00819672131147541
MFSD11	0.01639344262295082
MFSD3	0.00819672131147541
MFSD4	0.00819672131147541
MFSD5	0.00819672131147541
MFSD6L	0.00819672131147541
MGA	0.03278688524590164
MGAM	0.03278688524590164
MGAT2	0.01639344262295082
MGAT4A	0.00819672131147541
MGAT4C	0.00819672131147541
MGAT5B	0.01639344262295082
MGEA5	0.00819672131147541
MGLL	0.00819672131147541
MGMT	0.00819672131147541
MGST3	0.00819672131147541
MIA2	0.00819672131147541
MIA3	0.00819672131147541
MIB1	0.00819672131147541
MIB2	0.00819672131147541
MICAL2	0.00819672131147541
MICAL3	0.01639344262295082
MICALCL	0.01639344262295082
MICALL2	0.00819672131147541
MICB	0.00819672131147541
MICU1	0.00819672131147541
MICU2	0.01639344262295082
MID1	0.02459016393442623
MIDN	0.00819672131147541
MIEF1	0.00819672131147541
MIER2	0.01639344262295082
MIER3	0.00819672131147541
MINK1	0.00819672131147541
MINPP1	0.00819672131147541
MIS18BP1	0.01639344262295082
MKI67	0.06557377049180328
MKL1	0.00819672131147541
MKL2	0.00819672131147541
MKNK1	0.00819672131147541
MKNK2	0.00819672131147541
MKRN2	0.00819672131147541
MKRN3	0.00819672131147541
MKX	0.00819672131147541
MLH3	0.01639344262295082
MLIP	0.01639344262295082
MLK4	0.00819672131147541
MLKL	0.00819672131147541
MLLT10	0.02459016393442623
MLLT4	0.05737704918032787
MLLT6	0.02459016393442623
MLN	0.00819672131147541
MLNR	0.01639344262295082
MLXIP	0.00819672131147541
MLXIPL	0.01639344262295082
MLYCD	0.01639344262295082
MMAB	0.00819672131147541
MME	0.01639344262295082
MMEL1	0.01639344262295082
MMP1	0.00819672131147541
MMP10	0.00819672131147541
MMP13	0.00819672131147541
MMP16	0.03278688524590164
MMP17	0.01639344262295082
MMP24	0.02459016393442623
MMP25	0.00819672131147541
MMP27	0.00819672131147541
MMP3	0.02459016393442623
MMP8	0.00819672131147541
MMRN1	0.00819672131147541
MMRN2	0.01639344262295082
MMS19	0.00819672131147541
MMS22L	0.00819672131147541
MN1	0.02459016393442623
MOAP1	0.01639344262295082
MOB1B	0.00819672131147541
MOB3C	0.00819672131147541
MOBP	0.00819672131147541
MOCOS	0.00819672131147541
MOCS1	0.00819672131147541
MOGAT1	0.00819672131147541
MOGAT3	0.00819672131147541
MOGS	0.00819672131147541
MOK	0.00819672131147541
MON2	0.040983606557377046
MORC1	0.01639344262295082
MORC2	0.02459016393442623
MORC3	0.00819672131147541
MORF4L1	0.00819672131147541
MORF4L2	0.00819672131147541
MORN4	0.00819672131147541
MOSPD2	0.00819672131147541
MOSPD3	0.00819672131147541
MOV10L1	0.02459016393442623
MPC1	0.00819672131147541
MPDZ	0.01639344262295082
MPEG1	0.01639344262295082
MPHOSPH8	0.00819672131147541
MPHOSPH9	0.00819672131147541
MPLKIP	0.00819672131147541
MPO	0.01639344262295082
MPP2	0.00819672131147541
MPP3	0.00819672131147541
MPP4	0.01639344262295082
MPP6	0.01639344262295082
MPPE1	0.01639344262295082
MPPED1	0.00819672131147541
MPPED2	0.00819672131147541
MPV17	0.00819672131147541
MPZ	0.00819672131147541
MR1	0.00819672131147541
MRAS	0.00819672131147541
MRC2	0.02459016393442623
MRGPRE	0.00819672131147541
MRGPRF	0.01639344262295082
MRGPRX1	0.03278688524590164
MRGPRX2	0.00819672131147541
MRGPRX3	0.01639344262295082
MROH2A	0.01639344262295082
MROH2B	0.02459016393442623
MROH6	0.00819672131147541
MROH7	0.02459016393442623
MROH8	0.00819672131147541
MROH9	0.01639344262295082
MRPL16	0.00819672131147541
MRPL2	0.00819672131147541
MRPL23	0.00819672131147541
MRPL3	0.00819672131147541
MRPL33	0.00819672131147541
MRPL38	0.00819672131147541
MRPL45	0.00819672131147541
MRPL47	0.00819672131147541
MRPS11	0.00819672131147541
MRPS27	0.02459016393442623
MRPS5	0.01639344262295082
MRPS9	0.00819672131147541
MRVI1	0.01639344262295082
MS4A1	0.00819672131147541
MS4A10	0.00819672131147541
MS4A12	0.01639344262295082
MS4A13	0.00819672131147541
MS4A14	0.00819672131147541
MS4A15	0.00819672131147541
MS4A2	0.00819672131147541
MS4A4E	0.00819672131147541
MS4A6A	0.00819672131147541
MS4A8	0.00819672131147541
MSANTD1	0.01639344262295082
MSANTD2	0.00819672131147541
MSANTD3	0.01639344262295082
MSC	0.01639344262295082
MSH2	0.01639344262295082
MSH3	0.00819672131147541
MSH4	0.00819672131147541
MSH5	0.00819672131147541
MSH6	0.00819672131147541
MSI1	0.00819672131147541
MSI2	0.00819672131147541
MSL1	0.00819672131147541
MSL2	0.00819672131147541
MSL3	0.00819672131147541
MSLN	0.02459016393442623
MSLNL	0.00819672131147541
MSRB3	0.00819672131147541
MST1	0.00819672131147541
MT1X	0.00819672131147541
MTA1	0.00819672131147541
MTA3	0.00819672131147541
MTBP	0.00819672131147541
MTCH1	0.01639344262295082
MTCH2	0.00819672131147541
MTF1	0.00819672131147541
MTFP1	0.01639344262295082
MTG1	0.00819672131147541
MTHFD1L	0.01639344262295082
MTHFR	0.00819672131147541
MTIF2	0.00819672131147541
MTIF3	0.00819672131147541
MTMR1	0.00819672131147541
MTMR10	0.00819672131147541
MTMR11	0.00819672131147541
MTMR12	0.00819672131147541
MTMR3	0.01639344262295082
MTMR4	0.01639344262295082
MTMR6	0.00819672131147541
MTO1	0.01639344262295082
MTOR	0.02459016393442623
MTPAP	0.00819672131147541
MTR	0.01639344262295082
MTRF1	0.00819672131147541
MTRNR2L9	0.00819672131147541
MTRR	0.01639344262295082
MTTP	0.00819672131147541
MTUS2	0.01639344262295082
MTX1	0.00819672131147541
MTX3	0.00819672131147541
MUC12	0.03278688524590164
MUC13	0.00819672131147541
MUC16	0.12295081967213115
MUC17	0.06557377049180328
MUC19	0.00819672131147541
MUC2	0.01639344262295082
MUC22	0.02459016393442623
MUC4	0.01639344262295082
MUC5B	0.08196721311475409
MUC6	0.03278688524590164
MUC7	0.00819672131147541
MUM1	0.00819672131147541
MUM1L1	0.00819672131147541
MUSK	0.00819672131147541
MUT	0.00819672131147541
MUTYH	0.00819672131147541
MVD	0.01639344262295082
MX1	0.00819672131147541
MX2	0.00819672131147541
MXRA5	0.01639344262295082
MYB	0.00819672131147541
MYBBP1A	0.00819672131147541
MYBL1	0.00819672131147541
MYBL2	0.00819672131147541
MYBPC1	0.02459016393442623
MYBPC2	0.03278688524590164
MYBPC3	0.02459016393442623
MYBPH	0.03278688524590164
MYBPHL	0.00819672131147541
MYC	0.01639344262295082
MYCBP2	0.02459016393442623
MYCBPAP	0.02459016393442623
MYCN	0.01639344262295082
MYF6	0.00819672131147541
MYH1	0.01639344262295082
MYH10	0.02459016393442623
MYH11	0.01639344262295082
MYH14	0.040983606557377046
MYH15	0.03278688524590164
MYH2	0.00819672131147541
MYH3	0.00819672131147541
MYH4	0.01639344262295082
MYH6	0.040983606557377046
MYH7	0.01639344262295082
MYH7B	0.02459016393442623
MYH8	0.00819672131147541
MYH9	0.04918032786885246
MYL10	0.00819672131147541
MYL9	0.01639344262295082
MYLIP	0.00819672131147541
MYLK	0.00819672131147541
MYLK2	0.00819672131147541
MYLK3	0.00819672131147541
MYLPF	0.00819672131147541
MYNN	0.00819672131147541
MYO10	0.01639344262295082
MYO15A	0.02459016393442623
MYO16	0.03278688524590164
MYO18A	0.02459016393442623
MYO18B	0.03278688524590164
MYO19	0.00819672131147541
MYO1B	0.01639344262295082
MYO1D	0.00819672131147541
MYO1E	0.01639344262295082
MYO1F	0.00819672131147541
MYO1H	0.00819672131147541
MYO3A	0.00819672131147541
MYO3B	0.00819672131147541
MYO5B	0.00819672131147541
MYO5C	0.00819672131147541
MYO6	0.01639344262295082
MYO7A	0.04918032786885246
MYO7B	0.03278688524590164
MYO9A	0.00819672131147541
MYO9B	0.03278688524590164
MYOC	0.02459016393442623
MYOCD	0.00819672131147541
MYOF	0.02459016393442623
MYOG	0.00819672131147541
MYOM1	0.03278688524590164
MYOM2	0.00819672131147541
MYOM3	0.00819672131147541
MYOZ2	0.00819672131147541
MYOZ3	0.00819672131147541
MYPN	0.01639344262295082
MYRF	0.040983606557377046
MYRFL	0.00819672131147541
MYRIP	0.02459016393442623
MYT1	0.00819672131147541
MYT1L	0.00819672131147541
MZF1	0.00819672131147541
MZT2B	0.00819672131147541
N4BP1	0.01639344262295082
N4BP2	0.01639344262295082
N4BP2L1	0.00819672131147541
N4BP2L2	0.00819672131147541
N6AMT2	0.00819672131147541
NAA10	0.00819672131147541
NAA11	0.00819672131147541
NAA15	0.01639344262295082
NAA25	0.00819672131147541
NAA35	0.00819672131147541
NAALAD2	0.01639344262295082
NAALADL1	0.01639344262295082
NAALADL2	0.01639344262295082
NAB2	0.00819672131147541
NACA2	0.01639344262295082
NACAD	0.02459016393442623
NACC2	0.02459016393442623
NADK	0.00819672131147541
NAF1	0.00819672131147541
NAGA	0.00819672131147541
NAGLU	0.00819672131147541
NAIF1	0.00819672131147541
NALCN	0.02459016393442623
NAMPTL	0.00819672131147541
NANOG	0.00819672131147541
NANOGNB	0.00819672131147541
NAP1L2	0.01639344262295082
NAP1L4	0.01639344262295082
NAPRT1	0.00819672131147541
NAPSA	0.00819672131147541
NARFL	0.00819672131147541
NARG2	0.00819672131147541
NAT14	0.00819672131147541
NAT16	0.00819672131147541
NAT2	0.00819672131147541
NAT8L	0.00819672131147541
NAV2	0.02459016393442623
NAV3	0.02459016393442623
NBAS	0.02459016393442623
NBEA	0.03278688524590164
NBEAL1	0.02459016393442623
NBEAL2	0.01639344262295082
NBN	0.00819672131147541
NBPF1	0.03278688524590164
NBPF10	0.00819672131147541
NBPF14	0.00819672131147541
NBPF3	0.00819672131147541
NBPF6	0.00819672131147541
NBR1	0.00819672131147541
NCAM1	0.01639344262295082
NCAM2	0.02459016393442623
NCAN	0.03278688524590164
NCAPD2	0.00819672131147541
NCAPG2	0.00819672131147541
NCCRP1	0.00819672131147541
NCF2	0.00819672131147541
NCF4	0.00819672131147541
NCKAP1	0.01639344262295082
NCKAP1L	0.01639344262295082
NCKAP5	0.01639344262295082
NCKAP5L	0.01639344262295082
NCKIPSD	0.00819672131147541
NCLN	0.00819672131147541
NCOA1	0.03278688524590164
NCOA2	0.01639344262295082
NCOA3	0.00819672131147541
NCOA5	0.03278688524590164
NCOA6	0.01639344262295082
NCOA7	0.01639344262295082
NCOR1	0.02459016393442623
NCOR2	0.040983606557377046
NDC1	0.00819672131147541
NDEL1	0.00819672131147541
NDFIP2	0.00819672131147541
NDN	0.01639344262295082
NDNF	0.01639344262295082
NDNL2	0.00819672131147541
NDRG1	0.01639344262295082
NDST2	0.01639344262295082
NDST3	0.00819672131147541
NDST4	0.01639344262295082
NDUFA9	0.01639344262295082
NDUFAF1	0.00819672131147541
NDUFAF4	0.01639344262295082
NDUFB10	0.00819672131147541
NDUFB11	0.00819672131147541
NDUFB5	0.00819672131147541
NDUFB6	0.00819672131147541
NDUFS5	0.00819672131147541
NDUFS8	0.00819672131147541
NDUFV1	0.00819672131147541
NEB	0.08196721311475409
NEBL	0.00819672131147541
NECAB1	0.00819672131147541
NEDD1	0.00819672131147541
NEDD4	0.01639344262295082
NEDD4L	0.01639344262295082
NEFH	0.00819672131147541
NEFM	0.01639344262295082
NEGR1	0.00819672131147541
NEIL3	0.00819672131147541
NEK1	0.01639344262295082
NEK10	0.02459016393442623
NEK2	0.01639344262295082
NEK3	0.00819672131147541
NEK4	0.01639344262295082
NEK5	0.01639344262295082
NEK8	0.00819672131147541
NEK9	0.00819672131147541
NELFA	0.00819672131147541
NELFB	0.00819672131147541
NELL2	0.00819672131147541
NENF	0.00819672131147541
NEO1	0.02459016393442623
NES	0.03278688524590164
NEU2	0.00819672131147541
NEU4	0.00819672131147541
NEURL	0.00819672131147541
NEURL1B	0.01639344262295082
NEURL4	0.01639344262295082
NEUROD2	0.00819672131147541
NEUROD4	0.00819672131147541
NEUROD6	0.00819672131147541
NEUROG2	0.01639344262295082
NEUROG3	0.00819672131147541
NEXN	0.00819672131147541
NF1	0.00819672131147541
NFAM1	0.00819672131147541
NFASC	0.040983606557377046
NFATC2	0.01639344262295082
NFATC2IP	0.00819672131147541
NFATC3	0.01639344262295082
NFATC4	0.01639344262295082
NFE2	0.00819672131147541
NFE2L1	0.00819672131147541
NFE2L2	0.00819672131147541
NFE2L3	0.01639344262295082
NFIA	0.00819672131147541
NFIB	0.01639344262295082
NFIC	0.01639344262295082
NFIX	0.01639344262295082
NFKB1	0.00819672131147541
NFKB2	0.00819672131147541
NFKBID	0.01639344262295082
NFKBIE	0.00819672131147541
NFKBIL1	0.01639344262295082
NFKBIZ	0.00819672131147541
NFRKB	0.00819672131147541
NFU1	0.01639344262295082
NFX1	0.02459016393442623
NFXL1	0.00819672131147541
NFYC	0.00819672131147541
NGDN	0.00819672131147541
NGEF	0.00819672131147541
NGFR	0.00819672131147541
NGLY1	0.00819672131147541
NHLH1	0.00819672131147541
NHLRC2	0.01639344262295082
NHS	0.03278688524590164
NHSL1	0.00819672131147541
NHSL2	0.01639344262295082
NID1	0.02459016393442623
NID2	0.03278688524590164
NIM1	0.00819672131147541
NIN	0.01639344262295082
NINL	0.01639344262295082
NIPAL3	0.00819672131147541
NIPAL4	0.00819672131147541
NIPBL	0.06557377049180328
NIPSNAP3A	0.00819672131147541
NISCH	0.00819672131147541
NKAIN1	0.00819672131147541
NKAIN2	0.01639344262295082
NKAIN3	0.00819672131147541
NKAP	0.00819672131147541
NKAPL	0.01639344262295082
NKD1	0.00819672131147541
NKPD1	0.00819672131147541
NKTR	0.00819672131147541
NKX2-1	0.01639344262295082
NKX2-2	0.00819672131147541
NKX2-3	0.00819672131147541
NKX3-2	0.00819672131147541
NLE1	0.01639344262295082
NLGN1	0.02459016393442623
NLGN4X	0.03278688524590164
NLK	0.00819672131147541
NLN	0.00819672131147541
NLRC4	0.02459016393442623
NLRC5	0.01639344262295082
NLRP1	0.00819672131147541
NLRP10	0.00819672131147541
NLRP11	0.01639344262295082
NLRP12	0.02459016393442623
NLRP13	0.01639344262295082
NLRP14	0.00819672131147541
NLRP2	0.00819672131147541
NLRP3	0.02459016393442623
NLRP4	0.03278688524590164
NLRP5	0.00819672131147541
NLRP6	0.00819672131147541
NLRP7	0.03278688524590164
NLRP8	0.00819672131147541
NLRP9	0.01639344262295082
NMB	0.00819672131147541
NMD3	0.02459016393442623
NME4	0.00819672131147541
NME5	0.00819672131147541
NME7	0.01639344262295082
NME8	0.00819672131147541
NME9	0.00819672131147541
NMNAT2	0.01639344262295082
NMNAT3	0.00819672131147541
NMRK2	0.00819672131147541
NMUR1	0.02459016393442623
NMUR2	0.00819672131147541
NNMT	0.00819672131147541
NNT	0.01639344262295082
NOA1	0.01639344262295082
NOBOX	0.03278688524590164
NOC2L	0.01639344262295082
NOC4L	0.00819672131147541
NOD1	0.00819672131147541
NOD2	0.02459016393442623
NOG	0.00819672131147541
NOL11	0.00819672131147541
NOL4	0.01639344262295082
NOL6	0.02459016393442623
NOL9	0.00819672131147541
NOM1	0.00819672131147541
NOMO1	0.00819672131147541
NOP2	0.00819672131147541
NOP56	0.00819672131147541
NOP9	0.01639344262295082
NOS1	0.02459016393442623
NOS2	0.03278688524590164
NOS3	0.02459016393442623
NOSIP	0.00819672131147541
NOSTRIN	0.00819672131147541
NOTCH1	0.04918032786885246
NOTCH2	0.03278688524590164
NOTCH2NL	0.00819672131147541
NOTCH3	0.06557377049180328
NOTCH4	0.03278688524590164
NOV	0.00819672131147541
NOVA1	0.00819672131147541
NOX1	0.00819672131147541
NOX3	0.02459016393442623
NOX4	0.01639344262295082
NOX5	0.00819672131147541
NOXA1	0.01639344262295082
NPAP1	0.01639344262295082
NPAS3	0.03278688524590164
NPAS4	0.02459016393442623
NPAT	0.01639344262295082
NPC1	0.00819672131147541
NPC1L1	0.00819672131147541
NPDC1	0.00819672131147541
NPEPPS	0.00819672131147541
NPFFR1	0.01639344262295082
NPFFR2	0.01639344262295082
NPHP1	0.00819672131147541
NPHP3	0.00819672131147541
NPHS1	0.02459016393442623
NPHS2	0.01639344262295082
NPPA	0.00819672131147541
NPPB	0.01639344262295082
NPPC	0.00819672131147541
NPR1	0.02459016393442623
NPR2	0.02459016393442623
NPTX1	0.00819672131147541
NPTX2	0.00819672131147541
NPY	0.00819672131147541
NPY1R	0.00819672131147541
NPY4R	0.01639344262295082
NPY5R	0.00819672131147541
NQO2	0.00819672131147541
NR0B1	0.00819672131147541
NR1D1	0.01639344262295082
NR1H2	0.00819672131147541
NR1H4	0.00819672131147541
NR1I2	0.00819672131147541
NR2C1	0.01639344262295082
NR2C2	0.01639344262295082
NR2E1	0.00819672131147541
NR2F1	0.00819672131147541
NR2F2	0.01639344262295082
NR2F6	0.00819672131147541
NR3C1	0.01639344262295082
NR3C2	0.00819672131147541
NR4A1	0.00819672131147541
NR4A3	0.00819672131147541
NR5A2	0.00819672131147541
NRAP	0.01639344262295082
NRCAM	0.01639344262295082
NRD1	0.00819672131147541
NRF1	0.00819672131147541
NRG2	0.00819672131147541
NRG3	0.00819672131147541
NRIP1	0.01639344262295082
NRK	0.01639344262295082
NRM	0.00819672131147541
NRP2	0.00819672131147541
NRROS	0.01639344262295082
NRSN1	0.01639344262295082
NRXN1	0.040983606557377046
NRXN2	0.01639344262295082
NSD1	0.02459016393442623
NSDHL	0.00819672131147541
NSG2	0.00819672131147541
NSL1	0.00819672131147541
NSMAF	0.00819672131147541
NSMCE4A	0.01639344262295082
NSRP1	0.00819672131147541
NSUN6	0.00819672131147541
NT5C1A	0.02459016393442623
NT5C1B	0.01639344262295082
NT5C2	0.01639344262295082
NT5C3B	0.01639344262295082
NT5DC1	0.00819672131147541
NT5DC4	0.01639344262295082
NT5E	0.01639344262295082
NTAN1	0.00819672131147541
NTN1	0.00819672131147541
NTN3	0.00819672131147541
NTN4	0.01639344262295082
NTN5	0.00819672131147541
NTNG2	0.02459016393442623
NTRK1	0.00819672131147541
NTRK2	0.00819672131147541
NTRK3	0.01639344262295082
NTS	0.00819672131147541
NUAK1	0.00819672131147541
NUAK2	0.01639344262295082
NUB1	0.00819672131147541
NUBP1	0.01639344262295082
NUBP2	0.00819672131147541
NUDC	0.00819672131147541
NUDCD1	0.00819672131147541
NUDT12	0.00819672131147541
NUDT16	0.00819672131147541
NUDT16L1	0.00819672131147541
NUDT19	0.01639344262295082
NUDT22	0.00819672131147541
NUDT9	0.00819672131147541
NUF2	0.01639344262295082
NUFIP2	0.03278688524590164
NUGGC	0.00819672131147541
NUMA1	0.04918032786885246
NUP153	0.01639344262295082
NUP155	0.01639344262295082
NUP160	0.02459016393442623
NUP188	0.00819672131147541
NUP205	0.03278688524590164
NUP210	0.00819672131147541
NUP210L	0.04918032786885246
NUP214	0.01639344262295082
NUP35	0.00819672131147541
NUP54	0.01639344262295082
NUP62	0.02459016393442623
NUP62CL	0.00819672131147541
NUP88	0.01639344262295082
NUP93	0.01639344262295082
NUP98	0.01639344262295082
NUTM1	0.01639344262295082
NUTM2F	0.00819672131147541
NUTM2G	0.00819672131147541
NVL	0.00819672131147541
NWD1	0.02459016393442623
NXF3	0.00819672131147541
NXNL2	0.00819672131147541
NXPH2	0.00819672131147541
NYAP1	0.02459016393442623
NYAP2	0.00819672131147541
NYNRIN	0.01639344262295082
OAS1	0.00819672131147541
OAZ1	0.00819672131147541
OBSCN	0.10655737704918032
OC90	0.01639344262295082
OCA2	0.03278688524590164
OCLN	0.00819672131147541
OCRL	0.00819672131147541
OCSTAMP	0.00819672131147541
ODC1	0.00819672131147541
ODF1	0.00819672131147541
ODF2	0.01639344262295082
ODF3L2	0.00819672131147541
OFD1	0.00819672131147541
OGDH	0.00819672131147541
OGDHL	0.01639344262295082
OGFOD3	0.00819672131147541
OGG1	0.00819672131147541
OGN	0.00819672131147541
OGT	0.01639344262295082
OIT3	0.01639344262295082
OLA1	0.00819672131147541
OLAH	0.00819672131147541
OLFM1	0.00819672131147541
OLFM3	0.01639344262295082
OLFM4	0.00819672131147541
OLFML2A	0.01639344262295082
OLFML2B	0.01639344262295082
OLIG1	0.00819672131147541
OLIG2	0.00819672131147541
OMA1	0.00819672131147541
OMD	0.00819672131147541
ONECUT1	0.02459016393442623
ONECUT2	0.01639344262295082
ONECUT3	0.00819672131147541
OPALIN	0.00819672131147541
OPCML	0.00819672131147541
OPHN1	0.03278688524590164
OPN1LW	0.00819672131147541
OPN1SW	0.00819672131147541
OPN4	0.00819672131147541
OPN5	0.00819672131147541
OPRD1	0.00819672131147541
OPRK1	0.00819672131147541
OPRM1	0.00819672131147541
OPTC	0.00819672131147541
OPTN	0.01639344262295082
OR10A2	0.00819672131147541
OR10A4	0.00819672131147541
OR10A5	0.00819672131147541
OR10A6	0.00819672131147541
OR10A7	0.00819672131147541
OR10AD1	0.00819672131147541
OR10C1	0.02459016393442623
OR10G3	0.00819672131147541
OR10H4	0.01639344262295082
OR10J1	0.00819672131147541
OR10J3	0.00819672131147541
OR10J5	0.00819672131147541
OR10K1	0.00819672131147541
OR10K2	0.00819672131147541
OR10P1	0.01639344262295082
OR10Q1	0.01639344262295082
OR10R2	0.00819672131147541
OR10S1	0.01639344262295082
OR10W1	0.01639344262295082
OR10X1	0.00819672131147541
OR10Z1	0.01639344262295082
OR11G2	0.00819672131147541
OR11H6	0.00819672131147541
OR11L1	0.00819672131147541
OR12D2	0.01639344262295082
OR12D3	0.00819672131147541
OR13C2	0.00819672131147541
OR13C3	0.00819672131147541
OR13C4	0.00819672131147541
OR13C5	0.00819672131147541
OR13C8	0.00819672131147541
OR13C9	0.00819672131147541
OR13D1	0.00819672131147541
OR13F1	0.00819672131147541
OR13G1	0.01639344262295082
OR13H1	0.00819672131147541
OR14A16	0.01639344262295082
OR14I1	0.00819672131147541
OR14K1	0.01639344262295082
OR1A1	0.00819672131147541
OR1C1	0.01639344262295082
OR1D2	0.00819672131147541
OR1E2	0.00819672131147541
OR1J1	0.00819672131147541
OR1J4	0.00819672131147541
OR1K1	0.00819672131147541
OR1L6	0.00819672131147541
OR1M1	0.00819672131147541
OR1N1	0.00819672131147541
OR1Q1	0.00819672131147541
OR1S1	0.00819672131147541
OR2A12	0.00819672131147541
OR2A25	0.00819672131147541
OR2AG1	0.00819672131147541
OR2AG2	0.00819672131147541
OR2AJ1	0.00819672131147541
OR2B11	0.02459016393442623
OR2B2	0.00819672131147541
OR2B3	0.00819672131147541
OR2C3	0.01639344262295082
OR2D2	0.00819672131147541
OR2D3	0.01639344262295082
OR2F1	0.01639344262295082
OR2F2	0.00819672131147541
OR2G3	0.00819672131147541
OR2H1	0.00819672131147541
OR2J1	0.00819672131147541
OR2L13	0.00819672131147541
OR2L3	0.00819672131147541
OR2L8	0.00819672131147541
OR2M3	0.00819672131147541
OR2M4	0.00819672131147541
OR2M5	0.00819672131147541
OR2M7	0.01639344262295082
OR2T1	0.01639344262295082
OR2T2	0.00819672131147541
OR2T27	0.00819672131147541
OR2T33	0.02459016393442623
OR2T34	0.00819672131147541
OR2T4	0.00819672131147541
OR2T6	0.00819672131147541
OR2T8	0.00819672131147541
OR2V2	0.00819672131147541
OR2W1	0.01639344262295082
OR2W3	0.02459016393442623
OR2Z1	0.00819672131147541
OR3A3	0.00819672131147541
OR4A16	0.00819672131147541
OR4A47	0.00819672131147541
OR4A5	0.01639344262295082
OR4C12	0.02459016393442623
OR4C15	0.00819672131147541
OR4C16	0.00819672131147541
OR4C46	0.00819672131147541
OR4C5	0.00819672131147541
OR4D1	0.00819672131147541
OR4D10	0.00819672131147541
OR4D11	0.00819672131147541
OR4D5	0.01639344262295082
OR4D6	0.00819672131147541
OR4F15	0.00819672131147541
OR4K13	0.00819672131147541
OR4K15	0.00819672131147541
OR4K17	0.00819672131147541
OR4K2	0.00819672131147541
OR4K5	0.00819672131147541
OR4N4	0.01639344262295082
OR4N5	0.00819672131147541
OR4P4	0.00819672131147541
OR4Q3	0.01639344262295082
OR4S1	0.00819672131147541
OR4X1	0.02459016393442623
OR51A2	0.00819672131147541
OR51A7	0.00819672131147541
OR51B2	0.00819672131147541
OR51B4	0.00819672131147541
OR51B5	0.00819672131147541
OR51B6	0.00819672131147541
OR51F2	0.00819672131147541
OR51G2	0.03278688524590164
OR51H1P	0.01639344262295082
OR51I1	0.02459016393442623
OR51I2	0.01639344262295082
OR51J1	0.00819672131147541
OR51L1	0.00819672131147541
OR51M1	0.00819672131147541
OR51S1	0.00819672131147541
OR51V1	0.01639344262295082
OR52A5	0.00819672131147541
OR52B1P	0.00819672131147541
OR52B2	0.00819672131147541
OR52B4	0.01639344262295082
OR52B6	0.00819672131147541
OR52E2	0.00819672131147541
OR52E8	0.00819672131147541
OR52L1	0.00819672131147541
OR52M1	0.00819672131147541
OR52N1	0.00819672131147541
OR52N4	0.00819672131147541
OR52R1	0.00819672131147541
OR52W1	0.00819672131147541
OR56A3	0.00819672131147541
OR56A4	0.00819672131147541
OR56B1	0.01639344262295082
OR56B3P	0.00819672131147541
OR56B4	0.00819672131147541
OR5A1	0.00819672131147541
OR5A2	0.00819672131147541
OR5AC2	0.00819672131147541
OR5AN1	0.00819672131147541
OR5AP2	0.01639344262295082
OR5AS1	0.00819672131147541
OR5AU1	0.01639344262295082
OR5B12	0.00819672131147541
OR5B2	0.00819672131147541
OR5B21	0.01639344262295082
OR5C1	0.00819672131147541
OR5D14	0.00819672131147541
OR5H14	0.01639344262295082
OR5L2	0.00819672131147541
OR5M10	0.00819672131147541
OR5M8	0.00819672131147541
OR5M9	0.00819672131147541
OR5P3	0.02459016393442623
OR5R1	0.00819672131147541
OR5T1	0.00819672131147541
OR5V1	0.01639344262295082
OR5W2	0.00819672131147541
OR6A2	0.00819672131147541
OR6B1	0.00819672131147541
OR6B2	0.00819672131147541
OR6C1	0.01639344262295082
OR6C2	0.00819672131147541
OR6C4	0.00819672131147541
OR6C68	0.00819672131147541
OR6C70	0.00819672131147541
OR6F1	0.00819672131147541
OR6K2	0.02459016393442623
OR6K3	0.00819672131147541
OR6K6	0.00819672131147541
OR6N1	0.00819672131147541
OR6N2	0.01639344262295082
OR6P1	0.01639344262295082
OR6X1	0.00819672131147541
OR7A10	0.00819672131147541
OR7A17	0.00819672131147541
OR7A5	0.00819672131147541
OR7D2	0.01639344262295082
OR7D4	0.00819672131147541
OR7G1	0.00819672131147541
OR8A1	0.00819672131147541
OR8B12	0.00819672131147541
OR8B3	0.00819672131147541
OR8D4	0.00819672131147541
OR8H2	0.00819672131147541
OR8J3	0.00819672131147541
OR8K1	0.00819672131147541
OR8K3	0.01639344262295082
OR8K5	0.00819672131147541
OR8S1	0.00819672131147541
OR9G4	0.00819672131147541
OR9K2	0.00819672131147541
ORAI3	0.00819672131147541
ORC3	0.00819672131147541
ORC4	0.01639344262295082
ORC6	0.00819672131147541
ORM1	0.00819672131147541
ORMDL1	0.00819672131147541
OS9	0.00819672131147541
OSBP	0.01639344262295082
OSBPL10	0.01639344262295082
OSBPL11	0.00819672131147541
OSBPL1A	0.00819672131147541
OSBPL3	0.00819672131147541
OSBPL5	0.00819672131147541
OSBPL6	0.00819672131147541
OSCAR	0.00819672131147541
OSGEP	0.00819672131147541
OSGIN1	0.00819672131147541
OSM	0.00819672131147541
OSMR	0.00819672131147541
OSR1	0.01639344262295082
OSTN	0.00819672131147541
OTOA	0.00819672131147541
OTOF	0.02459016393442623
OTOG	0.03278688524590164
OTOGL	0.040983606557377046
OTOL1	0.01639344262295082
OTOP1	0.00819672131147541
OTOP3	0.02459016393442623
OTP	0.00819672131147541
OTUB2	0.00819672131147541
OTUD4	0.00819672131147541
OTUD5	0.00819672131147541
OTUD6A	0.01639344262295082
OTUD7A	0.01639344262295082
OTUD7B	0.00819672131147541
OTX1	0.02459016393442623
OVCH1	0.00819672131147541
OVGP1	0.00819672131147541
OXER1	0.00819672131147541
OXR1	0.00819672131147541
OXSR1	0.00819672131147541
OXTR	0.01639344262295082
P2RX1	0.01639344262295082
P2RX3	0.00819672131147541
P2RX4	0.00819672131147541
P2RX5	0.00819672131147541
P2RX7	0.00819672131147541
P2RY1	0.01639344262295082
P2RY10	0.01639344262295082
P2RY12	0.00819672131147541
P2RY4	0.01639344262295082
P2RY8	0.00819672131147541
P4HA2	0.00819672131147541
P4HB	0.00819672131147541
PAAF1	0.01639344262295082
PABPC1	0.00819672131147541
PABPC1L	0.00819672131147541
PABPC3	0.00819672131147541
PABPC4L	0.01639344262295082
PABPC5	0.00819672131147541
PABPN1L	0.00819672131147541
PACS1	0.00819672131147541
PACS2	0.00819672131147541
PACSIN1	0.01639344262295082
PACSIN2	0.01639344262295082
PADI1	0.00819672131147541
PADI2	0.00819672131147541
PADI3	0.01639344262295082
PADI4	0.01639344262295082
PAEP	0.00819672131147541
PAF1	0.01639344262295082
PAGE5	0.00819672131147541
PAGR1	0.01639344262295082
PAH	0.01639344262295082
PAIP1	0.01639344262295082
PAK1	0.00819672131147541
PAK3	0.00819672131147541
PAK4	0.00819672131147541
PALB2	0.02459016393442623
PALD1	0.02459016393442623
PALLD	0.00819672131147541
PALM3	0.01639344262295082
PAM	0.00819672131147541
PAMR1	0.00819672131147541
PANK2	0.00819672131147541
PANK3	0.00819672131147541
PANK4	0.00819672131147541
PANX2	0.040983606557377046
PANX3	0.00819672131147541
PAOX	0.00819672131147541
PAPD4	0.00819672131147541
PAPD7	0.00819672131147541
PAPL	0.01639344262295082
PAPLN	0.02459016393442623
PAPOLA	0.00819672131147541
PAPOLB	0.01639344262295082
PAPPA	0.02459016393442623
PAPPA2	0.03278688524590164
PAPSS1	0.00819672131147541
PAQR3	0.00819672131147541
PAQR9	0.00819672131147541
PARD3	0.00819672131147541
PARD3B	0.00819672131147541
PARK2	0.01639344262295082
PARN	0.00819672131147541
PARP1	0.01639344262295082
PARP10	0.00819672131147541
PARP12	0.03278688524590164
PARP15	0.01639344262295082
PARP16	0.00819672131147541
PARP3	0.01639344262295082
PARP4	0.00819672131147541
PARP8	0.00819672131147541
PARP9	0.03278688524590164
PARPBP	0.00819672131147541
PARS2	0.00819672131147541
PASD1	0.00819672131147541
PASK	0.00819672131147541
PATE2	0.00819672131147541
PATZ1	0.00819672131147541
PAWR	0.00819672131147541
PAX1	0.02459016393442623
PAX2	0.00819672131147541
PAX3	0.01639344262295082
PAX4	0.00819672131147541
PAX5	0.00819672131147541
PAX7	0.01639344262295082
PAX8	0.00819672131147541
PAX9	0.00819672131147541
PAXIP1	0.00819672131147541
PBDC1	0.01639344262295082
PBRM1	0.01639344262295082
PBX1	0.01639344262295082
PBX2	0.01639344262295082
PBX3	0.01639344262295082
PC	0.02459016393442623
PCBP1	0.00819672131147541
PCBP4	0.00819672131147541
PCCB	0.00819672131147541
PCDH1	0.03278688524590164
PCDH10	0.03278688524590164
PCDH11X	0.02459016393442623
PCDH12	0.00819672131147541
PCDH15	0.03278688524590164
PCDH17	0.01639344262295082
PCDH18	0.00819672131147541
PCDH19	0.03278688524590164
PCDH20	0.00819672131147541
PCDH7	0.00819672131147541
PCDH9	0.02459016393442623
PCDHA1	0.00819672131147541
PCDHA10	0.01639344262295082
PCDHA11	0.00819672131147541
PCDHA12	0.02459016393442623
PCDHA13	0.01639344262295082
PCDHA2	0.00819672131147541
PCDHA5	0.00819672131147541
PCDHA6	0.04918032786885246
PCDHA7	0.01639344262295082
PCDHA8	0.00819672131147541
PCDHA9	0.01639344262295082
PCDHB1	0.01639344262295082
PCDHB10	0.00819672131147541
PCDHB11	0.00819672131147541
PCDHB12	0.02459016393442623
PCDHB13	0.02459016393442623
PCDHB14	0.02459016393442623
PCDHB15	0.02459016393442623
PCDHB16	0.00819672131147541
PCDHB2	0.00819672131147541
PCDHB3	0.01639344262295082
PCDHB4	0.01639344262295082
PCDHB5	0.01639344262295082
PCDHB7	0.01639344262295082
PCDHB8	0.00819672131147541
PCDHGA1	0.01639344262295082
PCDHGA11	0.00819672131147541
PCDHGA12	0.00819672131147541
PCDHGA2	0.00819672131147541
PCDHGA3	0.02459016393442623
PCDHGA4	0.01639344262295082
PCDHGA5	0.00819672131147541
PCDHGA7	0.00819672131147541
PCDHGA8	0.02459016393442623
PCDHGA9	0.00819672131147541
PCDHGB1	0.01639344262295082
PCDHGB2	0.00819672131147541
PCDHGB3	0.02459016393442623
PCDHGB4	0.00819672131147541
PCDHGB6	0.01639344262295082
PCDHGB7	0.02459016393442623
PCDHGC3	0.00819672131147541
PCDHGC5	0.01639344262295082
PCDP1	0.00819672131147541
PCED1A	0.00819672131147541
PCED1B	0.00819672131147541
PCF11	0.02459016393442623
PCGF1	0.00819672131147541
PCIF1	0.00819672131147541
PCK1	0.01639344262295082
PCLO	0.07377049180327869
PCM1	0.00819672131147541
PCMTD1	0.00819672131147541
PCNP	0.00819672131147541
PCNT	0.03278688524590164
PCNX	0.03278688524590164
PCNXL2	0.03278688524590164
PCOLCE	0.01639344262295082
PCSK1	0.00819672131147541
PCSK1N	0.00819672131147541
PCSK2	0.01639344262295082
PCSK4	0.00819672131147541
PCSK5	0.02459016393442623
PCSK7	0.00819672131147541
PCSK9	0.00819672131147541
PCYT1B	0.00819672131147541
PDCD1	0.00819672131147541
PDCD11	0.02459016393442623
PDCD1LG2	0.00819672131147541
PDCD2	0.00819672131147541
PDCD6IP	0.00819672131147541
PDCL	0.00819672131147541
PDE10A	0.00819672131147541
PDE11A	0.00819672131147541
PDE1A	0.01639344262295082
PDE1B	0.01639344262295082
PDE1C	0.02459016393442623
PDE2A	0.00819672131147541
PDE3A	0.02459016393442623
PDE3B	0.040983606557377046
PDE4A	0.01639344262295082
PDE4B	0.02459016393442623
PDE4DIP	0.03278688524590164
PDE5A	0.00819672131147541
PDE6A	0.01639344262295082
PDE6C	0.00819672131147541
PDE6D	0.00819672131147541
PDE7A	0.00819672131147541
PDE7B	0.00819672131147541
PDGFD	0.00819672131147541
PDGFRA	0.00819672131147541
PDGFRB	0.00819672131147541
PDHA1	0.01639344262295082
PDHB	0.00819672131147541
PDIA4	0.01639344262295082
PDIK1L	0.00819672131147541
PDILT	0.01639344262295082
PDK1	0.00819672131147541
PDK2	0.00819672131147541
PDLIM5	0.00819672131147541
PDLIM7	0.00819672131147541
PDP2	0.00819672131147541
PDPR	0.01639344262295082
PDS5A	0.01639344262295082
PDS5B	0.00819672131147541
PDXDC1	0.02459016393442623
PDXK	0.01639344262295082
PDZD2	0.00819672131147541
PDZD4	0.01639344262295082
PDZD8	0.00819672131147541
PDZK1IP1	0.00819672131147541
PDZRN3	0.01639344262295082
PDZRN4	0.00819672131147541
PEAK1	0.03278688524590164
PEAR1	0.01639344262295082
PEBP4	0.00819672131147541
PEG10	0.00819672131147541
PEG3	0.03278688524590164
PELI2	0.01639344262295082
PELI3	0.01639344262295082
PELP1	0.03278688524590164
PER1	0.01639344262295082
PER3	0.01639344262295082
PES1	0.00819672131147541
PET112	0.00819672131147541
PEX1	0.01639344262295082
PEX11A	0.00819672131147541
PEX11G	0.00819672131147541
PEX14	0.01639344262295082
PEX16	0.00819672131147541
PEX2	0.00819672131147541
PEX5	0.00819672131147541
PEX5L	0.01639344262295082
PEX6	0.02459016393442623
PFDN6	0.00819672131147541
PFKFB1	0.00819672131147541
PFKFB2	0.00819672131147541
PFKFB3	0.00819672131147541
PFKFB4	0.00819672131147541
PFKL	0.00819672131147541
PFKM	0.00819672131147541
PFKP	0.00819672131147541
PFN2	0.00819672131147541
PGAM1	0.00819672131147541
PGAP1	0.01639344262295082
PGAP3	0.00819672131147541
PGBD1	0.00819672131147541
PGBD3	0.00819672131147541
PGBD4	0.00819672131147541
PGK1	0.01639344262295082
PGLYRP2	0.02459016393442623
PGLYRP4	0.00819672131147541
PGM1	0.00819672131147541
PGM2	0.00819672131147541
PGM2L1	0.00819672131147541
PGM3	0.00819672131147541
PGR	0.01639344262295082
PGRMC2	0.00819672131147541
PHACTR1	0.01639344262295082
PHACTR3	0.00819672131147541
PHB2	0.00819672131147541
PHC1	0.00819672131147541
PHC2	0.02459016393442623
PHC3	0.02459016393442623
PHEX	0.00819672131147541
PHF10	0.00819672131147541
PHF12	0.02459016393442623
PHF13	0.00819672131147541
PHF15	0.00819672131147541
PHF16	0.01639344262295082
PHF17	0.01639344262295082
PHF2	0.02459016393442623
PHF20	0.00819672131147541
PHF20L1	0.00819672131147541
PHF21A	0.00819672131147541
PHF21B	0.01639344262295082
PHF3	0.01639344262295082
PHF8	0.00819672131147541
PHGDH	0.00819672131147541
PHIP	0.02459016393442623
PHKA1	0.01639344262295082
PHKA2	0.01639344262295082
PHKB	0.00819672131147541
PHLDA1	0.01639344262295082
PHLDB1	0.01639344262295082
PHLDB2	0.03278688524590164
PHLDB3	0.00819672131147541
PHLPP1	0.00819672131147541
PHTF1	0.01639344262295082
PHTF2	0.01639344262295082
PHYH	0.01639344262295082
PHYHD1	0.00819672131147541
PHYKPL	0.00819672131147541
PI15	0.01639344262295082
PI16	0.00819672131147541
PI4KA	0.02459016393442623
PI4KB	0.00819672131147541
PIAS3	0.02459016393442623
PIBF1	0.00819672131147541
PICALM	0.01639344262295082
PID1	0.00819672131147541
PIDD	0.01639344262295082
PIEZO1	0.01639344262295082
PIEZO2	0.040983606557377046
PIGA	0.00819672131147541
PIGB	0.00819672131147541
PIGC	0.01639344262295082
PIGF	0.00819672131147541
PIGG	0.02459016393442623
PIGO	0.01639344262295082
PIGR	0.00819672131147541
PIGT	0.00819672131147541
PIGV	0.00819672131147541
PIGW	0.00819672131147541
PIGX	0.00819672131147541
PIK3AP1	0.00819672131147541
PIK3C2A	0.02459016393442623
PIK3C2B	0.02459016393442623
PIK3C2G	0.01639344262295082
PIK3C3	0.00819672131147541
PIK3CA	0.32786885245901637
PIK3CB	0.01639344262295082
PIK3CD	0.02459016393442623
PIK3CG	0.00819672131147541
PIK3R2	0.00819672131147541
PIK3R3	0.00819672131147541
PIK3R5	0.01639344262295082
PIKFYVE	0.01639344262295082
PIM2	0.00819672131147541
PINK1	0.00819672131147541
PIP4K2A	0.00819672131147541
PIP5K1C	0.00819672131147541
PIPOX	0.00819672131147541
PIR	0.00819672131147541
PIRT	0.00819672131147541
PITPNC1	0.00819672131147541
PITPNM1	0.01639344262295082
PITPNM2	0.01639344262295082
PITPNM3	0.02459016393442623
PITX2	0.00819672131147541
PIWIL1	0.03278688524590164
PIWIL2	0.01639344262295082
PIWIL3	0.01639344262295082
PJA1	0.02459016393442623
PJA2	0.00819672131147541
PKD1	0.03278688524590164
PKD1L1	0.040983606557377046
PKD2	0.02459016393442623
PKDREJ	0.00819672131147541
PKHD1	0.06557377049180328
PKHD1L1	0.05737704918032787
PKN1	0.00819672131147541
PKN2	0.00819672131147541
PKNOX2	0.00819672131147541
PKP1	0.00819672131147541
PKP2	0.00819672131147541
PKP3	0.01639344262295082
PKP4	0.00819672131147541
PLA1A	0.00819672131147541
PLA2G2A	0.00819672131147541
PLA2G2D	0.00819672131147541
PLA2G2E	0.00819672131147541
PLA2G2F	0.00819672131147541
PLA2G3	0.01639344262295082
PLA2G4A	0.01639344262295082
PLA2G4B	0.00819672131147541
PLA2G4C	0.00819672131147541
PLA2G4E	0.02459016393442623
PLA2G4F	0.01639344262295082
PLA2G5	0.00819672131147541
PLA2R1	0.00819672131147541
PLAC9	0.00819672131147541
PLAG1	0.03278688524590164
PLB1	0.040983606557377046
PLCB1	0.03278688524590164
PLCB2	0.01639344262295082
PLCB3	0.00819672131147541
PLCB4	0.01639344262295082
PLCD1	0.00819672131147541
PLCD4	0.00819672131147541
PLCE1	0.04918032786885246
PLCG2	0.01639344262295082
PLCH1	0.01639344262295082
PLCH2	0.02459016393442623
PLCL2	0.02459016393442623
PLCXD3	0.00819672131147541
PLD2	0.00819672131147541
PLD4	0.02459016393442623
PLD5	0.01639344262295082
PLEC	0.040983606557377046
PLEK	0.01639344262295082
PLEK2	0.00819672131147541
PLEKHA2	0.00819672131147541
PLEKHA4	0.00819672131147541
PLEKHA5	0.00819672131147541
PLEKHA6	0.01639344262295082
PLEKHA7	0.00819672131147541
PLEKHB1	0.00819672131147541
PLEKHD1	0.00819672131147541
PLEKHF1	0.00819672131147541
PLEKHG1	0.02459016393442623
PLEKHG2	0.00819672131147541
PLEKHG3	0.01639344262295082
PLEKHG4B	0.03278688524590164
PLEKHG5	0.00819672131147541
PLEKHG6	0.00819672131147541
PLEKHG7	0.00819672131147541
PLEKHH1	0.00819672131147541
PLEKHH2	0.00819672131147541
PLEKHH3	0.00819672131147541
PLEKHM1	0.00819672131147541
PLEKHM2	0.02459016393442623
PLEKHO2	0.00819672131147541
PLEKHS1	0.00819672131147541
PLG	0.00819672131147541
PLIN2	0.01639344262295082
PLIN3	0.00819672131147541
PLIN4	0.01639344262295082
PLIN5	0.00819672131147541
PLK1	0.00819672131147541
PLK2	0.01639344262295082
PLK3	0.02459016393442623
PLK4	0.01639344262295082
PLK5	0.00819672131147541
PLOD1	0.01639344262295082
PLOD3	0.01639344262295082
PLP1	0.01639344262295082
PLP2	0.00819672131147541
PLRG1	0.00819672131147541
PLS1	0.02459016393442623
PLSCR4	0.00819672131147541
PLVAP	0.01639344262295082
PLXNA1	0.03278688524590164
PLXNA2	0.03278688524590164
PLXNA3	0.01639344262295082
PLXNA4	0.03278688524590164
PLXNB1	0.02459016393442623
PLXNB2	0.02459016393442623
PLXNB3	0.00819672131147541
PLXNC1	0.00819672131147541
PLXND1	0.02459016393442623
PM20D1	0.01639344262295082
PM20D2	0.00819672131147541
PMEL	0.00819672131147541
PMEPA1	0.01639344262295082
PMF1	0.00819672131147541
PMP22	0.00819672131147541
PMPCB	0.01639344262295082
PMS1	0.01639344262295082
PMS2	0.00819672131147541
PNISR	0.00819672131147541
PNLDC1	0.00819672131147541
PNLIP	0.00819672131147541
PNLIPRP1	0.00819672131147541
PNLIPRP3	0.01639344262295082
PNMA2	0.01639344262295082
PNMA5	0.01639344262295082
PNN	0.01639344262295082
PNPLA1	0.01639344262295082
PNPLA2	0.00819672131147541
PNPLA3	0.02459016393442623
PNPLA4	0.00819672131147541
PNPLA6	0.00819672131147541
PNPLA7	0.00819672131147541
PNPLA8	0.00819672131147541
PNPO	0.00819672131147541
PNPT1	0.01639344262295082
POC1B	0.00819672131147541
POC5	0.00819672131147541
PODXL2	0.00819672131147541
POF1B	0.00819672131147541
POGK	0.00819672131147541
POGZ	0.01639344262295082
POLA1	0.00819672131147541
POLA2	0.00819672131147541
POLD1	0.00819672131147541
POLD3	0.00819672131147541
POLG	0.01639344262295082
POLH	0.01639344262295082
POLM	0.00819672131147541
POLN	0.01639344262295082
POLQ	0.03278688524590164
POLR1A	0.040983606557377046
POLR1E	0.00819672131147541
POLR2A	0.02459016393442623
POLR2B	0.01639344262295082
POLR2H	0.00819672131147541
POLR3B	0.00819672131147541
POLR3E	0.00819672131147541
POLRMT	0.00819672131147541
POM121	0.00819672131147541
POM121L12	0.04918032786885246
POM121L2	0.00819672131147541
POMC	0.00819672131147541
POMGNT1	0.00819672131147541
POMK	0.00819672131147541
POMT2	0.00819672131147541
PON1	0.00819672131147541
PON2	0.00819672131147541
PON3	0.00819672131147541
POP1	0.00819672131147541
POP4	0.00819672131147541
POPDC2	0.01639344262295082
POPDC3	0.01639344262295082
POR	0.00819672131147541
PORCN	0.00819672131147541
POSTN	0.00819672131147541
POTEF	0.00819672131147541
POTEG	0.00819672131147541
POTEI	0.00819672131147541
POTEJ	0.00819672131147541
POU2F1	0.01639344262295082
POU2F2	0.00819672131147541
POU3F2	0.01639344262295082
POU3F3	0.00819672131147541
POU3F4	0.00819672131147541
POU4F2	0.00819672131147541
POU4F3	0.00819672131147541
POU5F1B	0.02459016393442623
POU5F2	0.00819672131147541
POU6F2	0.00819672131147541
PP2D1	0.00819672131147541
PPA2	0.00819672131147541
PPAPDC3	0.00819672131147541
PPARA	0.01639344262295082
PPARGC1A	0.00819672131147541
PPARGC1B	0.00819672131147541
PPBP	0.00819672131147541
PPCDC	0.01639344262295082
PPCS	0.00819672131147541
PPDPF	0.00819672131147541
PPEF1	0.00819672131147541
PPEF2	0.00819672131147541
PPFIA1	0.01639344262295082
PPFIA2	0.01639344262295082
PPFIA3	0.00819672131147541
PPFIA4	0.00819672131147541
PPFIBP2	0.00819672131147541
PPHLN1	0.00819672131147541
PPIG	0.01639344262295082
PPIH	0.00819672131147541
PPIL2	0.00819672131147541
PPIL3	0.00819672131147541
PPIP5K1	0.02459016393442623
PPIP5K2	0.00819672131147541
PPL	0.00819672131147541
PPM1B	0.00819672131147541
PPM1D	0.00819672131147541
PPM1E	0.01639344262295082
PPM1F	0.00819672131147541
PPM1H	0.01639344262295082
PPM1J	0.00819672131147541
PPM1K	0.01639344262295082
PPM1L	0.00819672131147541
PPP1CC	0.00819672131147541
PPP1R10	0.00819672131147541
PPP1R12B	0.00819672131147541
PPP1R13L	0.00819672131147541
PPP1R14D	0.00819672131147541
PPP1R15A	0.01639344262295082
PPP1R16A	0.00819672131147541
PPP1R16B	0.00819672131147541
PPP1R1A	0.00819672131147541
PPP1R2	0.00819672131147541
PPP1R26	0.05737704918032787
PPP1R32	0.00819672131147541
PPP1R36	0.00819672131147541
PPP1R37	0.00819672131147541
PPP1R3A	0.00819672131147541
PPP1R3F	0.03278688524590164
PPP1R9A	0.00819672131147541
PPP2R1A	0.01639344262295082
PPP2R2A	0.00819672131147541
PPP2R2B	0.00819672131147541
PPP2R2C	0.00819672131147541
PPP2R3A	0.00819672131147541
PPP2R3B	0.00819672131147541
PPP2R5B	0.00819672131147541
PPP2R5E	0.00819672131147541
PPP3CB	0.01639344262295082
PPP3CC	0.00819672131147541
PPP3R2	0.00819672131147541
PPP4R1	0.00819672131147541
PPP4R1L	0.01639344262295082
PPP6C	0.00819672131147541
PPP6R1	0.01639344262295082
PPP6R2	0.01639344262295082
PPP6R3	0.00819672131147541
PPT1	0.00819672131147541
PQBP1	0.00819672131147541
PRAC1	0.00819672131147541
PRAM1	0.01639344262295082
PRAME	0.01639344262295082
PRAMEF10	0.00819672131147541
PRAMEF12	0.01639344262295082
PRAMEF2	0.00819672131147541
PRAMEF4	0.00819672131147541
PRAP1	0.01639344262295082
PRB1	0.00819672131147541
PRB3	0.00819672131147541
PRB4	0.01639344262295082
PRCC	0.01639344262295082
PRDM1	0.01639344262295082
PRDM10	0.01639344262295082
PRDM12	0.00819672131147541
PRDM13	0.01639344262295082
PRDM16	0.05737704918032787
PRDM2	0.01639344262295082
PRDM4	0.01639344262295082
PRDM6	0.02459016393442623
PRDM8	0.03278688524590164
PRDM9	0.02459016393442623
PRELID2	0.00819672131147541
PREP	0.00819672131147541
PREPL	0.01639344262295082
PREX1	0.01639344262295082
PREX2	0.03278688524590164
PRF1	0.00819672131147541
PRH2	0.00819672131147541
PRICKLE1	0.01639344262295082
PRICKLE3	0.00819672131147541
PRICKLE4	0.00819672131147541
PRKAA2	0.01639344262295082
PRKACA	0.00819672131147541
PRKACB	0.00819672131147541
PRKACG	0.00819672131147541
PRKAG1	0.00819672131147541
PRKAR2A	0.00819672131147541
PRKAR2B	0.02459016393442623
PRKCA	0.01639344262295082
PRKCB	0.00819672131147541
PRKCDBP	0.00819672131147541
PRKCE	0.01639344262295082
PRKCG	0.01639344262295082
PRKCI	0.00819672131147541
PRKCQ	0.00819672131147541
PRKD1	0.00819672131147541
PRKD2	0.00819672131147541
PRKG1	0.02459016393442623
PRKG2	0.01639344262295082
PRKX	0.00819672131147541
PRL	0.00819672131147541
PRLHR	0.01639344262295082
PRLR	0.00819672131147541
PRM1	0.00819672131147541
PRMT10	0.01639344262295082
PRMT7	0.01639344262295082
PRMT8	0.00819672131147541
PRNT	0.00819672131147541
PROB1	0.00819672131147541
PROC	0.00819672131147541
PROCA1	0.00819672131147541
PROKR1	0.00819672131147541
PROKR2	0.00819672131147541
PROM1	0.00819672131147541
PROP1	0.00819672131147541
PROS1	0.00819672131147541
PROSER1	0.01639344262295082
PROSER2	0.00819672131147541
PROX1	0.01639344262295082
PROX2	0.00819672131147541
PROZ	0.00819672131147541
PRPF19	0.00819672131147541
PRPF3	0.01639344262295082
PRPF38B	0.00819672131147541
PRPF40A	0.00819672131147541
PRPF40B	0.00819672131147541
PRPF4B	0.00819672131147541
PRPF8	0.01639344262295082
PRPH	0.00819672131147541
PRPH2	0.00819672131147541
PRR12	0.01639344262295082
PRR14	0.00819672131147541
PRR14L	0.00819672131147541
PRR16	0.00819672131147541
PRR18	0.01639344262295082
PRR22	0.00819672131147541
PRR23B	0.01639344262295082
PRR24	0.00819672131147541
PRR25	0.00819672131147541
PRR4	0.00819672131147541
PRR5	0.00819672131147541
PRRC1	0.00819672131147541
PRRC2A	0.01639344262295082
PRRC2B	0.02459016393442623
PRRC2C	0.06557377049180328
PRRG1	0.040983606557377046
PRRG2	0.00819672131147541
PRSS12	0.00819672131147541
PRSS21	0.00819672131147541
PRSS23	0.00819672131147541
PRSS35	0.01639344262295082
PRSS36	0.03278688524590164
PRSS37	0.02459016393442623
PRSS42	0.00819672131147541
PRSS45	0.01639344262295082
PRSS54	0.00819672131147541
PRSS56	0.01639344262295082
PRTG	0.00819672131147541
PRUNE	0.00819672131147541
PRUNE2	0.040983606557377046
PSAPL1	0.00819672131147541
PSD	0.02459016393442623
PSD2	0.01639344262295082
PSD4	0.02459016393442623
PSEN1	0.00819672131147541
PSEN2	0.00819672131147541
PSENEN	0.00819672131147541
PSG11	0.00819672131147541
PSG3	0.00819672131147541
PSG8	0.00819672131147541
PSIP1	0.00819672131147541
PSKH1	0.00819672131147541
PSKH2	0.00819672131147541
PSMA2	0.00819672131147541
PSMA5	0.01639344262295082
PSMB11	0.00819672131147541
PSMB3	0.01639344262295082
PSMB8	0.00819672131147541
PSMB9	0.00819672131147541
PSMC5	0.00819672131147541
PSMD11	0.01639344262295082
PSMD12	0.01639344262295082
PSMD3	0.00819672131147541
PSMD4	0.00819672131147541
PSMD5	0.00819672131147541
PSMD7	0.00819672131147541
PSME4	0.00819672131147541
PSMF1	0.01639344262295082
PSMG2	0.00819672131147541
PSMG4	0.00819672131147541
PTBP1	0.02459016393442623
PTBP3	0.00819672131147541
PTCD1	0.02459016393442623
PTCD2	0.00819672131147541
PTCD3	0.02459016393442623
PTCH1	0.02459016393442623
PTCH2	0.03278688524590164
PTCHD1	0.00819672131147541
PTCHD2	0.03278688524590164
PTCHD3	0.00819672131147541
PTCHD4	0.01639344262295082
PTCRA	0.00819672131147541
PTEN	0.07377049180327869
PTGDR2	0.00819672131147541
PTGER3	0.00819672131147541
PTGFR	0.00819672131147541
PTGIR	0.00819672131147541
PTGS2	0.01639344262295082
PTH2	0.00819672131147541
PTH2R	0.00819672131147541
PTK2	0.01639344262295082
PTK2B	0.01639344262295082
PTK7	0.00819672131147541
PTN	0.01639344262295082
PTOV1	0.02459016393442623
PTPDC1	0.00819672131147541
PTPLA	0.00819672131147541
PTPLAD1	0.00819672131147541
PTPN12	0.01639344262295082
PTPN13	0.00819672131147541
PTPN14	0.00819672131147541
PTPN18	0.01639344262295082
PTPN2	0.00819672131147541
PTPN21	0.00819672131147541
PTPN22	0.00819672131147541
PTPN23	0.00819672131147541
PTPN3	0.00819672131147541
PTPN4	0.00819672131147541
PTPN7	0.00819672131147541
PTPRB	0.01639344262295082
PTPRC	0.01639344262295082
PTPRCAP	0.00819672131147541
PTPRD	0.04918032786885246
PTPRE	0.01639344262295082
PTPRF	0.01639344262295082
PTPRG	0.01639344262295082
PTPRH	0.01639344262295082
PTPRJ	0.01639344262295082
PTPRK	0.040983606557377046
PTPRM	0.00819672131147541
PTPRN	0.00819672131147541
PTPRN2	0.01639344262295082
PTPRO	0.05737704918032787
PTPRQ	0.01639344262295082
PTPRR	0.01639344262295082
PTPRS	0.03278688524590164
PTPRT	0.01639344262295082
PTPRU	0.02459016393442623
PTPRZ1	0.01639344262295082
PTRF	0.01639344262295082
PTRHD1	0.00819672131147541
PTX3	0.00819672131147541
PTX4	0.01639344262295082
PUM1	0.01639344262295082
PURG	0.00819672131147541
PUS1	0.00819672131147541
PUS7	0.01639344262295082
PVRIG	0.00819672131147541
PVRL1	0.02459016393442623
PVRL2	0.01639344262295082
PVRL3	0.00819672131147541
PWP2	0.00819672131147541
PWWP2A	0.00819672131147541
PWWP2B	0.01639344262295082
PXDC1	0.00819672131147541
PXDN	0.00819672131147541
PXDNL	0.02459016393442623
PXMP4	0.00819672131147541
PXN	0.01639344262295082
PYCRL	0.02459016393442623
PYDC2	0.00819672131147541
PYGB	0.00819672131147541
PYGL	0.00819672131147541
PYGM	0.00819672131147541
PYGO1	0.00819672131147541
PYGO2	0.00819672131147541
PYHIN1	0.00819672131147541
PYROXD1	0.00819672131147541
PYROXD2	0.00819672131147541
PZP	0.02459016393442623
QARS	0.00819672131147541
QDPR	0.00819672131147541
QRFPR	0.02459016393442623
QRICH1	0.00819672131147541
QRICH2	0.040983606557377046
QRSL1	0.01639344262295082
QSER1	0.00819672131147541
QSOX1	0.00819672131147541
QTRTD1	0.00819672131147541
R3HDM1	0.00819672131147541
RAB10	0.00819672131147541
RAB11B	0.00819672131147541
RAB11FIP1	0.00819672131147541
RAB11FIP2	0.00819672131147541
RAB11FIP4	0.02459016393442623
RAB11FIP5	0.00819672131147541
RAB13	0.00819672131147541
RAB18	0.01639344262295082
RAB23	0.00819672131147541
RAB32	0.00819672131147541
RAB33A	0.00819672131147541
RAB38	0.00819672131147541
RAB3A	0.00819672131147541
RAB3B	0.00819672131147541
RAB3C	0.00819672131147541
RAB3GAP1	0.00819672131147541
RAB3GAP2	0.01639344262295082
RAB3IL1	0.00819672131147541
RAB3IP	0.00819672131147541
RAB4B	0.00819672131147541
RAB5C	0.00819672131147541
RAB6B	0.02459016393442623
RAB8B	0.00819672131147541
RABEP1	0.00819672131147541
RABGAP1	0.00819672131147541
RABGAP1L	0.00819672131147541
RABIF	0.00819672131147541
RABL2B	0.00819672131147541
RAC3	0.01639344262295082
RAD17	0.00819672131147541
RAD21L1	0.00819672131147541
RAD50	0.01639344262295082
RAD54B	0.01639344262295082
RAD54L	0.01639344262295082
RAD54L2	0.00819672131147541
RAD9A	0.00819672131147541
RAD9B	0.00819672131147541
RADIL	0.00819672131147541
RAET1E	0.00819672131147541
RAET1G	0.00819672131147541
RAG1	0.02459016393442623
RAG2	0.01639344262295082
RAI1	0.02459016393442623
RAI14	0.00819672131147541
RAI2	0.01639344262295082
RALB	0.00819672131147541
RALGAPA1	0.00819672131147541
RALGAPA2	0.00819672131147541
RALGPS2	0.01639344262295082
RALY	0.00819672131147541
RANBP17	0.01639344262295082
RANBP2	0.00819672131147541
RANGAP1	0.01639344262295082
RAP1A	0.00819672131147541
RAP1GAP	0.01639344262295082
RAP1GAP2	0.00819672131147541
RAPGEF1	0.00819672131147541
RAPGEF2	0.01639344262295082
RAPGEF3	0.00819672131147541
RAPGEF5	0.01639344262295082
RAPGEFL1	0.00819672131147541
RARA	0.00819672131147541
RARB	0.01639344262295082
RARG	0.00819672131147541
RARS	0.00819672131147541
RARS2	0.00819672131147541
RASA1	0.00819672131147541
RASA2	0.00819672131147541
RASA3	0.01639344262295082
RASAL1	0.00819672131147541
RASAL2	0.01639344262295082
RASAL3	0.01639344262295082
RASD1	0.00819672131147541
RASEF	0.00819672131147541
RASGRF1	0.01639344262295082
RASGRF2	0.01639344262295082
RASGRP1	0.01639344262295082
RASGRP3	0.01639344262295082
RASGRP4	0.00819672131147541
RASIP1	0.00819672131147541
RASL10B	0.00819672131147541
RASL11B	0.01639344262295082
RASL12	0.00819672131147541
RASSF2	0.00819672131147541
RASSF3	0.00819672131147541
RASSF4	0.00819672131147541
RASSF5	0.00819672131147541
RASSF9	0.00819672131147541
RAX	0.00819672131147541
RB1	0.02459016393442623
RB1CC1	0.02459016393442623
RBBP5	0.00819672131147541
RBBP6	0.00819672131147541
RBBP7	0.00819672131147541
RBFA	0.00819672131147541
RBFOX1	0.01639344262295082
RBFOX3	0.00819672131147541
RBL1	0.00819672131147541
RBL2	0.02459016393442623
RBM11	0.02459016393442623
RBM12	0.01639344262295082
RBM15	0.03278688524590164
RBM19	0.00819672131147541
RBM23	0.00819672131147541
RBM26	0.00819672131147541
RBM27	0.01639344262295082
RBM28	0.00819672131147541
RBM33	0.01639344262295082
RBM42	0.00819672131147541
RBM43	0.00819672131147541
RBM45	0.00819672131147541
RBM46	0.01639344262295082
RBM47	0.01639344262295082
RBM4B	0.01639344262295082
RBM5	0.00819672131147541
RBM6	0.00819672131147541
RBM8A	0.00819672131147541
RBMX	0.00819672131147541
RBMXL2	0.00819672131147541
RBMXL3	0.01639344262295082
RBP2	0.00819672131147541
RBP3	0.040983606557377046
RBPJL	0.02459016393442623
RC3H1	0.03278688524590164
RCAN1	0.01639344262295082
RCAN3	0.00819672131147541
RCBTB2	0.00819672131147541
RCC1	0.01639344262295082
RCC2	0.01639344262295082
RCN3	0.01639344262295082
RCOR1	0.00819672131147541
RCOR2	0.01639344262295082
RCOR3	0.01639344262295082
RCSD1	0.00819672131147541
RD3	0.01639344262295082
RD3L	0.00819672131147541
RDH12	0.00819672131147541
RDH13	0.00819672131147541
RECK	0.00819672131147541
RECQL	0.00819672131147541
RECQL5	0.02459016393442623
REEP1	0.00819672131147541
REEP3	0.00819672131147541
REG1B	0.00819672131147541
REG3A	0.01639344262295082
REG3G	0.00819672131147541
REG4	0.00819672131147541
REL	0.00819672131147541
RELA	0.00819672131147541
RELB	0.01639344262295082
RELN	0.04918032786885246
REM1	0.00819672131147541
REN	0.01639344262295082
REPS1	0.01639344262295082
REPS2	0.01639344262295082
RERE	0.03278688524590164
RERG	0.00819672131147541
RERGL	0.00819672131147541
REST	0.00819672131147541
RET	0.02459016393442623
RETSAT	0.00819672131147541
REV3L	0.00819672131147541
REXO1	0.02459016393442623
RFC1	0.01639344262295082
RFPL2	0.00819672131147541
RFPL4AL1	0.00819672131147541
RFT1	0.00819672131147541
RFTN1	0.00819672131147541
RFTN2	0.01639344262295082
RFX1	0.00819672131147541
RFX2	0.00819672131147541
RFX3	0.00819672131147541
RFX6	0.01639344262295082
RFX7	0.01639344262295082
RFX8	0.00819672131147541
RFXAP	0.00819672131147541
RGAG1	0.04918032786885246
RGAG4	0.01639344262295082
RGL1	0.00819672131147541
RGL3	0.00819672131147541
RGL4	0.00819672131147541
RGMB	0.00819672131147541
RGN	0.01639344262295082
RGPD4	0.02459016393442623
RGR	0.01639344262295082
RGS11	0.01639344262295082
RGS12	0.01639344262295082
RGS19	0.00819672131147541
RGS22	0.00819672131147541
RGS3	0.01639344262295082
RGS6	0.00819672131147541
RGS7	0.00819672131147541
RGS8	0.01639344262295082
RGS9	0.01639344262295082
RGSL1	0.01639344262295082
RHAG	0.00819672131147541
RHBDD1	0.00819672131147541
RHBDD3	0.00819672131147541
RHBDF2	0.01639344262295082
RHBDL2	0.00819672131147541
RHBG	0.02459016393442623
RHCG	0.02459016393442623
RHO	0.00819672131147541
RHOA	0.00819672131147541
RHOBTB1	0.00819672131147541
RHOD	0.00819672131147541
RHOH	0.01639344262295082
RHOJ	0.00819672131147541
RHOT1	0.00819672131147541
RHOT2	0.00819672131147541
RHOU	0.00819672131147541
RIBC1	0.00819672131147541
RIBC2	0.00819672131147541
RICTOR	0.00819672131147541
RIF1	0.03278688524590164
RILP	0.00819672131147541
RILPL1	0.00819672131147541
RIMBP2	0.01639344262295082
RIMBP3	0.00819672131147541
RIMKLA	0.02459016393442623
RIMKLB	0.00819672131147541
RIMS1	0.05737704918032787
RIMS2	0.03278688524590164
RIMS4	0.00819672131147541
RIN1	0.00819672131147541
RIN2	0.01639344262295082
RIN3	0.02459016393442623
RINL	0.00819672131147541
RIOK1	0.01639344262295082
RIPK1	0.01639344262295082
RIPK4	0.00819672131147541
RLF	0.01639344262295082
RLIM	0.01639344262295082
RLN2	0.00819672131147541
RLN3	0.00819672131147541
RLTPR	0.02459016393442623
RMDN2	0.00819672131147541
RMDN3	0.01639344262295082
RMI1	0.00819672131147541
RMND1	0.00819672131147541
RNASE3	0.00819672131147541
RNASE7	0.00819672131147541
RNASET2	0.00819672131147541
RND2	0.00819672131147541
RNF111	0.01639344262295082
RNF112	0.00819672131147541
RNF113A	0.00819672131147541
RNF114	0.00819672131147541
RNF123	0.02459016393442623
RNF126	0.01639344262295082
RNF130	0.00819672131147541
RNF135	0.00819672131147541
RNF139	0.00819672131147541
RNF145	0.00819672131147541
RNF146	0.00819672131147541
RNF148	0.00819672131147541
RNF149	0.00819672131147541
RNF150	0.00819672131147541
RNF157	0.00819672131147541
RNF165	0.00819672131147541
RNF168	0.00819672131147541
RNF17	0.00819672131147541
RNF180	0.00819672131147541
RNF183	0.00819672131147541
RNF187	0.00819672131147541
RNF19A	0.00819672131147541
RNF2	0.00819672131147541
RNF207	0.01639344262295082
RNF208	0.00819672131147541
RNF212	0.00819672131147541
RNF213	0.06557377049180328
RNF214	0.01639344262295082
RNF215	0.00819672131147541
RNF216	0.01639344262295082
RNF217	0.00819672131147541
RNF222	0.00819672131147541
RNF223	0.00819672131147541
RNF24	0.00819672131147541
RNF25	0.00819672131147541
RNF31	0.03278688524590164
RNF38	0.00819672131147541
RNF40	0.00819672131147541
RNF43	0.00819672131147541
RNF8	0.02459016393442623
RNFT1	0.00819672131147541
RNFT2	0.00819672131147541
RNMT	0.00819672131147541
RNPEPL1	0.00819672131147541
ROBO1	0.01639344262295082
ROBO3	0.00819672131147541
ROBO4	0.00819672131147541
ROCK1	0.04918032786885246
ROCK2	0.01639344262295082
ROPN1	0.00819672131147541
ROPN1L	0.00819672131147541
ROR1	0.01639344262295082
RORA	0.01639344262295082
RORC	0.00819672131147541
ROS1	0.01639344262295082
RP1	0.03278688524590164
RP1-228P16.5	0.00819672131147541
RP1-241P17.4	0.00819672131147541
RP11-1055B8.7	0.02459016393442623
RP11-105C20.2	0.00819672131147541
RP11-113D6.10	0.00819672131147541
RP11-1167A19.2	0.00819672131147541
RP11-116D17.1	0.00819672131147541
RP11-1220K2.2	0.02459016393442623
RP11-126K1.2	0.01639344262295082
RP11-131H24.4	0.00819672131147541
RP11-1396O13.13	0.00819672131147541
RP11-144F15.1	0.00819672131147541
RP11-187E13.2	0.00819672131147541
RP11-204N11.1	0.00819672131147541
RP11-20I23.1	0.00819672131147541
RP11-268J15.5	0.00819672131147541
RP11-321F6.1	0.00819672131147541
RP11-352D3.2	0.00819672131147541
RP11-385D13.1	0.00819672131147541
RP11-386G21.1	0.00819672131147541
RP11-404L6.2	0.00819672131147541
RP11-433C9.2	0.00819672131147541
RP11-451M19.3	0.00819672131147541
RP11-520P18.5	0.01639344262295082
RP11-683L23.1	0.00819672131147541
RP11-758M4.1	0.00819672131147541
RP11-766F14.2	0.04918032786885246
RP11-89K11.1	0.00819672131147541
RP11-93B14.6	0.00819672131147541
RP11-9B6.1	0.00819672131147541
RP1L1	0.040983606557377046
RP2	0.00819672131147541
RP3-369A17.5	0.01639344262295082
RPA1	0.01639344262295082
RPAP1	0.01639344262295082
RPE65	0.00819672131147541
RPGRIP1	0.00819672131147541
RPGRIP1L	0.04918032786885246
RPH3A	0.00819672131147541
RPL10L	0.00819672131147541
RPL19	0.00819672131147541
RPL35	0.00819672131147541
RPL38	0.00819672131147541
RPL39L	0.00819672131147541
RPL5	0.02459016393442623
RPL7	0.02459016393442623
RPL7L1	0.00819672131147541
RPLP2	0.00819672131147541
RPP21	0.00819672131147541
RPP25	0.00819672131147541
RPP25L	0.00819672131147541
RPRD2	0.01639344262295082
RPS13	0.00819672131147541
RPS20	0.00819672131147541
RPS26	0.00819672131147541
RPS6KA1	0.00819672131147541
RPS6KA2	0.00819672131147541
RPS6KA3	0.02459016393442623
RPS6KA4	0.01639344262295082
RPS6KL1	0.00819672131147541
RPSA	0.00819672131147541
RPTN	0.03278688524590164
RPTOR	0.00819672131147541
RRAGB	0.01639344262295082
RRAGC	0.02459016393442623
RRBP1	0.00819672131147541
RRM2	0.00819672131147541
RRM2B	0.00819672131147541
RRN3	0.00819672131147541
RRP1	0.00819672131147541
RRP12	0.00819672131147541
RRP15	0.01639344262295082
RRP9	0.00819672131147541
RS1	0.00819672131147541
RSAD1	0.02459016393442623
RSBN1	0.01639344262295082
RSBN1L	0.01639344262295082
RSF1	0.01639344262295082
RSG1	0.00819672131147541
RSL24D1	0.00819672131147541
RSPH1	0.00819672131147541
RSPH3	0.00819672131147541
RSPH6A	0.00819672131147541
RSPO1	0.01639344262295082
RSPO3	0.00819672131147541
RSPO4	0.00819672131147541
RSPRY1	0.00819672131147541
RTCA	0.00819672131147541
RTDR1	0.00819672131147541
RTEL1	0.040983606557377046
RTKN	0.00819672131147541
RTL1	0.05737704918032787
RTN4	0.00819672131147541
RTP2	0.01639344262295082
RTP3	0.00819672131147541
RTTN	0.00819672131147541
RUFY3	0.00819672131147541
RUNDC3A	0.01639344262295082
RUNDC3B	0.00819672131147541
RUNX1	0.04918032786885246
RUNX1T1	0.03278688524590164
RUNX2	0.03278688524590164
RUSC2	0.01639344262295082
RWDD1	0.00819672131147541
RWDD2B	0.00819672131147541
RXFP1	0.01639344262295082
RXFP2	0.00819672131147541
RXRA	0.01639344262295082
RXRG	0.00819672131147541
RYR1	0.09016393442622951
RYR2	0.07377049180327869
RYR3	0.03278688524590164
S100A7A	0.00819672131147541
S100A8	0.00819672131147541
S100Z	0.00819672131147541
S1PR1	0.01639344262295082
SAA2	0.00819672131147541
SACS	0.040983606557377046
SAFB	0.00819672131147541
SAFB2	0.01639344262295082
SAGE1	0.00819672131147541
SALL1	0.00819672131147541
SALL2	0.02459016393442623
SALL3	0.02459016393442623
SALL4	0.00819672131147541
SAMD11	0.00819672131147541
SAMD12	0.02459016393442623
SAMD14	0.03278688524590164
SAMD3	0.00819672131147541
SAMD4B	0.01639344262295082
SAMD7	0.00819672131147541
SAMD9	0.02459016393442623
SAMD9L	0.01639344262295082
SAMSN1	0.02459016393442623
SAP130	0.00819672131147541
SAP30BP	0.00819672131147541
SARDH	0.02459016393442623
SARM1	0.02459016393442623
SART1	0.01639344262295082
SART3	0.00819672131147541
SASH1	0.01639344262295082
SASS6	0.00819672131147541
SBF1	0.02459016393442623
SBF2	0.01639344262295082
SBK2	0.01639344262295082
SBNO2	0.040983606557377046
SBSN	0.00819672131147541
SCAF1	0.01639344262295082
SCAF11	0.02459016393442623
SCAF4	0.00819672131147541
SCAF8	0.02459016393442623
SCAI	0.00819672131147541
SCAND3	0.01639344262295082
SCAP	0.00819672131147541
SCARB1	0.00819672131147541
SCARF1	0.01639344262295082
SCCPDH	0.01639344262295082
SCD5	0.00819672131147541
SCEL	0.00819672131147541
SCFD1	0.00819672131147541
SCFD2	0.00819672131147541
SCG3	0.00819672131147541
SCG5	0.00819672131147541
SCGB1C1	0.01639344262295082
SCGB1D1	0.00819672131147541
SCGB2A2	0.00819672131147541
SCGN	0.00819672131147541
SCIN	0.00819672131147541
SCLT1	0.00819672131147541
SCMH1	0.02459016393442623
SCML1	0.00819672131147541
SCML2	0.00819672131147541
SCML4	0.00819672131147541
SCN10A	0.02459016393442623
SCN11A	0.01639344262295082
SCN1A	0.01639344262295082
SCN2A	0.040983606557377046
SCN3A	0.01639344262295082
SCN4A	0.02459016393442623
SCN5A	0.02459016393442623
SCN7A	0.03278688524590164
SCN8A	0.01639344262295082
SCN9A	0.02459016393442623
SCNN1D	0.01639344262295082
SCNN1G	0.00819672131147541
SCPEP1	0.00819672131147541
SCRIB	0.02459016393442623
SCRN3	0.00819672131147541
SCT	0.02459016393442623
SCTR	0.01639344262295082
SCUBE1	0.01639344262295082
SCUBE2	0.03278688524590164
SCUBE3	0.02459016393442623
SCYL2	0.00819672131147541
SDC1	0.01639344262295082
SDC4	0.00819672131147541
SDCCAG3	0.00819672131147541
SDHB	0.00819672131147541
SDK1	0.01639344262295082
SDK2	0.02459016393442623
SDR16C5	0.00819672131147541
SEC14L2	0.00819672131147541
SEC14L5	0.00819672131147541
SEC14L6	0.00819672131147541
SEC16A	0.03278688524590164
SEC16B	0.02459016393442623
SEC23A	0.00819672131147541
SEC23B	0.03278688524590164
SEC23IP	0.01639344262295082
SEC24B	0.01639344262295082
SEC24C	0.01639344262295082
SEC24D	0.01639344262295082
SEC31A	0.01639344262295082
SEC31B	0.00819672131147541
SEC61A2	0.00819672131147541
SEC61B	0.00819672131147541
SEC62	0.00819672131147541
SEC63	0.00819672131147541
SECISBP2	0.00819672131147541
SECISBP2L	0.00819672131147541
SEL1L2	0.00819672131147541
SEL1L3	0.01639344262295082
SELE	0.01639344262295082
SELENBP1	0.00819672131147541
SELL	0.00819672131147541
SELP	0.00819672131147541
SELPLG	0.02459016393442623
SELV	0.01639344262295082
SEMA3A	0.00819672131147541
SEMA3C	0.00819672131147541
SEMA3D	0.02459016393442623
SEMA3E	0.00819672131147541
SEMA3F	0.00819672131147541
SEMA3G	0.00819672131147541
SEMA4C	0.03278688524590164
SEMA4G	0.01639344262295082
SEMA5A	0.03278688524590164
SEMA5B	0.02459016393442623
SEMA6B	0.00819672131147541
SEMA6C	0.01639344262295082
SEMA6D	0.01639344262295082
SEMA7A	0.02459016393442623
SEMG1	0.00819672131147541
SEMG2	0.00819672131147541
SENP5	0.00819672131147541
SENP6	0.00819672131147541
SENP7	0.02459016393442623
SEP15	0.00819672131147541
SEPHS1	0.00819672131147541
SEPHS2	0.00819672131147541
SEPN1	0.00819672131147541
SEPP1	0.00819672131147541
SEPSECS	0.00819672131147541
SEPT10	0.00819672131147541
SEPT14	0.01639344262295082
SEPT2	0.00819672131147541
SEPT3	0.00819672131147541
SEPT4	0.01639344262295082
SEPT7	0.00819672131147541
SERAC1	0.00819672131147541
SERBP1	0.00819672131147541
SERINC3	0.00819672131147541
SERINC5	0.00819672131147541
SERP2	0.00819672131147541
SERPINA10	0.01639344262295082
SERPINA11	0.00819672131147541
SERPINA3	0.00819672131147541
SERPINA4	0.01639344262295082
SERPINA5	0.00819672131147541
SERPINA9	0.00819672131147541
SERPINB12	0.00819672131147541
SERPINB2	0.00819672131147541
SERPINB6	0.00819672131147541
SERPINB7	0.00819672131147541
SERPINC1	0.00819672131147541
SERPIND1	0.00819672131147541
SERPINF2	0.00819672131147541
SERPING1	0.01639344262295082
SERPINH1	0.00819672131147541
SERTAD4	0.00819672131147541
SESN1	0.00819672131147541
SESTD1	0.01639344262295082
SETBP1	0.00819672131147541
SETD1A	0.02459016393442623
SETD1B	0.04918032786885246
SETD2	0.01639344262295082
SETD3	0.01639344262295082
SETD5	0.00819672131147541
SETD7	0.00819672131147541
SETDB1	0.01639344262295082
SETDB2	0.01639344262295082
SETMAR	0.00819672131147541
SETX	0.02459016393442623
SEZ6	0.01639344262295082
SEZ6L	0.01639344262295082
SEZ6L2	0.01639344262295082
SF3A1	0.00819672131147541
SF3A2	0.01639344262295082
SF3B1	0.02459016393442623
SF3B2	0.00819672131147541
SFI1	0.00819672131147541
SFMBT1	0.00819672131147541
SFMBT2	0.01639344262295082
SFRP4	0.01639344262295082
SFRP5	0.00819672131147541
SFSWAP	0.01639344262295082
SFTA3	0.00819672131147541
SFTPA2	0.00819672131147541
SFTPB	0.00819672131147541
SFTPC	0.00819672131147541
SFTPD	0.00819672131147541
SFXN1	0.00819672131147541
SFXN2	0.00819672131147541
SFXN4	0.00819672131147541
SGCA	0.00819672131147541
SGIP1	0.01639344262295082
SGMS2	0.00819672131147541
SGOL2	0.01639344262295082
SGSM1	0.00819672131147541
SGSM2	0.00819672131147541
SH2B1	0.01639344262295082
SH2B2	0.00819672131147541
SH2D1B	0.00819672131147541
SH2D2A	0.00819672131147541
SH2D3C	0.02459016393442623
SH2D4A	0.00819672131147541
SH2D4B	0.00819672131147541
SH2D7	0.00819672131147541
SH3BP2	0.01639344262295082
SH3BP5	0.00819672131147541
SH3BP5L	0.00819672131147541
SH3D21	0.01639344262295082
SH3GL2	0.01639344262295082
SH3GL3	0.00819672131147541
SH3KBP1	0.00819672131147541
SH3RF2	0.00819672131147541
SH3RF3	0.02459016393442623
SH3TC1	0.02459016393442623
SH3TC2	0.01639344262295082
SHANK1	0.02459016393442623
SHANK2	0.03278688524590164
SHANK3	0.02459016393442623
SHBG	0.00819672131147541
SHC1	0.01639344262295082
SHC2	0.00819672131147541
SHC3	0.00819672131147541
SHC4	0.00819672131147541
SHCBP1	0.00819672131147541
SHD	0.03278688524590164
SHH	0.01639344262295082
SHISA5	0.01639344262295082
SHISA7	0.00819672131147541
SHKBP1	0.00819672131147541
SHOC2	0.01639344262295082
SHOX	0.00819672131147541
SHPK	0.01639344262295082
SHPRH	0.02459016393442623
SHROOM1	0.01639344262295082
SHROOM2	0.03278688524590164
SHROOM3	0.040983606557377046
SHROOM4	0.01639344262295082
SI	0.04918032786885246
SIAE	0.00819672131147541
SIDT1	0.01639344262295082
SIDT2	0.00819672131147541
SIGLEC1	0.03278688524590164
SIGLEC10	0.00819672131147541
SIGLEC12	0.00819672131147541
SIGLEC15	0.00819672131147541
SIGLEC5	0.00819672131147541
SIGLEC7	0.01639344262295082
SIGLEC8	0.01639344262295082
SIGLEC9	0.01639344262295082
SIGLECL1	0.00819672131147541
SIK1	0.01639344262295082
SIK2	0.00819672131147541
SIK3	0.01639344262295082
SIM1	0.00819672131147541
SIM2	0.00819672131147541
SIMC1	0.00819672131147541
SIN3A	0.00819672131147541
SIN3B	0.01639344262295082
SIPA1	0.00819672131147541
SIPA1L1	0.03278688524590164
SIPA1L2	0.02459016393442623
SIPA1L3	0.04918032786885246
SIRPB1	0.00819672131147541
SIRPB2	0.00819672131147541
SIRPG	0.01639344262295082
SIRT1	0.00819672131147541
SIRT5	0.01639344262295082
SIVA1	0.00819672131147541
SIX4	0.00819672131147541
SKI	0.02459016393442623
SKIDA1	0.02459016393442623
SKIV2L	0.00819672131147541
SKIV2L2	0.00819672131147541
SKOR2	0.00819672131147541
SKP2	0.00819672131147541
SLA	0.00819672131147541
SLAIN2	0.02459016393442623
SLAMF6	0.00819672131147541
SLAMF7	0.00819672131147541
SLAMF9	0.01639344262295082
SLC10A2	0.00819672131147541
SLC10A4	0.00819672131147541
SLC10A5	0.01639344262295082
SLC10A6	0.00819672131147541
SLC11A1	0.00819672131147541
SLC12A1	0.01639344262295082
SLC12A3	0.00819672131147541
SLC12A4	0.01639344262295082
SLC12A5	0.01639344262295082
SLC12A7	0.01639344262295082
SLC12A8	0.00819672131147541
SLC13A1	0.00819672131147541
SLC13A2	0.00819672131147541
SLC13A3	0.01639344262295082
SLC13A4	0.00819672131147541
SLC14A2	0.00819672131147541
SLC15A1	0.00819672131147541
SLC15A2	0.01639344262295082
SLC15A3	0.00819672131147541
SLC15A4	0.00819672131147541
SLC15A5	0.01639344262295082
SLC16A1	0.00819672131147541
SLC16A3	0.01639344262295082
SLC16A5	0.00819672131147541
SLC16A7	0.00819672131147541
SLC17A1	0.01639344262295082
SLC17A2	0.00819672131147541
SLC17A3	0.00819672131147541
SLC17A4	0.00819672131147541
SLC17A6	0.00819672131147541
SLC17A8	0.01639344262295082
SLC17A9	0.00819672131147541
SLC18A1	0.00819672131147541
SLC18A2	0.00819672131147541
SLC18A3	0.00819672131147541
SLC19A2	0.00819672131147541
SLC19A3	0.00819672131147541
SLC1A1	0.00819672131147541
SLC1A2	0.00819672131147541
SLC1A4	0.00819672131147541
SLC1A5	0.01639344262295082
SLC1A6	0.00819672131147541
SLC1A7	0.01639344262295082
SLC20A1	0.01639344262295082
SLC20A2	0.00819672131147541
SLC22A1	0.00819672131147541
SLC22A11	0.02459016393442623
SLC22A12	0.01639344262295082
SLC22A14	0.00819672131147541
SLC22A15	0.00819672131147541
SLC22A16	0.01639344262295082
SLC22A18AS	0.00819672131147541
SLC22A25	0.00819672131147541
SLC22A3	0.00819672131147541
SLC22A4	0.01639344262295082
SLC22A6	0.00819672131147541
SLC22A8	0.01639344262295082
SLC22A9	0.00819672131147541
SLC23A1	0.00819672131147541
SLC23A2	0.01639344262295082
SLC24A2	0.00819672131147541
SLC24A3	0.01639344262295082
SLC24A5	0.00819672131147541
SLC25A13	0.02459016393442623
SLC25A14	0.00819672131147541
SLC25A16	0.00819672131147541
SLC25A19	0.01639344262295082
SLC25A20	0.00819672131147541
SLC25A21	0.00819672131147541
SLC25A25	0.00819672131147541
SLC25A28	0.00819672131147541
SLC25A34	0.00819672131147541
SLC25A35	0.00819672131147541
SLC25A38	0.00819672131147541
SLC25A39	0.00819672131147541
SLC25A41	0.00819672131147541
SLC25A43	0.00819672131147541
SLC25A45	0.00819672131147541
SLC25A47	0.040983606557377046
SLC25A48	0.00819672131147541
SLC25A52	0.00819672131147541
SLC25A53	0.00819672131147541
SLC25A6	0.00819672131147541
SLC26A11	0.01639344262295082
SLC26A3	0.01639344262295082
SLC26A5	0.01639344262295082
SLC26A6	0.00819672131147541
SLC26A7	0.00819672131147541
SLC26A8	0.01639344262295082
SLC26A9	0.01639344262295082
SLC27A2	0.00819672131147541
SLC27A5	0.02459016393442623
SLC27A6	0.00819672131147541
SLC28A1	0.00819672131147541
SLC28A2	0.01639344262295082
SLC28A3	0.02459016393442623
SLC29A1	0.00819672131147541
SLC29A3	0.00819672131147541
SLC29A4	0.00819672131147541
SLC2A1	0.01639344262295082
SLC2A11	0.01639344262295082
SLC2A13	0.00819672131147541
SLC2A14	0.00819672131147541
SLC2A2	0.01639344262295082
SLC2A3	0.00819672131147541
SLC2A4RG	0.00819672131147541
SLC2A5	0.00819672131147541
SLC2A6	0.00819672131147541
SLC2A7	0.00819672131147541
SLC2A8	0.00819672131147541
SLC30A1	0.00819672131147541
SLC30A10	0.00819672131147541
SLC30A2	0.01639344262295082
SLC30A3	0.00819672131147541
SLC30A8	0.00819672131147541
SLC30A9	0.00819672131147541
SLC32A1	0.00819672131147541
SLC33A1	0.00819672131147541
SLC34A1	0.01639344262295082
SLC34A2	0.02459016393442623
SLC35A1	0.00819672131147541
SLC35A3	0.00819672131147541
SLC35B1	0.00819672131147541
SLC35B3	0.01639344262295082
SLC35C2	0.01639344262295082
SLC35D1	0.00819672131147541
SLC35E2	0.00819672131147541
SLC35F1	0.00819672131147541
SLC35G2	0.00819672131147541
SLC35G3	0.00819672131147541
SLC36A1	0.00819672131147541
SLC38A1	0.00819672131147541
SLC38A10	0.00819672131147541
SLC38A11	0.00819672131147541
SLC38A2	0.00819672131147541
SLC38A5	0.01639344262295082
SLC38A8	0.00819672131147541
SLC39A10	0.02459016393442623
SLC39A11	0.00819672131147541
SLC39A12	0.02459016393442623
SLC39A2	0.00819672131147541
SLC39A4	0.02459016393442623
SLC39A6	0.01639344262295082
SLC39A9	0.00819672131147541
SLC3A2	0.00819672131147541
SLC41A1	0.00819672131147541
SLC41A2	0.01639344262295082
SLC43A2	0.00819672131147541
SLC43A3	0.00819672131147541
SLC44A2	0.01639344262295082
SLC44A4	0.01639344262295082
SLC45A1	0.00819672131147541
SLC45A3	0.01639344262295082
SLC46A3	0.00819672131147541
SLC47A1	0.00819672131147541
SLC4A10	0.00819672131147541
SLC4A11	0.00819672131147541
SLC4A2	0.040983606557377046
SLC4A3	0.01639344262295082
SLC4A4	0.01639344262295082
SLC4A7	0.00819672131147541
SLC4A8	0.00819672131147541
SLC4A9	0.00819672131147541
SLC52A3	0.00819672131147541
SLC5A1	0.01639344262295082
SLC5A11	0.00819672131147541
SLC5A2	0.00819672131147541
SLC5A4	0.00819672131147541
SLC5A5	0.01639344262295082
SLC5A7	0.01639344262295082
SLC5A8	0.00819672131147541
SLC5A9	0.00819672131147541
SLC6A1	0.01639344262295082
SLC6A13	0.00819672131147541
SLC6A16	0.02459016393442623
SLC6A17	0.02459016393442623
SLC6A18	0.01639344262295082
SLC6A19	0.01639344262295082
SLC6A8	0.01639344262295082
SLC6A9	0.01639344262295082
SLC7A11	0.00819672131147541
SLC7A14	0.02459016393442623
SLC7A3	0.02459016393442623
SLC7A6OS	0.00819672131147541
SLC7A7	0.01639344262295082
SLC7A8	0.00819672131147541
SLC7A9	0.00819672131147541
SLC8A1	0.01639344262295082
SLC8A2	0.03278688524590164
SLC8A3	0.00819672131147541
SLC8B1	0.00819672131147541
SLC9A1	0.00819672131147541
SLC9A2	0.01639344262295082
SLC9A3	0.00819672131147541
SLC9A3R1	0.00819672131147541
SLC9A7	0.01639344262295082
SLC9A9	0.01639344262295082
SLC9B1	0.00819672131147541
SLC9B2	0.00819672131147541
SLC9C1	0.02459016393442623
SLC9C2	0.02459016393442623
SLCO1C1	0.040983606557377046
SLCO2A1	0.00819672131147541
SLCO2B1	0.00819672131147541
SLCO3A1	0.01639344262295082
SLCO4A1	0.01639344262295082
SLCO5A1	0.00819672131147541
SLCO6A1	0.03278688524590164
SLFN11	0.00819672131147541
SLFN12L	0.00819672131147541
SLFN13	0.00819672131147541
SLFN14	0.00819672131147541
SLIRP	0.00819672131147541
SLIT1	0.02459016393442623
SLIT2	0.02459016393442623
SLIT3	0.02459016393442623
SLITRK1	0.00819672131147541
SLITRK2	0.01639344262295082
SLITRK3	0.00819672131147541
SLITRK5	0.00819672131147541
SLITRK6	0.00819672131147541
SLMAP	0.00819672131147541
SLTM	0.00819672131147541
SLX4	0.00819672131147541
SLX4IP	0.00819672131147541
SMAD2	0.00819672131147541
SMAD3	0.01639344262295082
SMAD4	0.00819672131147541
SMAD5	0.00819672131147541
SMAD6	0.01639344262295082
SMAD7	0.00819672131147541
SMAD9	0.00819672131147541
SMAP1	0.00819672131147541
SMARCA1	0.02459016393442623
SMARCA2	0.02459016393442623
SMARCA4	0.01639344262295082
SMARCA5	0.01639344262295082
SMARCAD1	0.01639344262295082
SMARCAL1	0.01639344262295082
SMARCC2	0.00819672131147541
SMARCD1	0.01639344262295082
SMARCD2	0.00819672131147541
SMARCE1	0.00819672131147541
SMC1A	0.01639344262295082
SMC1B	0.01639344262295082
SMC3	0.00819672131147541
SMC6	0.03278688524590164
SMCHD1	0.00819672131147541
SMG1	0.02459016393442623
SMG5	0.00819672131147541
SMG6	0.00819672131147541
SMG7	0.01639344262295082
SMG8	0.03278688524590164
SMIM11	0.00819672131147541
SMIM9	0.00819672131147541
SMPD1	0.01639344262295082
SMPD4	0.00819672131147541
SMPX	0.00819672131147541
SMR3A	0.00819672131147541
SMS	0.01639344262295082
SMTN	0.01639344262295082
SMTNL1	0.01639344262295082
SMTNL2	0.01639344262295082
SMU1	0.00819672131147541
SMUG1	0.00819672131147541
SMURF2	0.01639344262295082
SMYD1	0.02459016393442623
SMYD3	0.00819672131147541
SMYD4	0.00819672131147541
SMYD5	0.00819672131147541
SNAI1	0.00819672131147541
SNAI2	0.01639344262295082
SNAP25	0.00819672131147541
SNAP91	0.02459016393442623
SNAPC3	0.00819672131147541
SNAPC4	0.03278688524590164
SNCA	0.01639344262295082
SNCAIP	0.00819672131147541
SND1	0.01639344262295082
SNED1	0.00819672131147541
SNIP1	0.00819672131147541
SNRNP200	0.01639344262295082
SNRPE	0.00819672131147541
SNRPG	0.00819672131147541
SNRPN	0.01639344262295082
SNTA1	0.00819672131147541
SNTG1	0.01639344262295082
SNTG2	0.01639344262295082
SNUPN	0.00819672131147541
SNX12	0.00819672131147541
SNX13	0.01639344262295082
SNX14	0.01639344262295082
SNX15	0.01639344262295082
SNX16	0.00819672131147541
SNX17	0.00819672131147541
SNX18	0.00819672131147541
SNX20	0.00819672131147541
SNX22	0.00819672131147541
SNX24	0.00819672131147541
SNX25	0.00819672131147541
SNX27	0.00819672131147541
SNX29	0.00819672131147541
SNX3	0.00819672131147541
SNX30	0.00819672131147541
SNX31	0.00819672131147541
SNX33	0.00819672131147541
SNX7	0.01639344262295082
SNX8	0.01639344262295082
SNX9	0.00819672131147541
SOAT1	0.00819672131147541
SOAT2	0.01639344262295082
SOBP	0.00819672131147541
SOCS3	0.00819672131147541
SOCS4	0.00819672131147541
SOCS5	0.00819672131147541
SOD2	0.00819672131147541
SOD3	0.00819672131147541
SOGA1	0.01639344262295082
SOGA2	0.03278688524590164
SOGA3	0.00819672131147541
SOHLH2	0.01639344262295082
SON	0.02459016393442623
SORBS1	0.00819672131147541
SORBS2	0.01639344262295082
SORCS1	0.01639344262295082
SORCS2	0.01639344262295082
SORCS3	0.02459016393442623
SORD	0.00819672131147541
SORL1	0.00819672131147541
SORT1	0.02459016393442623
SOS1	0.00819672131147541
SOS2	0.01639344262295082
SOST	0.00819672131147541
SOSTDC1	0.00819672131147541
SOWAHA	0.00819672131147541
SOWAHB	0.01639344262295082
SOX1	0.01639344262295082
SOX11	0.02459016393442623
SOX13	0.00819672131147541
SOX14	0.01639344262295082
SOX17	0.01639344262295082
SOX18	0.00819672131147541
SOX3	0.02459016393442623
SOX5	0.00819672131147541
SOX6	0.01639344262295082
SOX7	0.00819672131147541
SOX8	0.01639344262295082
SOX9	0.03278688524590164
SP100	0.01639344262295082
SP110	0.00819672131147541
SP140	0.02459016393442623
SP2	0.00819672131147541
SP3	0.03278688524590164
SP4	0.00819672131147541
SP6	0.00819672131147541
SP7	0.01639344262295082
SP8	0.02459016393442623
SPACA7	0.00819672131147541
SPAG11A	0.00819672131147541
SPAG17	0.040983606557377046
SPAG4	0.00819672131147541
SPAG9	0.01639344262295082
SPAM1	0.00819672131147541
SPARCL1	0.01639344262295082
SPATA13	0.00819672131147541
SPATA16	0.00819672131147541
SPATA18	0.00819672131147541
SPATA20	0.00819672131147541
SPATA21	0.00819672131147541
SPATA24	0.00819672131147541
SPATA31D1	0.04918032786885246
SPATA31E1	0.02459016393442623
SPATA7	0.00819672131147541
SPATC1	0.00819672131147541
SPATC1L	0.01639344262295082
SPATS1	0.00819672131147541
SPATS2	0.00819672131147541
SPDEF	0.00819672131147541
SPDYC	0.00819672131147541
SPDYE1	0.00819672131147541
SPECC1L	0.00819672131147541
SPEF2	0.00819672131147541
SPEG	0.040983606557377046
SPEM1	0.01639344262295082
SPEN	0.06557377049180328
SPERT	0.00819672131147541
SPG11	0.00819672131147541
SPG20	0.01639344262295082
SPG21	0.00819672131147541
SPHK1	0.01639344262295082
SPHK2	0.00819672131147541
SPHKAP	0.040983606557377046
SPIB	0.00819672131147541
SPICE1	0.01639344262295082
SPIN1	0.00819672131147541
SPIN3	0.00819672131147541
SPIN4	0.00819672131147541
SPINK5	0.02459016393442623
SPINK6	0.00819672131147541
SPINK7	0.01639344262295082
SPINK8	0.00819672131147541
SPINT1	0.00819672131147541
SPIRE2	0.00819672131147541
SPN	0.00819672131147541
SPNS1	0.00819672131147541
SPNS2	0.00819672131147541
SPNS3	0.00819672131147541
SPO11	0.00819672131147541
SPOCD1	0.03278688524590164
SPOCK1	0.00819672131147541
SPOCK3	0.01639344262295082
SPOP	0.01639344262295082
SPOPL	0.00819672131147541
SPP1	0.00819672131147541
SPPL2C	0.00819672131147541
SPPL3	0.00819672131147541
SPRED1	0.00819672131147541
SPRED2	0.00819672131147541
SPRED3	0.00819672131147541
SPRR1B	0.00819672131147541
SPRR2D	0.00819672131147541
SPRR3	0.00819672131147541
SPTA1	0.07377049180327869
SPTAN1	0.03278688524590164
SPTB	0.03278688524590164
SPTBN1	0.02459016393442623
SPTBN2	0.01639344262295082
SPTBN4	0.02459016393442623
SPTBN5	0.04918032786885246
SPTLC1	0.02459016393442623
SPTY2D1	0.00819672131147541
SPZ1	0.00819672131147541
SQLE	0.00819672131147541
SQRDL	0.00819672131147541
SRBD1	0.00819672131147541
SRCAP	0.040983606557377046
SRCIN1	0.01639344262295082
SRCRB4D	0.01639344262295082
SRD5A3	0.01639344262295082
SREBF2	0.01639344262295082
SRF	0.02459016393442623
SRFBP1	0.00819672131147541
SRGAP1	0.04918032786885246
SRGN	0.00819672131147541
SRL	0.00819672131147541
SRM	0.00819672131147541
SRMS	0.00819672131147541
SRP72	0.00819672131147541
SRPK2	0.00819672131147541
SRPK3	0.01639344262295082
SRPR	0.01639344262295082
SRPX	0.01639344262295082
SRRD	0.00819672131147541
SRRM2	0.01639344262295082
SRRM3	0.01639344262295082
SRRM4	0.040983606557377046
SRSF6	0.01639344262295082
SRSF7	0.00819672131147541
SRSF9	0.00819672131147541
SSC5D	0.02459016393442623
SSH1	0.03278688524590164
SSH2	0.040983606557377046
SSH3	0.02459016393442623
SSMEM1	0.00819672131147541
SSR1	0.00819672131147541
SSR2	0.00819672131147541
SSRP1	0.03278688524590164
SSSCA1	0.00819672131147541
SST	0.00819672131147541
SSTR1	0.00819672131147541
SSTR2	0.02459016393442623
SSTR3	0.00819672131147541
SSTR4	0.00819672131147541
SSUH2	0.00819672131147541
SSX2IP	0.00819672131147541
SSX7	0.01639344262295082
ST13	0.00819672131147541
ST18	0.03278688524590164
ST3GAL1	0.00819672131147541
ST3GAL6	0.00819672131147541
ST5	0.01639344262295082
ST6GAL1	0.00819672131147541
ST6GALNAC1	0.00819672131147541
ST6GALNAC3	0.00819672131147541
ST6GALNAC4	0.00819672131147541
ST8SIA5	0.00819672131147541
ST8SIA6	0.00819672131147541
STAB1	0.04918032786885246
STAB2	0.040983606557377046
STAC	0.01639344262295082
STAC2	0.01639344262295082
STAC3	0.00819672131147541
STAG1	0.01639344262295082
STAG2	0.02459016393442623
STAG3	0.00819672131147541
STAM	0.00819672131147541
STAM2	0.01639344262295082
STAP1	0.00819672131147541
STARD13	0.00819672131147541
STARD7	0.00819672131147541
STARD8	0.01639344262295082
STARD9	0.06557377049180328
STAT1	0.00819672131147541
STAT2	0.01639344262295082
STAT3	0.01639344262295082
STAT4	0.00819672131147541
STAT5B	0.00819672131147541
STAT6	0.00819672131147541
STATH	0.00819672131147541
STAU2	0.01639344262295082
STEAP1B	0.00819672131147541
STEAP2	0.02459016393442623
STEAP3	0.00819672131147541
STEAP4	0.00819672131147541
STIM1	0.00819672131147541
STIM2	0.00819672131147541
STK10	0.01639344262295082
STK11	0.01639344262295082
STK11IP	0.01639344262295082
STK17A	0.00819672131147541
STK17B	0.00819672131147541
STK24	0.01639344262295082
STK32A	0.01639344262295082
STK32B	0.00819672131147541
STK32C	0.01639344262295082
STK33	0.02459016393442623
STK36	0.02459016393442623
STK38L	0.00819672131147541
STMN2	0.00819672131147541
STMND1	0.00819672131147541
STOM	0.01639344262295082
STOML1	0.00819672131147541
STOML3	0.00819672131147541
STOX1	0.00819672131147541
STOX2	0.02459016393442623
STPG1	0.00819672131147541
STPG2	0.00819672131147541
STRA6	0.00819672131147541
STRA8	0.00819672131147541
STRADA	0.00819672131147541
STRAP	0.00819672131147541
STRC	0.00819672131147541
STRIP1	0.01639344262295082
STRN3	0.00819672131147541
STRN4	0.01639344262295082
STS	0.00819672131147541
STT3B	0.02459016393442623
STX11	0.03278688524590164
STX16	0.00819672131147541
STX18	0.01639344262295082
STX1A	0.00819672131147541
STX4	0.00819672131147541
STX6	0.01639344262295082
STXBP2	0.01639344262295082
STXBP5	0.02459016393442623
STXBP5L	0.02459016393442623
SUCLA2	0.00819672131147541
SUCO	0.00819672131147541
SUDS3	0.00819672131147541
SUFU	0.00819672131147541
SUGP1	0.00819672131147541
SUGP2	0.00819672131147541
SULF1	0.00819672131147541
SULF2	0.02459016393442623
SULT1A2	0.00819672131147541
SULT1B1	0.00819672131147541
SULT1C2	0.00819672131147541
SULT2B1	0.00819672131147541
SULT4A1	0.00819672131147541
SULT6B1	0.00819672131147541
SUMF1	0.00819672131147541
SUN1	0.00819672131147541
SUN3	0.00819672131147541
SUPT16H	0.00819672131147541
SUPT20H	0.00819672131147541
SUPT3H	0.01639344262295082
SUPT5H	0.01639344262295082
SUPT7L	0.00819672131147541
SURF1	0.00819672131147541
SUSD1	0.00819672131147541
SUSD2	0.00819672131147541
SUSD4	0.01639344262295082
SUSD5	0.00819672131147541
SUV39H1	0.01639344262295082
SUV420H2	0.00819672131147541
SUZ12	0.02459016393442623
SV2A	0.01639344262295082
SV2B	0.00819672131147541
SV2C	0.02459016393442623
SVEP1	0.01639344262295082
SVIL	0.00819672131147541
SWAP70	0.00819672131147541
SWSAP1	0.00819672131147541
SWT1	0.00819672131147541
SYBU	0.00819672131147541
SYCE2	0.00819672131147541
SYCP1	0.00819672131147541
SYCP2	0.01639344262295082
SYCP2L	0.01639344262295082
SYCP3	0.01639344262295082
SYDE1	0.01639344262295082
SYDE2	0.00819672131147541
SYK	0.01639344262295082
SYMPK	0.02459016393442623
SYN1	0.01639344262295082
SYN3	0.00819672131147541
SYNC	0.00819672131147541
SYNCRIP	0.00819672131147541
SYNDIG1	0.00819672131147541
SYNDIG1L	0.00819672131147541
SYNE1	0.07377049180327869
SYNE2	0.02459016393442623
SYNE3	0.00819672131147541
SYNE4	0.00819672131147541
SYNGR4	0.00819672131147541
SYNJ2	0.02459016393442623
SYNM	0.00819672131147541
SYNPO2	0.01639344262295082
SYNPO2L	0.00819672131147541
SYNPR	0.00819672131147541
SYNRG	0.01639344262295082
SYP	0.00819672131147541
SYPL2	0.00819672131147541
SYT1	0.00819672131147541
SYT10	0.00819672131147541
SYT11	0.00819672131147541
SYT12	0.00819672131147541
SYT14	0.01639344262295082
SYT15	0.00819672131147541
SYT16	0.00819672131147541
SYT2	0.00819672131147541
SYT3	0.02459016393442623
SYT5	0.01639344262295082
SYT6	0.01639344262295082
SYT9	0.00819672131147541
SYTL2	0.00819672131147541
SYVN1	0.00819672131147541
SZT2	0.03278688524590164
T	0.01639344262295082
TAAR1	0.01639344262295082
TAAR2	0.00819672131147541
TAAR5	0.00819672131147541
TAAR8	0.00819672131147541
TAB2	0.00819672131147541
TAB3	0.03278688524590164
TACC2	0.02459016393442623
TACC3	0.00819672131147541
TACR3	0.02459016393442623
TACSTD2	0.01639344262295082
TAF1	0.02459016393442623
TAF11	0.00819672131147541
TAF15	0.01639344262295082
TAF1A	0.00819672131147541
TAF1B	0.00819672131147541
TAF1L	0.01639344262295082
TAF2	0.00819672131147541
TAF3	0.03278688524590164
TAF4	0.00819672131147541
TAF4B	0.01639344262295082
TAF7	0.00819672131147541
TAF7L	0.00819672131147541
TAGAP	0.00819672131147541
TAL1	0.00819672131147541
TAL2	0.00819672131147541
TANC1	0.01639344262295082
TANC2	0.01639344262295082
TANGO6	0.02459016393442623
TAOK1	0.02459016393442623
TAOK2	0.00819672131147541
TAP2	0.00819672131147541
TARBP1	0.00819672131147541
TARM1	0.00819672131147541
TARS	0.01639344262295082
TARS2	0.00819672131147541
TARSL2	0.02459016393442623
TAS1R2	0.01639344262295082
TAS1R3	0.00819672131147541
TAS2R1	0.00819672131147541
TAS2R10	0.00819672131147541
TAS2R13	0.00819672131147541
TAS2R19	0.00819672131147541
TAS2R39	0.01639344262295082
TAS2R40	0.00819672131147541
TAS2R41	0.00819672131147541
TAS2R5	0.00819672131147541
TAS2R7	0.00819672131147541
TAT	0.01639344262295082
TAX1BP1	0.01639344262295082
TAZ	0.00819672131147541
TBC1D1	0.02459016393442623
TBC1D10B	0.00819672131147541
TBC1D12	0.02459016393442623
TBC1D14	0.01639344262295082
TBC1D15	0.01639344262295082
TBC1D16	0.00819672131147541
TBC1D17	0.01639344262295082
TBC1D19	0.00819672131147541
TBC1D20	0.01639344262295082
TBC1D21	0.00819672131147541
TBC1D22A	0.00819672131147541
TBC1D25	0.00819672131147541
TBC1D2B	0.01639344262295082
TBC1D30	0.00819672131147541
TBC1D31	0.01639344262295082
TBC1D32	0.02459016393442623
TBC1D4	0.02459016393442623
TBC1D5	0.00819672131147541
TBC1D8	0.01639344262295082
TBC1D8B	0.01639344262295082
TBC1D9B	0.00819672131147541
TBCC	0.00819672131147541
TBCCD1	0.01639344262295082
TBCE	0.02459016393442623
TBCK	0.00819672131147541
TBKBP1	0.02459016393442623
TBL1X	0.00819672131147541
TBP	0.00819672131147541
TBPL2	0.02459016393442623
TBX1	0.00819672131147541
TBX10	0.00819672131147541
TBX15	0.03278688524590164
TBX18	0.040983606557377046
TBX19	0.01639344262295082
TBX20	0.00819672131147541
TBX21	0.00819672131147541
TBX22	0.00819672131147541
TBX3	0.00819672131147541
TBX4	0.01639344262295082
TBX5	0.01639344262295082
TBX6	0.00819672131147541
TBXA2R	0.00819672131147541
TBXAS1	0.00819672131147541
TCEA2	0.01639344262295082
TCEAL3	0.00819672131147541
TCEAL6	0.00819672131147541
TCEANC	0.00819672131147541
TCEB1	0.00819672131147541
TCF12	0.01639344262295082
TCF15	0.00819672131147541
TCF20	0.02459016393442623
TCF21	0.00819672131147541
TCF23	0.01639344262295082
TCF4	0.01639344262295082
TCHH	0.02459016393442623
TCHHL1	0.040983606557377046
TCHP	0.01639344262295082
TCIRG1	0.00819672131147541
TCL1B	0.00819672131147541
TCN1	0.00819672131147541
TCOF1	0.00819672131147541
TCP1	0.00819672131147541
TCP10	0.00819672131147541
TCP10L2	0.00819672131147541
TCP11L1	0.00819672131147541
TCP11L2	0.00819672131147541
TCTE1	0.02459016393442623
TCTEX1D1	0.01639344262295082
TCTN3	0.00819672131147541
TDP1	0.00819672131147541
TDRD1	0.01639344262295082
TDRD12	0.01639344262295082
TDRD15	0.00819672131147541
TDRD3	0.01639344262295082
TDRD5	0.02459016393442623
TDRD6	0.00819672131147541
TDRD7	0.00819672131147541
TDRD9	0.01639344262295082
TDRKH	0.01639344262295082
TEAD1	0.00819672131147541
TEAD2	0.00819672131147541
TECPR1	0.02459016393442623
TECPR2	0.01639344262295082
TECTA	0.040983606557377046
TEDDM1	0.00819672131147541
TEK	0.01639344262295082
TEKT1	0.00819672131147541
TEKT3	0.00819672131147541
TENC1	0.01639344262295082
TENM1	0.02459016393442623
TENM2	0.01639344262295082
TENM3	0.03278688524590164
TENM4	0.05737704918032787
TEP1	0.040983606557377046
TERF1	0.00819672131147541
TERF2IP	0.00819672131147541
TERT	0.00819672131147541
TESPA1	0.00819672131147541
TET1	0.01639344262295082
TET2	0.01639344262295082
TET3	0.01639344262295082
TEX11	0.00819672131147541
TEX13B	0.00819672131147541
TEX14	0.01639344262295082
TEX15	0.00819672131147541
TEX2	0.02459016393442623
TEX264	0.00819672131147541
TEX33	0.00819672131147541
TEX35	0.02459016393442623
TEX37	0.00819672131147541
TF	0.02459016393442623
TFAP2A	0.00819672131147541
TFAP2D	0.00819672131147541
TFAP2E	0.00819672131147541
TFCP2	0.00819672131147541
TFCP2L1	0.00819672131147541
TFDP1	0.03278688524590164
TFDP3	0.00819672131147541
TFE3	0.01639344262295082
TFEB	0.00819672131147541
TFIP11	0.00819672131147541
TFPI2	0.01639344262295082
TFR2	0.01639344262295082
TG	0.02459016393442623
TGFB2	0.00819672131147541
TGFB3	0.00819672131147541
TGFBR2	0.00819672131147541
TGFBR3	0.02459016393442623
TGFBR3L	0.00819672131147541
TGIF2LX	0.00819672131147541
TGM1	0.00819672131147541
TGM3	0.00819672131147541
TGM4	0.01639344262295082
TGM5	0.01639344262295082
TGM6	0.00819672131147541
THAP1	0.00819672131147541
THAP10	0.00819672131147541
THAP11	0.00819672131147541
THAP7	0.00819672131147541
THBD	0.00819672131147541
THBS1	0.01639344262295082
THBS2	0.00819672131147541
THBS3	0.00819672131147541
THBS4	0.02459016393442623
THEG	0.01639344262295082
THEMIS	0.01639344262295082
THNSL1	0.00819672131147541
THOC1	0.00819672131147541
THOC2	0.03278688524590164
THOC5	0.00819672131147541
THPO	0.00819672131147541
THRA	0.02459016393442623
THRAP3	0.02459016393442623
THRSP	0.00819672131147541
THSD1	0.00819672131147541
THSD4	0.01639344262295082
THSD7A	0.01639344262295082
THSD7B	0.03278688524590164
THUMPD2	0.00819672131147541
THUMPD3	0.02459016393442623
TIA1	0.00819672131147541
TIAM2	0.00819672131147541
TICRR	0.00819672131147541
TIE1	0.03278688524590164
TIGD2	0.00819672131147541
TIGD3	0.00819672131147541
TIGD4	0.01639344262295082
TIGIT	0.00819672131147541
TIMM22	0.00819672131147541
TIMP1	0.00819672131147541
TIMP2	0.00819672131147541
TINAG	0.00819672131147541
TINAGL1	0.00819672131147541
TJAP1	0.00819672131147541
TJP1	0.03278688524590164
TJP3	0.01639344262295082
TKTL2	0.01639344262295082
TLCD2	0.00819672131147541
TLDC1	0.00819672131147541
TLE1	0.01639344262295082
TLE3	0.00819672131147541
TLE4	0.040983606557377046
TLK2	0.02459016393442623
TLL1	0.01639344262295082
TLL2	0.01639344262295082
TLN1	0.00819672131147541
TLN2	0.05737704918032787
TLR1	0.01639344262295082
TLR10	0.00819672131147541
TLR2	0.01639344262295082
TLR3	0.01639344262295082
TLR4	0.01639344262295082
TLR5	0.00819672131147541
TLR6	0.02459016393442623
TLR7	0.01639344262295082
TLR8	0.00819672131147541
TLR9	0.00819672131147541
TLX1	0.01639344262295082
TLX3	0.00819672131147541
TM2D1	0.00819672131147541
TM4SF20	0.00819672131147541
TM4SF4	0.00819672131147541
TM7SF3	0.00819672131147541
TM9SF2	0.00819672131147541
TMC1	0.00819672131147541
TMC2	0.040983606557377046
TMC3	0.02459016393442623
TMC4	0.00819672131147541
TMC6	0.01639344262295082
TMC7	0.01639344262295082
TMCC1	0.00819672131147541
TMCC3	0.00819672131147541
TMCO3	0.00819672131147541
TMCO4	0.01639344262295082
TMCO5A	0.00819672131147541
TMED3	0.01639344262295082
TMED6	0.00819672131147541
TMED8	0.00819672131147541
TMEFF2	0.00819672131147541
TMEM101	0.00819672131147541
TMEM102	0.00819672131147541
TMEM117	0.00819672131147541
TMEM121	0.00819672131147541
TMEM123	0.00819672131147541
TMEM126A	0.00819672131147541
TMEM128	0.00819672131147541
TMEM131	0.02459016393442623
TMEM132A	0.01639344262295082
TMEM132B	0.01639344262295082
TMEM132C	0.02459016393442623
TMEM132D	0.01639344262295082
TMEM132E	0.03278688524590164
TMEM134	0.00819672131147541
TMEM141	0.00819672131147541
TMEM143	0.01639344262295082
TMEM14B	0.00819672131147541
TMEM151A	0.01639344262295082
TMEM160	0.00819672131147541
TMEM161A	0.00819672131147541
TMEM161B	0.00819672131147541
TMEM164	0.00819672131147541
TMEM171	0.00819672131147541
TMEM175	0.00819672131147541
TMEM176A	0.00819672131147541
TMEM176B	0.00819672131147541
TMEM178B	0.00819672131147541
TMEM184B	0.00819672131147541
TMEM189	0.00819672131147541
TMEM19	0.00819672131147541
TMEM198	0.00819672131147541
TMEM2	0.03278688524590164
TMEM200A	0.00819672131147541
TMEM200C	0.00819672131147541
TMEM202	0.00819672131147541
TMEM206	0.00819672131147541
TMEM212	0.00819672131147541
TMEM214	0.02459016393442623
TMEM217	0.00819672131147541
TMEM221	0.00819672131147541
TMEM225	0.00819672131147541
TMEM229B	0.00819672131147541
TMEM232	0.00819672131147541
TMEM233	0.01639344262295082
TMEM235	0.00819672131147541
TMEM239	0.00819672131147541
TMEM245	0.00819672131147541
TMEM249	0.00819672131147541
TMEM25	0.00819672131147541
TMEM253	0.01639344262295082
TMEM255B	0.00819672131147541
TMEM26	0.00819672131147541
TMEM260	0.00819672131147541
TMEM261	0.00819672131147541
TMEM30B	0.00819672131147541
TMEM37	0.00819672131147541
TMEM38A	0.00819672131147541
TMEM39A	0.00819672131147541
TMEM39B	0.01639344262295082
TMEM43	0.00819672131147541
TMEM45A	0.00819672131147541
TMEM51	0.01639344262295082
TMEM55A	0.00819672131147541
TMEM57	0.00819672131147541
TMEM59L	0.00819672131147541
TMEM60	0.00819672131147541
TMEM62	0.00819672131147541
TMEM63A	0.00819672131147541
TMEM63B	0.01639344262295082
TMEM63C	0.00819672131147541
TMEM64	0.00819672131147541
TMEM65	0.00819672131147541
TMEM67	0.00819672131147541
TMEM69	0.00819672131147541
TMEM70	0.00819672131147541
TMEM71	0.00819672131147541
TMEM74	0.00819672131147541
TMEM87A	0.00819672131147541
TMEM8A	0.00819672131147541
TMEM8B	0.00819672131147541
TMEM92	0.00819672131147541
TMEM98	0.00819672131147541
TMEM99	0.00819672131147541
TMF1	0.01639344262295082
TMOD1	0.00819672131147541
TMOD3	0.00819672131147541
TMPO	0.00819672131147541
TMPRSS11A	0.00819672131147541
TMPRSS11D	0.00819672131147541
TMPRSS11E	0.00819672131147541
TMPRSS11F	0.00819672131147541
TMPRSS13	0.01639344262295082
TMPRSS15	0.03278688524590164
TMPRSS2	0.01639344262295082
TMPRSS3	0.01639344262295082
TMPRSS6	0.01639344262295082
TMPRSS7	0.02459016393442623
TMPRSS9	0.01639344262295082
TMTC1	0.00819672131147541
TMTC2	0.00819672131147541
TMTC3	0.01639344262295082
TMTC4	0.00819672131147541
TMX2	0.00819672131147541
TNC	0.03278688524590164
TNFAIP1	0.01639344262295082
TNFAIP2	0.01639344262295082
TNFAIP3	0.01639344262295082
TNFAIP8L2	0.00819672131147541
TNFRSF10C	0.00819672131147541
TNFRSF11B	0.00819672131147541
TNFRSF14	0.01639344262295082
TNFRSF1A	0.00819672131147541
TNFRSF1B	0.00819672131147541
TNFRSF21	0.00819672131147541
TNFRSF25	0.00819672131147541
TNFRSF4	0.00819672131147541
TNFRSF9	0.00819672131147541
TNFSF11	0.00819672131147541
TNFSF18	0.00819672131147541
TNFSF9	0.02459016393442623
TNIK	0.02459016393442623
TNIP1	0.01639344262295082
TNIP3	0.00819672131147541
TNK2	0.02459016393442623
TNKS	0.00819672131147541
TNKS2	0.00819672131147541
TNMD	0.00819672131147541
TNN	0.02459016393442623
TNNC1	0.00819672131147541
TNNI1	0.00819672131147541
TNNI2	0.02459016393442623
TNNI3K	0.01639344262295082
TNNT2	0.00819672131147541
TNNT3	0.01639344262295082
TNPO1	0.00819672131147541
TNPO2	0.00819672131147541
TNPO3	0.01639344262295082
TNR	0.040983606557377046
TNRC18	0.040983606557377046
TNRC6A	0.02459016393442623
TNRC6B	0.02459016393442623
TNRC6C	0.05737704918032787
TNS1	0.00819672131147541
TNS4	0.00819672131147541
TNXB	0.03278688524590164
TOB1	0.00819672131147541
TOB2	0.01639344262295082
TOM1	0.00819672131147541
TOMM6	0.01639344262295082
TOMM70A	0.01639344262295082
TONSL	0.03278688524590164
TOP1MT	0.00819672131147541
TOP2A	0.00819672131147541
TOP2B	0.01639344262295082
TOP3A	0.00819672131147541
TOPAZ1	0.00819672131147541
TOPBP1	0.02459016393442623
TOR1AIP1	0.03278688524590164
TOR1AIP2	0.00819672131147541
TOR1B	0.01639344262295082
TOR2A	0.00819672131147541
TOR3A	0.00819672131147541
TOR4A	0.00819672131147541
TOX3	0.00819672131147541
TOX4	0.01639344262295082
TP53	0.4262295081967213
TP53AIP1	0.00819672131147541
TP53BP1	0.01639344262295082
TP53BP2	0.01639344262295082
TP53I13	0.02459016393442623
TP63	0.00819672131147541
TPBG	0.00819672131147541
TPBGL	0.00819672131147541
TPCN1	0.00819672131147541
TPCN2	0.01639344262295082
TPD52L3	0.00819672131147541
TPH1	0.02459016393442623
TPH2	0.00819672131147541
TPI1	0.00819672131147541
TPK1	0.00819672131147541
TPO	0.01639344262295082
TPP1	0.00819672131147541
TPP2	0.01639344262295082
TPPP3	0.00819672131147541
TPR	0.02459016393442623
TPRG1L	0.00819672131147541
TPRX2P	0.00819672131147541
TPSG1	0.00819672131147541
TPST2	0.00819672131147541
TPTE2	0.00819672131147541
TRABD2A	0.00819672131147541
TRABD2B	0.00819672131147541
TRAF1	0.02459016393442623
TRAF3	0.00819672131147541
TRAF3IP2	0.00819672131147541
TRAF4	0.00819672131147541
TRAF6	0.01639344262295082
TRAFD1	0.01639344262295082
TRAIP	0.01639344262295082
TRAK1	0.02459016393442623
TRAM1L1	0.00819672131147541
TRANK1	0.03278688524590164
TRAPPC1	0.00819672131147541
TRAPPC10	0.00819672131147541
TRAPPC11	0.01639344262295082
TRAPPC12	0.02459016393442623
TRAPPC13	0.01639344262295082
TRAPPC3L	0.01639344262295082
TRAPPC4	0.00819672131147541
TRAPPC6A	0.00819672131147541
TRAPPC6B	0.00819672131147541
TRAPPC8	0.01639344262295082
TRAPPC9	0.03278688524590164
TRDMT1	0.00819672131147541
TRDN	0.00819672131147541
TREM1	0.00819672131147541
TREML2	0.00819672131147541
TRERF1	0.01639344262295082
TRH	0.00819672131147541
TRHDE	0.01639344262295082
TRHR	0.01639344262295082
TRIB3	0.00819672131147541
TRIM10	0.00819672131147541
TRIM11	0.00819672131147541
TRIM14	0.02459016393442623
TRIM15	0.00819672131147541
TRIM16L	0.01639344262295082
TRIM17	0.01639344262295082
TRIM21	0.00819672131147541
TRIM24	0.02459016393442623
TRIM26	0.00819672131147541
TRIM27	0.01639344262295082
TRIM3	0.00819672131147541
TRIM31	0.00819672131147541
TRIM32	0.01639344262295082
TRIM34	0.00819672131147541
TRIM38	0.01639344262295082
TRIM39	0.00819672131147541
TRIM40	0.02459016393442623
TRIM41	0.00819672131147541
TRIM42	0.01639344262295082
TRIM43	0.00819672131147541
TRIM44	0.00819672131147541
TRIM45	0.01639344262295082
TRIM46	0.02459016393442623
TRIM49B	0.00819672131147541
TRIM5	0.00819672131147541
TRIM50	0.00819672131147541
TRIM51	0.00819672131147541
TRIM55	0.00819672131147541
TRIM56	0.00819672131147541
TRIM58	0.00819672131147541
TRIM59	0.00819672131147541
TRIM60	0.00819672131147541
TRIM63	0.00819672131147541
TRIM64B	0.00819672131147541
TRIM64C	0.00819672131147541
TRIM66	0.01639344262295082
TRIM68	0.01639344262295082
TRIM69	0.01639344262295082
TRIM71	0.01639344262295082
TRIM72	0.03278688524590164
TRIM77	0.00819672131147541
TRIM8	0.00819672131147541
TRIM9	0.00819672131147541
TRIO	0.04918032786885246
TRIOBP	0.04918032786885246
TRIP10	0.00819672131147541
TRIP11	0.01639344262295082
TRIP12	0.03278688524590164
TRIP13	0.00819672131147541
TRIP6	0.00819672131147541
TRIQK	0.00819672131147541
TRMT1	0.00819672131147541
TRMT10A	0.00819672131147541
TRMT10C	0.00819672131147541
TRMT12	0.00819672131147541
TRMT1L	0.00819672131147541
TRMT44	0.02459016393442623
TRMT5	0.00819672131147541
TRO	0.01639344262295082
TROVE2	0.00819672131147541
TRPA1	0.02459016393442623
TRPC1	0.02459016393442623
TRPC3	0.01639344262295082
TRPC4	0.02459016393442623
TRPC5	0.01639344262295082
TRPC6	0.01639344262295082
TRPC7	0.01639344262295082
TRPM1	0.03278688524590164
TRPM2	0.02459016393442623
TRPM3	0.03278688524590164
TRPM4	0.03278688524590164
TRPM5	0.02459016393442623
TRPM6	0.00819672131147541
TRPM7	0.01639344262295082
TRPM8	0.00819672131147541
TRPS1	0.02459016393442623
TRPV2	0.00819672131147541
TRPV4	0.00819672131147541
TRPV6	0.00819672131147541
TRRAP	0.040983606557377046
TRUB1	0.00819672131147541
TSACC	0.00819672131147541
TSC1	0.01639344262295082
TSC22D1	0.00819672131147541
TSC22D2	0.01639344262295082
TSC22D3	0.00819672131147541
TSEN2	0.00819672131147541
TSEN34	0.00819672131147541
TSEN54	0.00819672131147541
TSG101	0.00819672131147541
TSGA10	0.00819672131147541
TSGA13	0.00819672131147541
TSHZ1	0.02459016393442623
TSHZ3	0.040983606557377046
TSKS	0.00819672131147541
TSLP	0.00819672131147541
TSN	0.00819672131147541
TSNARE1	0.01639344262295082
TSNAX	0.01639344262295082
TSPAN1	0.00819672131147541
TSPAN12	0.00819672131147541
TSPAN19	0.01639344262295082
TSPEAR	0.01639344262295082
TSPYL2	0.00819672131147541
TSPYL4	0.00819672131147541
TSPYL5	0.00819672131147541
TSPYL6	0.01639344262295082
TSSK2	0.00819672131147541
TSSK3	0.00819672131147541
TSTA3	0.02459016393442623
TTBK1	0.03278688524590164
TTC12	0.00819672131147541
TTC14	0.040983606557377046
TTC16	0.00819672131147541
TTC18	0.01639344262295082
TTC21B	0.00819672131147541
TTC22	0.00819672131147541
TTC23	0.00819672131147541
TTC24	0.01639344262295082
TTC26	0.00819672131147541
TTC27	0.00819672131147541
TTC28	0.04918032786885246
TTC29	0.00819672131147541
TTC3	0.01639344262295082
TTC30A	0.00819672131147541
TTC31	0.00819672131147541
TTC34	0.01639344262295082
TTC38	0.00819672131147541
TTC39A	0.01639344262295082
TTC40	0.02459016393442623
TTC6	0.040983606557377046
TTC7A	0.01639344262295082
TTC9	0.00819672131147541
TTC9B	0.01639344262295082
TTF2	0.01639344262295082
TTI1	0.01639344262295082
TTI2	0.00819672131147541
TTLL1	0.00819672131147541
TTLL10	0.00819672131147541
TTLL12	0.00819672131147541
TTLL13	0.01639344262295082
TTLL2	0.01639344262295082
TTLL4	0.02459016393442623
TTLL5	0.01639344262295082
TTLL6	0.00819672131147541
TTLL7	0.01639344262295082
TTLL8	0.00819672131147541
TTLL9	0.00819672131147541
TTN	0.27049180327868855
TTYH1	0.00819672131147541
TTYH2	0.00819672131147541
TTYH3	0.00819672131147541
TUBA1A	0.00819672131147541
TUBA3C	0.03278688524590164
TUBA8	0.00819672131147541
TUBAL3	0.03278688524590164
TUBB2B	0.00819672131147541
TUBB3	0.01639344262295082
TUBB8	0.00819672131147541
TUBG1	0.00819672131147541
TUBGCP5	0.01639344262295082
TUBGCP6	0.02459016393442623
TUFT1	0.00819672131147541
TULP1	0.01639344262295082
TULP3	0.02459016393442623
TULP4	0.01639344262295082
TUSC3	0.00819672131147541
TUSC5	0.00819672131147541
TWF1	0.00819672131147541
TXK	0.00819672131147541
TXLNA	0.00819672131147541
TXLNB	0.00819672131147541
TXNDC16	0.00819672131147541
TXNDC2	0.01639344262295082
TXNDC5	0.00819672131147541
TXNRD2	0.00819672131147541
TYK2	0.01639344262295082
TYR	0.00819672131147541
TYRO3	0.00819672131147541
TYROBP	0.00819672131147541
TYSND1	0.00819672131147541
U2AF2	0.00819672131147541
UACA	0.00819672131147541
UAP1	0.00819672131147541
UAP1L1	0.00819672131147541
UBA1	0.00819672131147541
UBA2	0.00819672131147541
UBA5	0.01639344262295082
UBA52	0.00819672131147541
UBA6	0.00819672131147541
UBAP2	0.02459016393442623
UBAP2L	0.01639344262295082
UBASH3A	0.00819672131147541
UBASH3B	0.00819672131147541
UBB	0.00819672131147541
UBBP4	0.00819672131147541
UBE2B	0.00819672131147541
UBE2F	0.00819672131147541
UBE2G1	0.00819672131147541
UBE2G2	0.00819672131147541
UBE2Q2	0.00819672131147541
UBE2T	0.00819672131147541
UBE3B	0.00819672131147541
UBE3C	0.00819672131147541
UBE4A	0.01639344262295082
UBE4B	0.00819672131147541
UBN1	0.01639344262295082
UBN2	0.00819672131147541
UBOX5	0.00819672131147541
UBQLN1	0.00819672131147541
UBQLN2	0.01639344262295082
UBQLN3	0.00819672131147541
UBQLN4	0.01639344262295082
UBQLNL	0.01639344262295082
UBR1	0.03278688524590164
UBR2	0.02459016393442623
UBR3	0.00819672131147541
UBR4	0.05737704918032787
UBR5	0.01639344262295082
UBTF	0.00819672131147541
UBXN2A	0.00819672131147541
UBXN4	0.00819672131147541
UCHL3	0.00819672131147541
UCKL1	0.01639344262295082
UCMA	0.00819672131147541
UCN2	0.00819672131147541
UCN3	0.00819672131147541
UCP3	0.00819672131147541
UEVLD	0.00819672131147541
UFD1L	0.00819672131147541
UFL1	0.02459016393442623
UGDH	0.00819672131147541
UGGT1	0.03278688524590164
UGT1A1	0.02459016393442623
UGT1A10	0.00819672131147541
UGT1A6	0.00819672131147541
UGT1A7	0.00819672131147541
UGT2A1	0.00819672131147541
UGT2A3	0.01639344262295082
UGT2B11	0.01639344262295082
UGT2B28	0.01639344262295082
UGT2B4	0.00819672131147541
UGT3A1	0.00819672131147541
UGT3A2	0.01639344262295082
UGT8	0.01639344262295082
UHRF1BP1	0.00819672131147541
UHRF1BP1L	0.01639344262295082
UHRF2	0.01639344262295082
ULK4	0.00819672131147541
UMOD	0.00819672131147541
UMODL1	0.03278688524590164
UMPS	0.00819672131147541
UNC13A	0.02459016393442623
UNC13B	0.03278688524590164
UNC13C	0.02459016393442623
UNC13D	0.01639344262295082
UNC45B	0.01639344262295082
UNC50	0.00819672131147541
UNC5B	0.00819672131147541
UNC5C	0.01639344262295082
UNC5CL	0.01639344262295082
UNC5D	0.02459016393442623
UNC79	0.02459016393442623
UNC80	0.04918032786885246
UNC93A	0.01639344262295082
UNCX	0.00819672131147541
UNK	0.00819672131147541
UNKL	0.02459016393442623
UPF3A	0.00819672131147541
UPK2	0.00819672131147541
UPP2	0.00819672131147541
UQCR10	0.00819672131147541
UQCRC2	0.00819672131147541
UQCRH	0.00819672131147541
URB1	0.01639344262295082
URB2	0.01639344262295082
URI1	0.00819672131147541
UROC1	0.00819672131147541
USB1	0.00819672131147541
USF1	0.00819672131147541
USF2	0.00819672131147541
USH1C	0.00819672131147541
USH1G	0.00819672131147541
USH2A	0.06557377049180328
USHBP1	0.03278688524590164
USO1	0.00819672131147541
USP1	0.00819672131147541
USP12	0.00819672131147541
USP16	0.02459016393442623
USP17L10	0.00819672131147541
USP17L2	0.00819672131147541
USP19	0.01639344262295082
USP20	0.01639344262295082
USP21	0.02459016393442623
USP22	0.00819672131147541
USP24	0.00819672131147541
USP25	0.01639344262295082
USP26	0.01639344262295082
USP27X	0.00819672131147541
USP28	0.01639344262295082
USP29	0.01639344262295082
USP3	0.00819672131147541
USP31	0.00819672131147541
USP32	0.01639344262295082
USP34	0.02459016393442623
USP36	0.01639344262295082
USP38	0.01639344262295082
USP42	0.00819672131147541
USP43	0.01639344262295082
USP44	0.00819672131147541
USP45	0.01639344262295082
USP47	0.00819672131147541
USP48	0.00819672131147541
USP49	0.02459016393442623
USP53	0.01639344262295082
USP54	0.01639344262295082
USP6	0.02459016393442623
USP6NL	0.01639344262295082
USP8	0.01639344262295082
USP9X	0.01639344262295082
UTP14C	0.00819672131147541
UTP20	0.01639344262295082
UTRN	0.03278688524590164
UVSSA	0.02459016393442623
UXT	0.00819672131147541
VAMP4	0.00819672131147541
VANGL2	0.01639344262295082
VARS	0.01639344262295082
VARS2	0.01639344262295082
VASH1	0.00819672131147541
VASH2	0.02459016393442623
VASN	0.00819672131147541
VASP	0.00819672131147541
VAV2	0.01639344262295082
VAV3	0.02459016393442623
VBP1	0.00819672131147541
VCAN	0.03278688524590164
VCL	0.00819672131147541
VCPIP1	0.01639344262295082
VCX	0.00819672131147541
VCX3A	0.00819672131147541
VDAC1	0.00819672131147541
VEGFC	0.00819672131147541
VEPH1	0.01639344262295082
VEZF1	0.00819672131147541
VEZT	0.00819672131147541
VGLL3	0.00819672131147541
VIL1	0.01639344262295082
VILL	0.01639344262295082
VIMP	0.00819672131147541
VIPAS39	0.00819672131147541
VIPR1	0.01639344262295082
VIPR2	0.00819672131147541
VIT	0.00819672131147541
VKORC1	0.00819672131147541
VMO1	0.00819672131147541
VN1R2	0.00819672131147541
VN1R4	0.01639344262295082
VNN1	0.00819672131147541
VNN2	0.00819672131147541
VNN3	0.00819672131147541
VPRBP	0.00819672131147541
VPREB1	0.00819672131147541
VPS13A	0.02459016393442623
VPS13B	0.040983606557377046
VPS13C	0.04918032786885246
VPS13D	0.02459016393442623
VPS16	0.00819672131147541
VPS28	0.02459016393442623
VPS33A	0.01639344262295082
VPS37B	0.00819672131147541
VPS37C	0.00819672131147541
VPS41	0.00819672131147541
VPS51	0.00819672131147541
VPS53	0.01639344262295082
VPS54	0.01639344262295082
VPS72	0.03278688524590164
VPS8	0.02459016393442623
VRK3	0.00819672131147541
VRTN	0.00819672131147541
VSIG10	0.00819672131147541
VSIG2	0.00819672131147541
VSIG8	0.00819672131147541
VSTM2A	0.00819672131147541
VSTM2B	0.01639344262295082
VSX1	0.01639344262295082
VTCN1	0.01639344262295082
VWA1	0.00819672131147541
VWA2	0.00819672131147541
VWA3A	0.02459016393442623
VWA3B	0.02459016393442623
VWA5A	0.00819672131147541
VWA5B1	0.02459016393442623
VWA7	0.01639344262295082
VWA8	0.00819672131147541
VWA9	0.00819672131147541
VWC2	0.02459016393442623
VWCE	0.02459016393442623
VWDE	0.04918032786885246
VWF	0.01639344262295082
WAPAL	0.00819672131147541
WARS	0.00819672131147541
WAS	0.00819672131147541
WASF1	0.01639344262295082
WASF2	0.00819672131147541
WASF3	0.00819672131147541
WASL	0.00819672131147541
WBP11	0.00819672131147541
WBP2NL	0.00819672131147541
WBSCR17	0.01639344262295082
WDFY3	0.040983606557377046
WDFY4	0.05737704918032787
WDHD1	0.01639344262295082
WDR11	0.00819672131147541
WDR13	0.01639344262295082
WDR16	0.00819672131147541
WDR17	0.00819672131147541
WDR18	0.01639344262295082
WDR19	0.01639344262295082
WDR20	0.00819672131147541
WDR24	0.00819672131147541
WDR25	0.00819672131147541
WDR26	0.02459016393442623
WDR27	0.01639344262295082
WDR31	0.00819672131147541
WDR33	0.01639344262295082
WDR34	0.01639344262295082
WDR35	0.01639344262295082
WDR36	0.00819672131147541
WDR43	0.00819672131147541
WDR45B	0.00819672131147541
WDR46	0.00819672131147541
WDR47	0.00819672131147541
WDR49	0.00819672131147541
WDR5	0.00819672131147541
WDR52	0.01639344262295082
WDR59	0.01639344262295082
WDR6	0.01639344262295082
WDR60	0.00819672131147541
WDR62	0.00819672131147541
WDR63	0.00819672131147541
WDR64	0.00819672131147541
WDR65	0.03278688524590164
WDR7	0.02459016393442623
WDR70	0.01639344262295082
WDR72	0.00819672131147541
WDR73	0.01639344262295082
WDR77	0.00819672131147541
WDR78	0.01639344262295082
WDR81	0.02459016393442623
WDR82	0.00819672131147541
WDR83	0.00819672131147541
WDR86	0.00819672131147541
WDR87	0.03278688524590164
WDR88	0.00819672131147541
WDR90	0.00819672131147541
WDR91	0.01639344262295082
WDR93	0.00819672131147541
WDR96	0.040983606557377046
WDTC1	0.03278688524590164
WEE1	0.00819672131147541
WFDC1	0.00819672131147541
WFDC11	0.00819672131147541
WFIKKN1	0.01639344262295082
WHAMM	0.040983606557377046
WIPF1	0.00819672131147541
WIPF2	0.00819672131147541
WIPI1	0.00819672131147541
WIPI2	0.02459016393442623
WISP2	0.00819672131147541
WIZ	0.02459016393442623
WNK1	0.02459016393442623
WNK2	0.04918032786885246
WNK3	0.01639344262295082
WNK4	0.00819672131147541
WNT11	0.01639344262295082
WNT2	0.01639344262295082
WNT3	0.00819672131147541
WNT3A	0.01639344262295082
WNT5A	0.00819672131147541
WNT6	0.01639344262295082
WNT7B	0.01639344262295082
WNT9A	0.01639344262295082
WRAP53	0.00819672131147541
WRAP73	0.01639344262295082
WRNIP1	0.00819672131147541
WSB1	0.01639344262295082
WSB2	0.00819672131147541
WSCD1	0.01639344262295082
WSCD2	0.00819672131147541
WT1	0.01639344262295082
WWC1	0.01639344262295082
WWC2	0.01639344262295082
WWC3	0.00819672131147541
WWOX	0.00819672131147541
WWP1	0.01639344262295082
WWP2	0.00819672131147541
WWTR1	0.00819672131147541
XAB2	0.01639344262295082
XAF1	0.00819672131147541
XBP1	0.00819672131147541
XCL1	0.00819672131147541
XG	0.00819672131147541
XIAP	0.01639344262295082
XIRP1	0.02459016393442623
XIRP2	0.01639344262295082
XK	0.01639344262295082
XKR3	0.00819672131147541
XKR7	0.00819672131147541
XKR9	0.00819672131147541
XPNPEP1	0.00819672131147541
XPNPEP2	0.00819672131147541
XPO1	0.00819672131147541
XPO4	0.00819672131147541
XPO5	0.00819672131147541
XPO6	0.00819672131147541
XPO7	0.01639344262295082
XPOT	0.00819672131147541
XPR1	0.01639344262295082
XRCC1	0.00819672131147541
XRCC2	0.00819672131147541
XRCC4	0.01639344262295082
XRCC5	0.00819672131147541
XRCC6	0.00819672131147541
XRN1	0.02459016393442623
XRN2	0.03278688524590164
XRRA1	0.01639344262295082
XXYLT1	0.00819672131147541
XYLT1	0.01639344262295082
XYLT2	0.01639344262295082
YARS2	0.00819672131147541
YBX3	0.01639344262295082
YEATS2	0.00819672131147541
YIPF1	0.00819672131147541
YIPF6	0.01639344262295082
YIPF7	0.00819672131147541
YLPM1	0.00819672131147541
YME1L1	0.00819672131147541
YRDC	0.01639344262295082
YTHDC1	0.00819672131147541
YTHDC2	0.00819672131147541
YWHAG	0.00819672131147541
YWHAQ	0.00819672131147541
YY1	0.00819672131147541
YY1AP1	0.01639344262295082
YY2	0.00819672131147541
ZAP70	0.03278688524590164
ZAR1L	0.00819672131147541
ZBBX	0.01639344262295082
ZBED2	0.00819672131147541
ZBED4	0.01639344262295082
ZBED5	0.01639344262295082
ZBED6	0.00819672131147541
ZBTB1	0.00819672131147541
ZBTB11	0.00819672131147541
ZBTB12	0.00819672131147541
ZBTB18	0.01639344262295082
ZBTB2	0.01639344262295082
ZBTB20	0.02459016393442623
ZBTB21	0.01639344262295082
ZBTB24	0.03278688524590164
ZBTB3	0.00819672131147541
ZBTB32	0.00819672131147541
ZBTB33	0.00819672131147541
ZBTB34	0.00819672131147541
ZBTB37	0.00819672131147541
ZBTB39	0.01639344262295082
ZBTB4	0.01639344262295082
ZBTB41	0.02459016393442623
ZBTB45	0.00819672131147541
ZBTB46	0.01639344262295082
ZBTB49	0.02459016393442623
ZBTB5	0.00819672131147541
ZBTB7A	0.00819672131147541
ZBTB7B	0.00819672131147541
ZBTB7C	0.00819672131147541
ZBTB8B	0.01639344262295082
ZBTB9	0.00819672131147541
ZC3H10	0.00819672131147541
ZC3H11A	0.00819672131147541
ZC3H12C	0.01639344262295082
ZC3H14	0.00819672131147541
ZC3H18	0.00819672131147541
ZC3H3	0.00819672131147541
ZC3H4	0.00819672131147541
ZC3H6	0.00819672131147541
ZC3H7A	0.00819672131147541
ZC3HAV1	0.00819672131147541
ZC3HAV1L	0.00819672131147541
ZC3HC1	0.00819672131147541
ZC4H2	0.00819672131147541
ZCCHC10	0.01639344262295082
ZCCHC11	0.02459016393442623
ZCCHC12	0.01639344262295082
ZCCHC14	0.00819672131147541
ZCCHC16	0.00819672131147541
ZCCHC17	0.00819672131147541
ZCCHC18	0.00819672131147541
ZCCHC2	0.01639344262295082
ZCCHC24	0.00819672131147541
ZCCHC5	0.00819672131147541
ZCCHC6	0.01639344262295082
ZCCHC7	0.00819672131147541
ZDHHC11B	0.01639344262295082
ZDHHC14	0.01639344262295082
ZDHHC16	0.00819672131147541
ZDHHC17	0.01639344262295082
ZDHHC18	0.00819672131147541
ZDHHC21	0.00819672131147541
ZDHHC22	0.00819672131147541
ZDHHC4	0.01639344262295082
ZDHHC8	0.00819672131147541
ZEB1	0.01639344262295082
ZEB2	0.02459016393442623
ZER1	0.00819672131147541
ZFAND1	0.00819672131147541
ZFAND2B	0.00819672131147541
ZFAND4	0.00819672131147541
ZFAND5	0.00819672131147541
ZFAND6	0.00819672131147541
ZFAT	0.00819672131147541
ZFC3H1	0.02459016393442623
ZFHX2	0.00819672131147541
ZFHX3	0.05737704918032787
ZFHX4	0.07377049180327869
ZFP14	0.00819672131147541
ZFP2	0.00819672131147541
ZFP28	0.02459016393442623
ZFP30	0.00819672131147541
ZFP36	0.00819672131147541
ZFP36L2	0.01639344262295082
ZFP37	0.00819672131147541
ZFP42	0.01639344262295082
ZFP57	0.01639344262295082
ZFP64	0.01639344262295082
ZFP82	0.00819672131147541
ZFPM1	0.02459016393442623
ZFPM2	0.03278688524590164
ZFR	0.00819672131147541
ZFR2	0.00819672131147541
ZFX	0.01639344262295082
ZFYVE20	0.00819672131147541
ZFYVE26	0.02459016393442623
ZFYVE28	0.01639344262295082
ZG16B	0.00819672131147541
ZGLP1	0.00819672131147541
ZGPAT	0.00819672131147541
ZHX1	0.00819672131147541
ZHX2	0.00819672131147541
ZHX3	0.01639344262295082
ZIC1	0.01639344262295082
ZIC2	0.01639344262295082
ZIC3	0.00819672131147541
ZIC5	0.00819672131147541
ZIM2	0.02459016393442623
ZIM3	0.00819672131147541
ZKSCAN2	0.02459016393442623
ZKSCAN3	0.00819672131147541
ZKSCAN8	0.00819672131147541
ZMIZ1	0.01639344262295082
ZMIZ2	0.00819672131147541
ZMYM2	0.00819672131147541
ZMYM3	0.02459016393442623
ZMYM6	0.00819672131147541
ZMYND11	0.01639344262295082
ZMYND12	0.00819672131147541
ZMYND15	0.00819672131147541
ZMYND8	0.03278688524590164
ZNF10	0.00819672131147541
ZNF100	0.00819672131147541
ZNF106	0.02459016393442623
ZNF107	0.01639344262295082
ZNF114	0.01639344262295082
ZNF117	0.00819672131147541
ZNF12	0.01639344262295082
ZNF121	0.00819672131147541
ZNF131	0.01639344262295082
ZNF132	0.00819672131147541
ZNF133	0.00819672131147541
ZNF135	0.00819672131147541
ZNF138	0.00819672131147541
ZNF14	0.00819672131147541
ZNF142	0.01639344262295082
ZNF148	0.00819672131147541
ZNF154	0.00819672131147541
ZNF155	0.00819672131147541
ZNF157	0.00819672131147541
ZNF165	0.00819672131147541
ZNF169	0.00819672131147541
ZNF18	0.01639344262295082
ZNF180	0.00819672131147541
ZNF181	0.01639344262295082
ZNF182	0.01639344262295082
ZNF184	0.01639344262295082
ZNF185	0.03278688524590164
ZNF189	0.01639344262295082
ZNF19	0.00819672131147541
ZNF195	0.00819672131147541
ZNF197	0.01639344262295082
ZNF2	0.01639344262295082
ZNF208	0.01639344262295082
ZNF211	0.00819672131147541
ZNF213	0.00819672131147541
ZNF214	0.00819672131147541
ZNF215	0.03278688524590164
ZNF217	0.00819672131147541
ZNF219	0.02459016393442623
ZNF22	0.01639344262295082
ZNF221	0.01639344262295082
ZNF223	0.00819672131147541
ZNF224	0.00819672131147541
ZNF225	0.00819672131147541
ZNF226	0.01639344262295082
ZNF229	0.01639344262295082
ZNF235	0.00819672131147541
ZNF236	0.00819672131147541
ZNF239	0.00819672131147541
ZNF248	0.00819672131147541
ZNF253	0.00819672131147541
ZNF260	0.00819672131147541
ZNF263	0.00819672131147541
ZNF264	0.00819672131147541
ZNF266	0.00819672131147541
ZNF268	0.00819672131147541
ZNF280B	0.01639344262295082
ZNF280D	0.00819672131147541
ZNF281	0.00819672131147541
ZNF283	0.00819672131147541
ZNF284	0.00819672131147541
ZNF285	0.00819672131147541
ZNF286A	0.00819672131147541
ZNF292	0.01639344262295082
ZNF300	0.01639344262295082
ZNF304	0.00819672131147541
ZNF311	0.01639344262295082
ZNF318	0.00819672131147541
ZNF319	0.01639344262295082
ZNF320	0.00819672131147541
ZNF324	0.00819672131147541
ZNF326	0.01639344262295082
ZNF333	0.00819672131147541
ZNF335	0.00819672131147541
ZNF33A	0.00819672131147541
ZNF33B	0.01639344262295082
ZNF34	0.00819672131147541
ZNF341	0.00819672131147541
ZNF343	0.00819672131147541
ZNF345	0.00819672131147541
ZNF347	0.00819672131147541
ZNF350	0.02459016393442623
ZNF354C	0.00819672131147541
ZNF362	0.01639344262295082
ZNF365	0.00819672131147541
ZNF366	0.00819672131147541
ZNF367	0.00819672131147541
ZNF382	0.00819672131147541
ZNF385A	0.00819672131147541
ZNF385B	0.00819672131147541
ZNF385D	0.02459016393442623
ZNF391	0.00819672131147541
ZNF394	0.00819672131147541
ZNF395	0.00819672131147541
ZNF407	0.01639344262295082
ZNF408	0.00819672131147541
ZNF41	0.01639344262295082
ZNF410	0.00819672131147541
ZNF419	0.00819672131147541
ZNF423	0.01639344262295082
ZNF425	0.01639344262295082
ZNF426	0.00819672131147541
ZNF429	0.00819672131147541
ZNF43	0.01639344262295082
ZNF430	0.00819672131147541
ZNF431	0.00819672131147541
ZNF438	0.00819672131147541
ZNF439	0.01639344262295082
ZNF44	0.00819672131147541
ZNF442	0.00819672131147541
ZNF443	0.02459016393442623
ZNF444	0.01639344262295082
ZNF446	0.00819672131147541
ZNF451	0.00819672131147541
ZNF460	0.01639344262295082
ZNF462	0.01639344262295082
ZNF467	0.01639344262295082
ZNF469	0.04918032786885246
ZNF473	0.00819672131147541
ZNF48	0.00819672131147541
ZNF480	0.00819672131147541
ZNF483	0.00819672131147541
ZNF484	0.01639344262295082
ZNF485	0.00819672131147541
ZNF486	0.00819672131147541
ZNF488	0.00819672131147541
ZNF491	0.00819672131147541
ZNF493	0.00819672131147541
ZNF496	0.03278688524590164
ZNF501	0.00819672131147541
ZNF502	0.01639344262295082
ZNF507	0.00819672131147541
ZNF512	0.01639344262295082
ZNF513	0.02459016393442623
ZNF514	0.00819672131147541
ZNF516	0.00819672131147541
ZNF517	0.01639344262295082
ZNF518B	0.00819672131147541
ZNF521	0.03278688524590164
ZNF524	0.00819672131147541
ZNF526	0.00819672131147541
ZNF529	0.01639344262295082
ZNF530	0.00819672131147541
ZNF532	0.00819672131147541
ZNF534	0.00819672131147541
ZNF536	0.01639344262295082
ZNF541	0.02459016393442623
ZNF543	0.01639344262295082
ZNF544	0.00819672131147541
ZNF547	0.01639344262295082
ZNF549	0.01639344262295082
ZNF550	0.03278688524590164
ZNF552	0.00819672131147541
ZNF555	0.00819672131147541
ZNF556	0.01639344262295082
ZNF558	0.00819672131147541
ZNF560	0.01639344262295082
ZNF563	0.00819672131147541
ZNF564	0.00819672131147541
ZNF568	0.00819672131147541
ZNF570	0.00819672131147541
ZNF572	0.00819672131147541
ZNF573	0.00819672131147541
ZNF574	0.02459016393442623
ZNF577	0.00819672131147541
ZNF578	0.00819672131147541
ZNF579	0.00819672131147541
ZNF580	0.00819672131147541
ZNF581	0.00819672131147541
ZNF582	0.00819672131147541
ZNF584	0.00819672131147541
ZNF585A	0.040983606557377046
ZNF585B	0.00819672131147541
ZNF587B	0.00819672131147541
ZNF592	0.02459016393442623
ZNF593	0.00819672131147541
ZNF599	0.01639344262295082
ZNF606	0.01639344262295082
ZNF607	0.01639344262295082
ZNF608	0.01639344262295082
ZNF609	0.01639344262295082
ZNF610	0.00819672131147541
ZNF611	0.00819672131147541
ZNF614	0.00819672131147541
ZNF616	0.00819672131147541
ZNF618	0.00819672131147541
ZNF625	0.00819672131147541
ZNF627	0.02459016393442623
ZNF628	0.00819672131147541
ZNF629	0.00819672131147541
ZNF630	0.03278688524590164
ZNF638	0.04918032786885246
ZNF641	0.00819672131147541
ZNF645	0.00819672131147541
ZNF646	0.01639344262295082
ZNF648	0.00819672131147541
ZNF649	0.01639344262295082
ZNF652	0.00819672131147541
ZNF653	0.00819672131147541
ZNF660	0.00819672131147541
ZNF668	0.00819672131147541
ZNF669	0.01639344262295082
ZNF671	0.00819672131147541
ZNF672	0.01639344262295082
ZNF674	0.00819672131147541
ZNF676	0.00819672131147541
ZNF679	0.00819672131147541
ZNF688	0.00819672131147541
ZNF689	0.00819672131147541
ZNF692	0.01639344262295082
ZNF700	0.00819672131147541
ZNF701	0.00819672131147541
ZNF703	0.01639344262295082
ZNF705A	0.00819672131147541
ZNF705G	0.00819672131147541
ZNF71	0.00819672131147541
ZNF710	0.01639344262295082
ZNF711	0.00819672131147541
ZNF720	0.00819672131147541
ZNF721	0.00819672131147541
ZNF724P	0.00819672131147541
ZNF726	0.00819672131147541
ZNF728	0.00819672131147541
ZNF729	0.00819672131147541
ZNF730	0.01639344262295082
ZNF732	0.00819672131147541
ZNF736	0.00819672131147541
ZNF737	0.00819672131147541
ZNF74	0.00819672131147541
ZNF746	0.02459016393442623
ZNF750	0.00819672131147541
ZNF76	0.01639344262295082
ZNF763	0.00819672131147541
ZNF766	0.01639344262295082
ZNF768	0.00819672131147541
ZNF77	0.00819672131147541
ZNF770	0.00819672131147541
ZNF777	0.01639344262295082
ZNF780B	0.01639344262295082
ZNF782	0.00819672131147541
ZNF783	0.00819672131147541
ZNF784	0.00819672131147541
ZNF785	0.00819672131147541
ZNF786	0.00819672131147541
ZNF787	0.01639344262295082
ZNF792	0.00819672131147541
ZNF799	0.00819672131147541
ZNF8	0.00819672131147541
ZNF80	0.00819672131147541
ZNF804A	0.01639344262295082
ZNF804B	0.01639344262295082
ZNF805	0.00819672131147541
ZNF808	0.01639344262295082
ZNF81	0.00819672131147541
ZNF812	0.00819672131147541
ZNF813	0.02459016393442623
ZNF814	0.00819672131147541
ZNF827	0.01639344262295082
ZNF83	0.00819672131147541
ZNF830	0.00819672131147541
ZNF831	0.05737704918032787
ZNF835	0.00819672131147541
ZNF836	0.01639344262295082
ZNF839	0.01639344262295082
ZNF843	0.00819672131147541
ZNF846	0.00819672131147541
ZNF85	0.00819672131147541
ZNF850	0.01639344262295082
ZNF853	0.01639344262295082
ZNF862	0.03278688524590164
ZNF865	0.01639344262295082
ZNF878	0.00819672131147541
ZNF90	0.02459016393442623
ZNF91	0.01639344262295082
ZNF93	0.00819672131147541
ZNF98	0.01639344262295082
ZNF99	0.01639344262295082
ZNFX1	0.01639344262295082
ZNHIT2	0.00819672131147541
ZNRF3	0.00819672131147541
ZNRF4	0.00819672131147541
ZP2	0.00819672131147541
ZP4	0.00819672131147541
ZPBP	0.01639344262295082
ZPBP2	0.01639344262295082
ZRANB3	0.00819672131147541
ZSCAN1	0.02459016393442623
ZSCAN10	0.02459016393442623
ZSCAN18	0.00819672131147541
ZSCAN2	0.00819672131147541
ZSCAN20	0.01639344262295082
ZSCAN21	0.00819672131147541
ZSCAN22	0.01639344262295082
ZSCAN23	0.00819672131147541
ZSCAN25	0.01639344262295082
ZSCAN29	0.01639344262295082
ZSCAN4	0.00819672131147541
ZSCAN5A	0.01639344262295082
ZSCAN5B	0.01639344262295082
ZSCAN5C	0.00819672131147541
ZSCAN9	0.00819672131147541
ZSWIM1	0.00819672131147541
ZSWIM2	0.00819672131147541
ZSWIM4	0.00819672131147541
ZSWIM5	0.00819672131147541
ZSWIM6	0.00819672131147541
ZSWIM8	0.01639344262295082
ZUFSP	0.00819672131147541
ZW10	0.01639344262295082
ZXDA	0.00819672131147541
ZZEF1	0.03278688524590164
